patch_id,center_x,center_y,width,amplitude,start_step,duration_steps,recovery_steps,scenario_family,seed
1,0.4977466577495162,0.15839995668924264,0.10520412002551888,0.854128499728589,5,3,2,moving_center,9201
2,0.7058103953690072,0.0893839535998763,0.07461773273889429,0.887906482723781,3,4,2,moving_center,9201
3,0.5386617860724809,0.23220990426825694,0.0721803559861133,0.6184059554711168,4,4,2,moving_center,9201
1,0.5168240165469514,0.45089714875320763,0.11284689569097248,0.8864762426860073,3,5,2,moving_center,9202
2,0.8906134911533026,0.8863383023904917,0.0716696274465711,0.8839682344708162,4,4,2,moving_center,9202
1,0.7639304411983011,0.11416943821113049,0.13747572801795022,0.7004860872104992,4,4,2,moving_center,9203
1,0.44732969566206426,0.0967503803760212,0.09469294610225129,0.5575924324705006,2,3,2,dual_center,9201
2,0.17285317133625522,0.10035760632904642,0.11043509698218523,0.9573272626429725,2,4,2,dual_center,9201
3,0.4579598413085785,0.311756421144881,0.11656102114160394,0.730838511172535,5,3,2,dual_center,9201
1,0.5939664654803098,0.6344013756080381,0.12503221935980013,0.7129199911056774,2,4,2,dual_center,9202
2,0.3272683802392836,0.22206846736921948,0.13196712864125315,0.7645651978673197,5,4,2,dual_center,9202
1,0.7663312686364799,0.9043519357354923,0.10770363040436383,0.5865879310156019,5,3,2,dual_center,9203
1,0.9079788613385377,0.3875204500088318,0.06548963293037055,0.8035765943831794,3,5,2,anisotropic_band,9201
2,0.6701989936500159,0.7785514896820881,0.092012652157856,0.6876684502340049,5,5,2,anisotropic_band,9201
3,0.859977074235247,0.9158421466536835,0.13567979797354418,0.6938161602457258,5,4,2,anisotropic_band,9201
1,0.5253346433438453,0.7155197490193264,0.1063261605521022,0.7788183942604219,3,3,2,anisotropic_band,9202
1,0.25357340320947447,0.41335668663896175,0.09427894275668074,0.8445675385023181,3,3,2,anisotropic_band,9203
1,0.09104742715848112,0.4510210592220675,0.11011185225947402,0.9176560312262498,4,5,2,moving_center,9204
2,0.7053200011508605,0.1628603298062352,0.07732662963103323,0.9145360438555734,5,3,2,moving_center,9204
3,0.8118557852936865,0.6707767924478216,0.07801212861394143,0.6777350853376005,5,4,2,moving_center,9204
1,0.8742131031273253,0.2981987916012554,0.07432494290684775,0.6961821158242446,2,3,2,moving_center,9205
2,0.08405511780072905,0.6678800083777393,0.06471966461067626,0.7116592835618696,4,4,2,moving_center,9205
1,0.3231975688503335,0.8302208510569468,0.0692368883803076,0.5615814544968809,2,5,2,moving_center,9206
1,0.49251315585460037,0.43618467251644266,0.12190573479238898,0.7147880370097839,2,3,2,dual_center,9204
1,0.341936929766782,0.17710645610378967,0.11427952232779412,0.7114826044552967,5,3,2,dual_center,9205
1,0.8834839595116927,0.5072937802875148,0.09006220147692862,0.8562551443652651,5,3,2,dual_center,9206
1,0.7059563959603158,0.570301531338032,0.12249808774534311,0.8976031028129432,3,4,2,anisotropic_band,9204
2,0.22651852211371548,0.476430884363667,0.11070297036251184,0.801253425676095,3,3,2,anisotropic_band,9204
3,0.686941353255565,0.5143836631292344,0.07084153328076856,0.7052927765037176,5,5,2,anisotropic_band,9204
1,0.6013268710947604,0.2986064436604469,0.07913853525882479,0.8183684653449979,3,4,2,anisotropic_band,9205
1,0.20482404060071752,0.10597767536260574,0.12588726110278026,0.8677233319249118,3,5,2,anisotropic_band,9206
2,0.22654860524840376,0.8555016490090921,0.1257433563567718,0.9217216811842842,3,3,2,anisotropic_band,9206
3,0.3601804496683433,0.14943763689127498,0.08694802526108486,0.6806989934142204,3,4,2,anisotropic_band,9206
1,0.4585801477127078,0.8534629823207316,0.10225279781357682,0.9501009245214891,4,4,2,moving_center,9207
1,0.6145137702207379,0.5523187629528299,0.06488242332210926,0.7048850290153019,3,4,2,moving_center,9208
1,0.8564500890456107,0.14699859994321313,0.06666123983833054,0.6937537502708553,5,4,2,moving_center,9209
2,0.5572564218543637,0.3684304609172696,0.07208879709749617,0.7500058798570406,3,5,2,moving_center,9209
3,0.10008430298630074,0.22923169693999862,0.08064899273699414,0.9372288541886863,4,4,2,moving_center,9209
1,0.7279330250123238,0.6972972065555579,0.12685618844071497,0.8193790944116163,3,4,2,dual_center,9207
1,0.20119393293519486,0.49715259518353827,0.11854551126863208,0.865014867644121,2,5,2,dual_center,9208
2,0.5042442627018141,0.6991165405532636,0.13043096010480304,0.7056611857759426,2,5,2,dual_center,9208
1,0.801215552324031,0.37544673669055434,0.0823881531036992,0.626221730539963,4,4,2,dual_center,9209
2,0.2605572027385037,0.6263193844976574,0.11193008384656963,0.7468231119634214,2,3,2,dual_center,9209
3,0.6804143502583327,0.7300262958371077,0.10374434007604985,0.6394024773435396,5,3,2,dual_center,9209
1,0.10774461662737896,0.5155384008055354,0.0912496163791352,0.6613903366889299,2,4,2,anisotropic_band,9207
2,0.09527452984169167,0.6377662291521933,0.061739087211303896,0.6200311453359468,2,5,2,anisotropic_band,9207
3,0.6854251686552285,0.42180665340370843,0.09221204226797189,0.8420761362763206,5,4,2,anisotropic_band,9207
1,0.26857293811403826,0.6918821169109137,0.12023231518745611,0.6570956263801664,2,3,2,anisotropic_band,9208
2,0.879457803293366,0.13156635677832076,0.1033266101088696,0.9565957465212278,5,5,2,anisotropic_band,9208
1,0.6053906296806251,0.11014028438677616,0.1327970275544939,0.7131454638121745,2,3,2,anisotropic_band,9209
2,0.20267048736223692,0.4899094928197406,0.08062380946186011,0.9904356078567171,5,4,2,anisotropic_band,9209
3,0.7703950704483741,0.8849241668901843,0.0988659064505732,0.920499592741951,5,5,2,anisotropic_band,9209
1,0.6060216971552619,0.34554043766744463,0.09944101325453035,0.5705190889242091,4,5,2,moving_center,9210
2,0.451952757734774,0.8573455479436655,0.13764735261317335,0.9093215088988987,4,3,2,moving_center,9210
1,0.22955489583696587,0.6565972028054764,0.1256479690476494,0.9130435111183508,5,5,2,moving_center,9211
1,0.919608616835897,0.7736521041916585,0.07085156410684122,0.7695811833743236,3,4,2,moving_center,9212
2,0.5178572803674713,0.3540026027974608,0.09494301124758628,0.8699873542818801,5,5,2,moving_center,9212
1,0.688204459343387,0.3122404752550195,0.06870451669232054,0.8890432780956521,4,4,2,dual_center,9210
2,0.4455882663734752,0.614618445614526,0.1205707860421939,0.8931091050303108,4,3,2,dual_center,9210
3,0.8792562791082142,0.7979696232614425,0.08484483250254216,0.6944088646931512,5,3,2,dual_center,9210
1,0.4975420210539691,0.8577046568748746,0.12017854826651518,0.6566592101876143,4,4,2,dual_center,9211
1,0.8097338950332953,0.5870867878254913,0.08574853176126802,0.6159107006221911,5,4,2,dual_center,9212
2,0.4753009226119675,0.1116139740502798,0.11883817790357615,0.9466403429276232,2,5,2,dual_center,9212
1,0.7608475537765051,0.4973490566980495,0.1399643057272395,0.9250962458913361,4,3,2,anisotropic_band,9210
2,0.8338708974253408,0.8006880194327471,0.08617111403766729,0.6845260547773828,5,5,2,anisotropic_band,9210
1,0.2839789935610279,0.48053862442422085,0.09100501908063029,0.7030275351528672,4,5,2,anisotropic_band,9211
1,0.8179205927252431,0.35866010485864175,0.067127978212864,0.7199598936476671,4,3,2,anisotropic_band,9212
