scenario_family,seed,method,truth_exposure,distance_m,max_truth_risk,p95_truth_risk,high_risk_length_ratio,rain_effective_weight_mean,water_effective_weight_mean,water_effective_weight_p90,fallback_fraction,low_reliability_water_usage,source_disagreement_fraction
anisotropic_band,9201,S0_shortest,0.46670129027526036,10950.795041533209,0.6323194595330892,0.6025155906557926,0.09174714268180338,,,0.0,,0.0,0.0
anisotropic_band,9201,S1_rain_only,0.451356072813547,11115.70299172713,0.6285924224499853,0.5927040697345243,0.07146139453478288,,,0.0,,0.0,0.0
anisotropic_band,9201,S2_v1_redundant_naive,0.4529251771035496,11082.832130618624,0.6304265421753045,0.5927563271444566,0.07146190885944033,,,0.0,,0.0,0.0
anisotropic_band,9201,S3_v2_local_naive,0.45284852348912563,11084.404574953503,0.6304265421753045,0.5927563271444566,0.07145945642143764,,,0.0,,0.0,0.0
anisotropic_band,9201,S4_v2_reliability_universal,0.45105456305842595,11154.367013945548,0.6305005638355783,0.594400198704137,0.07072432932939907,0.9209849301416225,0.25998233849597774,0.7091215399267256,0.0,0.3137475930293445,0.8060820499813788
anisotropic_band,9201,S5_v2_reliability_source_specific,0.45133103031651484,11134.605356969892,0.6297282211172615,0.5941114888942306,0.07129946471301984,0.9209849301416476,0.19032712610669433,0.5201315336241766,0.0,0.3001709700879553,0.7976742429887119
anisotropic_band,9202,S0_shortest,0.46655060207695154,10950.795041533209,0.6304025597668645,0.5997069773309496,0.09077474801824385,,,0.0,,0.0,0.0
anisotropic_band,9202,S1_rain_only,0.451613570998397,11107.990858413275,0.6288783616830401,0.5914904650548364,0.07146139453478288,,,0.0,,0.0,0.0
anisotropic_band,9202,S2_v1_redundant_naive,0.45373880056348487,11075.298897109618,0.6280752640106608,0.5912097929727717,0.07146190885944033,,,0.0,,0.0,0.0
anisotropic_band,9202,S3_v2_local_naive,0.45369780524538805,11074.005004130777,0.62788713691458,0.5912809169591925,0.07206357886147144,,,0.0,,0.0,0.0
anisotropic_band,9202,S4_v2_reliability_universal,0.4511729769515793,11155.588029624709,0.6290426514093157,0.591992254378988,0.07079363842174122,0.920984930141594,0.26062230631136674,0.7204393325912837,0.0,0.3099104279519324,0.8061221909677123
anisotropic_band,9202,S5_v2_reliability_source_specific,0.45181558759413737,11124.97835593802,0.6293092954841741,0.5923781380720108,0.07169494957717347,0.9209849301416508,0.1899225216593885,0.527338994579498,0.0,0.30360310966549636,0.7966654652750168
anisotropic_band,9203,S0_shortest,0.46705574283540247,10950.795041533209,0.6317818687162744,0.6026839685075378,0.09030926394386392,,,0.0,,0.0,0.0
anisotropic_band,9203,S1_rain_only,0.4516138459967821,11128.957161353188,0.6268394278192201,0.5938993436682317,0.07273890350067894,,,0.0,,0.0,0.0
anisotropic_band,9203,S2_v1_redundant_naive,0.45355553462854153,11087.092970292726,0.6275397592483443,0.5934787382961579,0.07273886628565321,,,0.0,,0.0,0.0
anisotropic_band,9203,S3_v2_local_naive,0.4535134234103105,11087.238342059729,0.6275397592483443,0.593502623655123,0.0727337065827563,,,0.0,,0.0,0.0
anisotropic_band,9203,S4_v2_reliability_universal,0.45190209586589825,11157.78887156623,0.6292403595579802,0.5958491899356119,0.07090539917546666,0.9209849301415892,0.2624762571371546,0.7182311439724112,0.0,0.316389321204876,0.8095344682531056
anisotropic_band,9203,S5_v2_reliability_source_specific,0.45190639564915924,11139.632352641598,0.6278006556312365,0.5945462479387336,0.07201026730403416,0.9209849301416213,0.1910880390815277,0.5214112563892651,0.0,0.30861646003645055,0.7961192611252996
anisotropic_band,9204,S0_shortest,0.46832062060434837,10950.795041533209,0.6358330211105638,0.6040203855867102,0.09069547088157606,,,0.0,,0.0,0.0
anisotropic_band,9204,S1_rain_only,0.45239229948684495,11128.957161353188,0.630294367961782,0.593407478269139,0.07177330025061986,,,0.0,,0.0,0.0
anisotropic_band,9204,S2_v1_redundant_naive,0.45429479317432264,11083.222644936375,0.6322396233291548,0.5931902386176002,0.0717748363637089,,,0.0,,0.0,0.0
anisotropic_band,9204,S3_v2_local_naive,0.4542864631185859,11083.105993246538,0.6322396233291548,0.5931902386176002,0.07177510649830834,,,0.0,,0.0,0.0
anisotropic_band,9204,S4_v2_reliability_universal,0.45274863161118817,11152.363482483026,0.6325158712410772,0.5961823255014108,0.0707074757642233,0.9209849301416336,0.257225429897168,0.704207200012351,0.0,0.3041898808430705,0.8162679250050094
anisotropic_band,9204,S5_v2_reliability_source_specific,0.45235810779786445,11145.460539164336,0.631864531977641,0.5947133428289451,0.07143460177885519,0.920984930141643,0.18945025937739762,0.5172443347803675,0.0,0.29510856669522734,0.8022085756431162
anisotropic_band,9205,S0_shortest,0.4666419752715739,10950.795041533209,0.6332354868695877,0.6024645332682739,0.08936175984848142,,,0.0,,0.0,0.0
anisotropic_band,9205,S1_rain_only,0.4515753989340185,11107.466888633133,0.6301095376193397,0.5938703371360322,0.0729659415220861,,,0.0,,0.0,0.0
anisotropic_band,9205,S2_v1_redundant_naive,0.4530403349985298,11081.533548911659,0.6301418101061157,0.5934452787998535,0.07296902578226394,,,0.0,,0.0,0.0
anisotropic_band,9205,S3_v2_local_naive,0.45300196870594395,11082.582023466395,0.6301418101061157,0.5934452787998535,0.07296510779626507,,,0.0,,0.0,0.0
anisotropic_band,9205,S4_v2_reliability_universal,0.4520070227532246,11141.347964492865,0.6308599340096532,0.5952995815275463,0.07144006511460732,0.9209849301416378,0.2644743123932494,0.7162119585192502,0.0,0.31489335772248556,0.8127302905546853
anisotropic_band,9205,S5_v2_reliability_source_specific,0.45173440893325484,11130.535577391198,0.6303642230368559,0.5947390427705872,0.07227177040845421,0.9209849301416594,0.19261584033676737,0.5234728275435359,0.0,0.3042694274208964,0.8003092055099807
anisotropic_band,9206,S0_shortest,0.46785790614187817,10950.795041533209,0.6312413516101092,0.6017007992174926,0.09189671802309723,,,0.0,,0.0,0.0
anisotropic_band,9206,S1_rain_only,0.45276599766180925,11107.990858413275,0.6284230698848667,0.5917415788726162,0.07166170997305138,,,0.0,,0.0,0.0
anisotropic_band,9206,S2_v1_redundant_naive,0.4545501661930684,11078.459554452613,0.6282734088394268,0.5918614694900245,0.07166226103732304,,,0.0,,0.0,0.0
anisotropic_band,9206,S3_v2_local_naive,0.45451796746692824,11079.50802900735,0.6282734088394268,0.5918614694900245,0.07165980859932035,,,0.0,,0.0,0.0
anisotropic_band,9206,S4_v2_reliability_universal,0.45207876085834164,11157.515840998214,0.6287665083492635,0.5928545073143358,0.07008979974923199,0.9209849301416168,0.2552932551692057,0.705491230462477,0.0,0.3082780945201537,0.8045801208299277
anisotropic_band,9206,S5_v2_reliability_source_specific,0.4527209028745918,11133.276404995271,0.6280794497112002,0.5924948921719226,0.07092194385737974,0.9209849301416534,0.1877243702672379,0.5172340021737308,0.0,0.3014977110386765,0.7948766396356391
anisotropic_band,9207,S0_shortest,0.468163390125966,10950.795041533209,0.6330801525340778,0.602585663137223,0.09215580361760609,,,0.0,,0.0,0.0
anisotropic_band,9207,S1_rain_only,0.4526216849861836,11129.48113113333,0.6288464258520475,0.5936135769956762,0.07298832847005321,,,0.0,,0.0,0.0
anisotropic_band,9207,S2_v1_redundant_naive,0.45545666870075047,11072.940260797937,0.6300032452946096,0.5940370958551686,0.07299304512736583,,,0.0,,0.0,0.0
anisotropic_band,9207,S3_v2_local_naive,0.4554476686538566,11071.02255012167,0.62981399856544,0.5939856066485081,0.07350843126947669,,,0.0,,0.0,0.0
anisotropic_band,9207,S4_v2_reliability_universal,0.4525062400481788,11162.531545452293,0.6306231891023488,0.5949136340626564,0.07123170487695374,0.9209849301415839,0.2613273293169704,0.717385342333564,0.0,0.3138821897409817,0.8110445048583736
anisotropic_band,9207,S5_v2_reliability_source_specific,0.45312554182559617,11134.432972137978,0.6299231843101534,0.5946162433989035,0.07199506056144496,0.9209849301416251,0.19007827701709742,0.5291952318438878,0.0,0.3038993211593389,0.8019991063801406
anisotropic_band,9208,S0_shortest,0.4683330529470101,10950.795041533209,0.6336942452693728,0.6032169800758377,0.09278764867061073,,,0.0,,0.0,0.0
anisotropic_band,9208,S1_rain_only,0.45319731663166135,11107.990858413275,0.6313681034349826,0.5939070297379965,0.07198207072504668,,,0.0,,0.0,0.0
anisotropic_band,9208,S2_v1_redundant_naive,0.45524242659249664,11077.26320162451,0.6310625432903828,0.5937902098977634,0.07197602903922577,,,0.0,,0.0,0.0
anisotropic_band,9208,S3_v2_local_naive,0.45520699850080176,11077.887019321934,0.6310625432903828,0.5939762652977941,0.07197611402272774,,,0.0,,0.0,0.0
anisotropic_band,9208,S4_v2_reliability_universal,0.4528560480366091,11153.370172498857,0.6321906284957248,0.5953360584751429,0.07246491837886314,0.9209849301416105,0.25500593848723296,0.7123927886070338,0.0,0.3083618259440362,0.806594173311408
anisotropic_band,9208,S5_v2_reliability_source_specific,0.45284493967993983,11139.116873592464,0.6318233049951117,0.5945938658809039,0.0725661795093046,0.9209849301416376,0.18447170554436976,0.518241675514413,0.0,0.3010790450431987,0.7966944917886151
anisotropic_band,9209,S0_shortest,0.4685480193589135,10950.795041533209,0.6330389261607083,0.6026944614632761,0.09339171430566597,,,0.0,,0.0,0.0
anisotropic_band,9209,S1_rain_only,0.4533754425545232,11107.466888633133,0.6289929940932497,0.5936799962578269,0.07523966838269239,,,0.0,,0.0,0.0
anisotropic_band,9209,S2_v1_redundant_naive,0.4547729746543241,11083.797561028634,0.6290101175491198,0.5929522648206524,0.07524294565771647,,,0.0,,0.0,0.0
anisotropic_band,9209,S3_v2_local_naive,0.4546907268413164,11084.828696816365,0.6290101175491198,0.593049362167617,0.0752390222786817,,,0.0,,0.0,0.0
anisotropic_band,9209,S4_v2_reliability_universal,0.45287748834834973,11159.869617419045,0.6301488116992415,0.5947096771363216,0.07155702186895183,0.9209849301416003,0.2623338986044607,0.7107587250097432,0.0,0.31894096649810183,0.8055055935432801
anisotropic_band,9209,S5_v2_reliability_source_specific,0.453164352368864,11135.257887899188,0.6294069706705004,0.5938476086234804,0.07304709344340866,0.9209849301416142,0.19160884739453363,0.5271234158818733,0.0,0.30915437880999336,0.7945146805286704
anisotropic_band,9210,S0_shortest,0.4668198896188428,10950.795041533209,0.6334550234873341,0.6040777966506861,0.09286347180887711,,,0.0,,0.0,0.0
anisotropic_band,9210,S1_rain_only,0.4511182711665398,11129.48113113333,0.6283066979862633,0.5955960470776287,0.07199901725635552,,,0.0,,0.0,0.0
anisotropic_band,9210,S2_v1_redundant_naive,0.4530603283154446,11083.997256863198,0.6299407488782508,0.5950151575953343,0.07200354384919475,,,0.0,,0.0,0.0
anisotropic_band,9210,S3_v2_local_naive,0.45306828659209647,11083.45594831605,0.6299407488782508,0.5951678229303431,0.07200358890035083,,,0.0,,0.0,0.0
anisotropic_band,9210,S4_v2_reliability_universal,0.451327170022777,11160.769649147329,0.6297469861313251,0.5960019320108266,0.07161590274822073,0.920984930141596,0.260205121068303,0.703038839015473,0.0,0.31087379246681124,0.8100436637327065
anisotropic_band,9210,S5_v2_reliability_source_specific,0.4516148426251101,11137.366036448118,0.6291662551867181,0.5959198659534785,0.07197337477526673,0.9209849301416426,0.1912265522956717,0.5181740952198235,0.0,0.3030882261324026,0.7997201700006233
anisotropic_band,9211,S0_shortest,0.46712763432040694,10950.795041533209,0.6320000417178377,0.6012734747334937,0.09120125365972159,,,0.0,,0.0,0.0
anisotropic_band,9211,S1_rain_only,0.45175003427287086,11115.70299172713,0.626715522541951,0.5927766637205228,0.07192355299047058,,,0.0,,0.0,0.0
anisotropic_band,9211,S2_v1_redundant_naive,0.4532783123779394,11086.32852236363,0.6277138016536838,0.5924391805181554,0.07192246353454207,,,0.0,,0.0,0.0
anisotropic_band,9211,S3_v2_local_naive,0.45323414184197697,11086.852492143773,0.6277138016536838,0.5924391805181554,0.07192246353454207,,,0.0,,0.0,0.0
anisotropic_band,9211,S4_v2_reliability_universal,0.4520107332287957,11150.351754205984,0.629264861346151,0.5947437810986,0.07109649362629063,0.9209849301416059,0.2626890736379895,0.7204933822776723,0.0,0.3147746461173937,0.8129412521258498
anisotropic_band,9211,S5_v2_reliability_source_specific,0.45193779979593446,11134.451622304607,0.627876645829497,0.5937059563171132,0.07132949488053489,0.9209849301416161,0.1915995956207138,0.5207088363451691,0.0,0.3041562575612597,0.8011875345531736
anisotropic_band,9212,S0_shortest,0.4663806819925166,10950.795041533209,0.6320303186498748,0.6013924116361723,0.09202997976472937,,,0.0,,0.0,0.0
anisotropic_band,9212,S1_rain_only,0.4511863014623941,11115.70299172713,0.6272293833800417,0.5914997504577095,0.07178034425816703,,,0.0,,0.0,0.0
anisotropic_band,9212,S2_v1_redundant_naive,0.4526600038472748,11084.450633797676,0.6291932807463695,0.5915633510693391,0.07177400084232237,,,0.0,,0.0,0.0
anisotropic_band,9212,S3_v2_local_naive,0.45265198323665184,11084.496692641847,0.6291932807463695,0.5915633510693391,0.07176952502659784,,,0.0,,0.0,0.0
anisotropic_band,9212,S4_v2_reliability_universal,0.45017494683172865,11169.590214389184,0.6290406271743627,0.5934211625206168,0.07101478090273448,0.9209849301415884,0.2548483187407159,0.7074107650598462,0.0,0.30968816407890837,0.8102097884697992
anisotropic_band,9212,S5_v2_reliability_source_specific,0.45053291982525284,11144.962486208218,0.6281739746582748,0.5922503825393256,0.07158551420859968,0.9209849301416159,0.18608798347761485,0.5189184743119408,0.0,0.3006820966428353,0.8000351915483493
dual_center,9201,S0_shortest,0.48514111464685084,10950.795041533209,0.6227483896565186,0.5937739036279573,0.11425941799019439,,,0.0,,0.0,0.0
dual_center,9201,S1_rain_only,0.45251243986434575,11242.229964040313,0.5891933748962189,0.5546020214310965,0.0583948983244103,,,0.0,,0.0,0.0
dual_center,9201,S2_v1_redundant_naive,0.45497356275133294,11165.913746739312,0.5939479890309914,0.5598611951287674,0.06012274635605719,,,0.0,,0.0,0.0
dual_center,9201,S3_v2_local_naive,0.45488958668958573,11165.938901737294,0.5935521051484081,0.5596598572165519,0.06012274635605719,,,0.0,,0.0,0.0
dual_center,9201,S4_v2_reliability_universal,0.45401069178266784,11207.462565262493,0.5919668438069151,0.5578159828775885,0.06218979792252785,0.9209849301417307,0.23882189446239602,0.6629831700493124,0.0,0.3064442389415832,0.7574168948427751
dual_center,9201,S5_v2_reliability_source_specific,0.4539303646113118,11208.397012340934,0.591792641304923,0.5575812401943655,0.06219025844980086,0.9209849301417271,0.17487221652517984,0.4901599034892822,0.0,0.30352388200529656,0.758488209719982
dual_center,9202,S0_shortest,0.4856297626201573,10950.795041533209,0.6237643213089366,0.5939623515361699,0.10930193495338326,,,0.0,,0.0,0.0
dual_center,9202,S1_rain_only,0.45338452366332627,11242.229964040313,0.5897098384279388,0.5548607392374562,0.06005918424234494,,,0.0,,0.0,0.0
dual_center,9202,S2_v1_redundant_naive,0.45431935086853065,11212.24840559356,0.5914535893595568,0.5568549463550948,0.06024366917905695,,,0.0,,0.0,0.0
dual_center,9202,S3_v2_local_naive,0.45433118119174193,11212.11367360817,0.5914535893595568,0.5568549463550948,0.06024439187381121,,,0.0,,0.0,0.0
dual_center,9202,S4_v2_reliability_universal,0.45445866014009717,11222.742578459958,0.5917914692364787,0.5573510036497672,0.06309711676242699,0.9209849301417327,0.23738546176500447,0.6664703822449607,0.0,0.3072661923729669,0.7637743422104428
dual_center,9202,S5_v2_reliability_source_specific,0.454282317022112,11228.018757750739,0.5913760550558637,0.556815031593391,0.06235024282725162,0.9209849301417268,0.17615469531520384,0.4986862452132015,0.0,0.30554883017566964,0.7646514292155648
dual_center,9203,S0_shortest,0.48332649734835437,10950.795041533209,0.6228360161722535,0.5937874162439738,0.10849043247466067,,,0.0,,0.0,0.0
dual_center,9203,S1_rain_only,0.45082138363713165,11242.229964040313,0.5904984033380831,0.5547065130899148,0.060441279395109015,,,0.0,,0.0,0.0
dual_center,9203,S2_v1_redundant_naive,0.45318432196637937,11166.474017361386,0.595079289329027,0.5597543717181417,0.06216961486530127,,,0.0,,0.0,0.0
dual_center,9203,S3_v2_local_naive,0.45318432196637937,11166.474017361386,0.595079289329027,0.5597543717181417,0.06216961486530127,,,0.0,,0.0,0.0
dual_center,9203,S4_v2_reliability_universal,0.45185501935703365,11221.286008344463,0.5922490495713443,0.5570066059452775,0.06346998986145765,0.9209849301417291,0.2408611437517345,0.67223355676511,0.0,0.3088578740062212,0.7606119316765583
dual_center,9203,S5_v2_reliability_source_specific,0.45175324909796344,11226.558441106035,0.5919969331442229,0.5566814216614399,0.063470491342191,0.9209849301417223,0.17870619016571943,0.49990899558655966,0.0,0.3080067532222958,0.7623398338847848
dual_center,9204,S0_shortest,0.484973851087463,10950.795041533209,0.6226932334752332,0.5930272739946388,0.11055314317427531,,,0.0,,0.0,0.0
dual_center,9204,S1_rain_only,0.45277960765856,11244.870191103866,0.587761987955622,0.5542979092011013,0.061564861035045305,,,0.0,,0.0,0.0
dual_center,9204,S2_v1_redundant_naive,0.4541487735820033,11203.73763884654,0.5903470127822965,0.5571338093191732,0.06174950277816129,,,0.0,,0.0,0.0
dual_center,9204,S3_v2_local_naive,0.4541585199314174,11203.23882406438,0.5903470127822965,0.5571338093191732,0.06174950277816129,,,0.0,,0.0,0.0
dual_center,9204,S4_v2_reliability_universal,0.45416542577306346,11213.128718560709,0.5906668728538405,0.557748417002472,0.06528851290495193,0.9209849301417288,0.23912215446114385,0.6699697903235495,0.0,0.3107613296563276,0.7646693472516126
dual_center,9204,S5_v2_reliability_source_specific,0.4539115301028672,11219.446750849642,0.5901316553265185,0.5569062387677058,0.0645334782720294,0.9209849301417198,0.1739800923149797,0.4935502804871968,0.0,0.30606320720550084,0.7678984503207948
dual_center,9205,S0_shortest,0.4847088810591629,10950.795041533209,0.6233910698366388,0.5934283774688659,0.1148832319060692,,,0.0,,0.0,0.0
dual_center,9205,S1_rain_only,0.45195013021965197,11244.870191103866,0.589765409769985,0.5547688692106901,0.061381375093508835,,,0.0,,0.0,0.0
dual_center,9205,S2_v1_redundant_naive,0.4543841579205909,11168.066304864653,0.5941726905233439,0.5600712526890851,0.063032684115795,,,0.0,,0.0,0.0
dual_center,9205,S3_v2_local_naive,0.45439377370649414,11167.567490082492,0.5941726905233439,0.5600712526890851,0.063032684115795,,,0.0,,0.0,0.0
dual_center,9205,S4_v2_reliability_universal,0.4532602256089013,11214.447778404077,0.5930398837642644,0.5576474176415365,0.06508189801202782,0.9209849301417323,0.23695379322330978,0.6638396480266423,0.0,0.3062672257188073,0.7652080574076361
dual_center,9205,S5_v2_reliability_source_specific,0.4530815845223204,11219.750454125155,0.5921320727182068,0.5570946316853838,0.06508189801202782,0.920984930141723,0.17353380277034217,0.49203852149364424,0.0,0.3038311899961378,0.7670682701351992
dual_center,9206,S0_shortest,0.483360723915897,10950.795041533209,0.6217744545025694,0.5906289432235549,0.10824651981036412,,,0.0,,0.0,0.0
dual_center,9206,S1_rain_only,0.45083611144720476,11244.870191103866,0.5864420608650482,0.5520263719228692,0.060608085764588114,,,0.0,,0.0,0.0
dual_center,9206,S2_v1_redundant_naive,0.4532943241979049,11169.052788585026,0.5911823563991059,0.5571880254126277,0.06233644687645498,,,0.0,,0.0,0.0
dual_center,9206,S3_v2_local_naive,0.45330404959806875,11168.553973802866,0.5911823563991059,0.5571880254126277,0.06233644687645498,,,0.0,,0.0,0.0
dual_center,9206,S4_v2_reliability_universal,0.4524301614233359,11210.93982214051,0.5898450903019637,0.5554947189011316,0.06440939064563732,0.9209849301417304,0.24095474275939474,0.6686585417494144,0.0,0.3045490518395001,0.7702217380907969
dual_center,9206,S5_v2_reliability_source_specific,0.45215960330585137,11220.181851929901,0.589294837900281,0.5548973312641207,0.06365435601271481,0.9209849301417272,0.18162814180021827,0.5112686045415114,0.0,0.3037670596978694,0.7729634248040946
dual_center,9207,S0_shortest,0.48402626886902617,10950.795041533209,0.6231201132968921,0.5940631544895059,0.10772742110632437,,,0.0,,0.0,0.0
dual_center,9207,S1_rain_only,0.45152045434150834,11242.229964040313,0.5890402395630758,0.5549194868347455,0.06043090144257112,,,0.0,,0.0,0.0
dual_center,9207,S2_v1_redundant_naive,0.45367352466191135,11176.52676161571,0.5933278227590539,0.5596757915375834,0.06202764819456734,,,0.0,,0.0,0.0
dual_center,9207,S3_v2_local_naive,0.4536979745391713,11175.030317269227,0.5933278227590539,0.5596757915375834,0.06202764819456734,,,0.0,,0.0,0.0
dual_center,9207,S4_v2_reliability_universal,0.4526916048075099,11221.813326679907,0.5913107740563798,0.5576138686461068,0.06481206094002066,0.9209849301417311,0.2403259138455488,0.6703917787513595,0.0,0.3077423629830656,0.754424226904541
dual_center,9207,S5_v2_reliability_source_specific,0.4525023765849099,11228.049863030961,0.5908548297532995,0.557099302988495,0.0640680697761025,0.9209849301417248,0.17806414776033458,0.5033470197927774,0.0,0.3057041433862778,0.7558018903084118
dual_center,9208,S0_shortest,0.4859226430082289,10950.795041533209,0.6215242136421882,0.592657049526691,0.10182645074074845,,,0.0,,0.0,0.0
dual_center,9208,S1_rain_only,0.4545380411192358,11253.083586348912,0.5905693553581219,0.5561401692632914,0.0596741671826635,,,0.0,,0.0,0.0
dual_center,9208,S2_v1_redundant_naive,0.4570825281355178,11165.938901737294,0.5951652560022826,0.561591528655695,0.061283248056761636,,,0.0,,0.0,0.0
dual_center,9208,S3_v2_local_naive,0.45709929736516336,11165.369818822403,0.5951652560022826,0.561591528655695,0.061283248056761636,,,0.0,,0.0,0.0
dual_center,9208,S4_v2_reliability_universal,0.4562328182805943,11204.096165215913,0.5935969822548386,0.5596830549201643,0.06402053594597157,0.9209849301417382,0.24046856288212135,0.6691998361526555,0.0,0.30551374509899576,0.7574156435338951
dual_center,9208,S5_v2_reliability_source_specific,0.45588543411721405,11215.017048018379,0.5930514901143878,0.5590456140551833,0.06255585679796567,0.9209849301417364,0.18029617503372616,0.5071797515896299,0.0,0.3043760636267674,0.7590931437992765
dual_center,9209,S0_shortest,0.4832380477764183,10950.795041533209,0.6202459143001778,0.5909440775227927,0.1114698407837375,,,0.0,,0.0,0.0
dual_center,9209,S1_rain_only,0.4509569041062201,11244.870191103866,0.5866761297423744,0.552976038578727,0.05969993242909302,,,0.0,,0.0,0.0
dual_center,9209,S2_v1_redundant_naive,0.4532681980677437,11166.972832143547,0.5919224506669073,0.5580111607711298,0.06137844646765841,,,0.0,,0.0,0.0
dual_center,9209,S3_v2_local_naive,0.4532765530067721,11166.474017361386,0.5919224506669073,0.5580111607711298,0.06137844646765841,,,0.0,,0.0,0.0
dual_center,9209,S4_v2_reliability_universal,0.45229704687321376,11213.185609425076,0.5899663453286487,0.5559704218480976,0.06269131978342297,0.9209849301417293,0.23770292551260913,0.6697657910867448,0.0,0.30823431504986726,0.7716680768117986
dual_center,9209,S5_v2_reliability_source_specific,0.4520929637029375,11219.730669730798,0.5890410749626588,0.5553798382812974,0.062691780310696,0.9209849301417214,0.17408042331566467,0.5001854495164507,0.0,0.3065222647823393,0.7747233166937376
dual_center,9210,S0_shortest,0.48267175787203753,10950.795041533209,0.620303883389209,0.5916805684485299,0.09829975617378672,,,0.0,,0.0,0.0
dual_center,9210,S1_rain_only,0.45005248851426405,11242.229964040313,0.587627086777083,0.5528163365636417,0.055248401015617385,,,0.0,,0.0,0.0
dual_center,9210,S2_v1_redundant_naive,0.452434446069351,11165.451232799081,0.5919437339017682,0.5579132995987393,0.056749444607899116,,,0.0,,0.0,0.0
dual_center,9210,S3_v2_local_naive,0.452434446069351,11165.451232799081,0.5919437339017682,0.5579132995987393,0.056749444607899116,,,0.0,,0.0,0.0
dual_center,9210,S4_v2_reliability_universal,0.4514911313637665,11205.772152415648,0.590669788488705,0.5561438786470205,0.05885797665603234,0.920984930141737,0.23696616568960585,0.666142974679161,0.0,0.30435242510610405,0.7614877168159957
dual_center,9210,S5_v2_reliability_source_specific,0.45125958969183816,11212.50225299814,0.5901616910656149,0.5555328869894086,0.0581160094422216,0.9209849301417288,0.17546399980995547,0.498494448705766,0.0,0.3018298831250289,0.762724163809475
dual_center,9211,S0_shortest,0.48371403236003374,10950.795041533209,0.6221212922030678,0.5918473924235769,0.11027685065866155,,,0.0,,0.0,0.0
dual_center,9211,S1_rain_only,0.4504552222111924,11253.083586348912,0.5889652344176883,0.5525143105552467,0.061476612385042206,,,0.0,,0.0,0.0
dual_center,9211,S2_v1_redundant_naive,0.45187426240851386,11210.177681470972,0.5910355906083277,0.5555063414561067,0.061661218973784696,,,0.0,,0.0,0.0
dual_center,9211,S3_v2_local_naive,0.45187426240851386,11210.177681470972,0.5910355906083277,0.5555063414561067,0.061661218973784696,,,0.0,,0.0,0.0
dual_center,9211,S4_v2_reliability_universal,0.45185848954469865,11228.864780359236,0.5911998330660463,0.5552033604719876,0.06594093327705189,0.9209849301417274,0.24403433493169344,0.6741605734973563,0.0,0.3094945196052182,0.7612976256815848
dual_center,9211,S5_v2_reliability_source_specific,0.45168170521629575,11230.233668421435,0.5909076406181973,0.5549345162863233,0.06520884743945513,0.9209849301417251,0.18037259492712485,0.505430748832169,0.0,0.30742572341085433,0.7632608774915304
dual_center,9212,S0_shortest,0.48345805836662076,10950.795041533209,0.621347093960719,0.5922312151057784,0.10887818073048572,,,0.0,,0.0,0.0
dual_center,9212,S1_rain_only,0.45046201262703744,11253.083586348912,0.5878171384076246,0.5516030893880709,0.05900294487784153,,,0.0,,0.0,0.0
dual_center,9212,S2_v1_redundant_naive,0.4518968983205232,11209.14375106472,0.5904471496280169,0.554874808168998,0.059187326480919934,,,0.0,,0.0,0.0
dual_center,9212,S3_v2_local_naive,0.4525148214522276,11199.589821592554,0.5915881858523009,0.5560836028414663,0.06065404123972465,,,0.0,,0.0,0.0
dual_center,9212,S4_v2_reliability_universal,0.451817155270788,11224.545097555216,0.5901429419954706,0.5545016910393792,0.06195099396360179,0.9209849301417343,0.23881053849407374,0.6634306585423081,0.0,0.30621614821497944,0.7676898732778286
dual_center,9212,S5_v2_reliability_source_specific,0.4517999689230119,11225.083017342706,0.5901429419954706,0.5545016910393792,0.061951448498795775,0.9209849301417314,0.1786367009952217,0.5012259389707153,0.0,0.3061195120750782,0.7697260431981773
moving_center,9201,S0_shortest,0.405317893283069,10950.795041533209,0.5176373910649641,0.48984908898254004,0.0002760051818880705,,,0.0,,0.0,0.0
moving_center,9201,S1_rain_only,0.3910297183785702,11128.555551019315,0.5079774964367226,0.4742991379083951,3.395206018169757e-05,,,0.0,,0.0,0.0
moving_center,9201,S2_v1_redundant_naive,0.3939842013545618,11057.530761036765,0.5090204022321952,0.47819270077916176,5.974990309784825e-05,,,0.0,,0.0,0.0
moving_center,9201,S3_v2_local_naive,0.39390750570449606,11059.623113650936,0.5090204022321952,0.47819270077916176,5.9681401837056475e-05,,,0.0,,0.0,0.0
moving_center,9201,S4_v2_reliability_universal,0.3921121663028583,11100.502919530076,0.5086782359653863,0.4767508762845128,3.0393886785279684e-05,0.920984930141698,0.235178590037318,0.6499317490042515,0.0,0.3054566287053457,0.9074104062013346
moving_center,9201,S5_v2_reliability_source_specific,0.3922106091917192,11096.231090415784,0.5088258367220075,0.47684711924098955,3.0393886785279684e-05,0.9209849301416939,0.17776713216623632,0.491404299553319,0.0,0.3099433932677083,0.9025544478050186
moving_center,9202,S0_shortest,0.406118810225823,10950.795041533209,0.5191174646535548,0.4901337406384184,4.032753768235004e-05,,,0.0,,0.0,0.0
moving_center,9202,S1_rain_only,0.3922088762545837,11128.555551019315,0.5071599333982418,0.4748369031983127,4.970914836082796e-06,,,0.0,,0.0,0.0
moving_center,9202,S2_v1_redundant_naive,0.3959239710282709,11043.02913520758,0.509410439294392,0.48045172900117494,4.970914836082796e-06,,,0.0,,0.0,0.0
moving_center,9202,S3_v2_local_naive,0.3959239710282709,11043.02913520758,0.509410439294392,0.48045172900117494,4.970914836082796e-06,,,0.0,,0.0,0.0
moving_center,9202,S4_v2_reliability_universal,0.3932471583637499,11101.44019403405,0.5083963422593065,0.47745072199348265,4.97239973616401e-06,0.9209849301416803,0.23925504880264464,0.6576786608014246,0.0,0.3179472914381204,0.9053069422563511
moving_center,9202,S5_v2_reliability_source_specific,0.39313541940146607,11102.949661154862,0.5080529884733771,0.47684967137433265,4.97239973616401e-06,0.9209849301416839,0.1747003642844305,0.4850980014341702,0.0,0.31734405096573626,0.902046312686446
moving_center,9203,S0_shortest,0.405164855640913,10950.795041533209,0.5174314341423601,0.48921660209934975,4.032753768235004e-05,,,0.0,,0.0,0.0
moving_center,9203,S1_rain_only,0.3910885706972952,11128.555551019315,0.5076274611692204,0.47382694952457266,4.970914836082796e-06,,,0.0,,0.0,0.0
moving_center,9203,S2_v1_redundant_naive,0.3950343285796202,11036.1203240276,0.5090228497746481,0.48030013726698395,4.970914836082796e-06,,,0.0,,0.0,0.0
moving_center,9203,S3_v2_local_naive,0.3950042500549562,11036.644293807743,0.5090228497746481,0.48030013726698395,4.970914836082796e-06,,,0.0,,0.0,0.0
moving_center,9203,S4_v2_reliability_universal,0.3923516198361256,11094.782332325298,0.5087839097838661,0.4774436718602417,4.97239973616401e-06,0.920984930141675,0.23538173147446959,0.650493914436223,0.0,0.3180220921260982,0.9036540276541947
moving_center,9203,S5_v2_reliability_source_specific,0.3922524468969434,11095.341527052742,0.508524677211977,0.4770428804207178,4.97239973616401e-06,0.9209849301416725,0.1716776363381986,0.47401894390812377,0.0,0.3170320543524171,0.8973999817045104
moving_center,9204,S0_shortest,0.4069610688007024,10950.795041533209,0.5192700625235698,0.49163250714774936,4.032753768235004e-05,,,0.0,,0.0,0.0
moving_center,9204,S1_rain_only,0.39013195720701316,11203.364420923224,0.5115544101212205,0.473551933576356,4.970914836082796e-06,,,0.0,,0.0,0.0
moving_center,9204,S2_v1_redundant_naive,0.39647696936676186,11042.515695708993,0.5111716128051309,0.4824751606612374,4.970914836082796e-06,,,0.0,,0.0,0.0
moving_center,9204,S3_v2_local_naive,0.39647696936676186,11042.515695708993,0.5111716128051309,0.4824751606612374,4.970914836082796e-06,,,0.0,,0.0,0.0
moving_center,9204,S4_v2_reliability_universal,0.39347619205162343,11105.179667722556,0.5104283975523849,0.47857954362845784,4.97239973616401e-06,0.9209849301416606,0.23241021114993943,0.6463849273654646,0.0,0.30818521422381245,0.9037960775083037
moving_center,9204,S5_v2_reliability_source_specific,0.3924562429522082,11129.213541120133,0.5106117985905555,0.4769682982461862,4.97239973616401e-06,0.9209849301416477,0.17207130490229572,0.47669901249044533,0.0,0.30977174112315226,0.9032309951156376
moving_center,9205,S0_shortest,0.4060010610805035,10950.795041533209,0.5175271644484479,0.49136990142616777,4.032753768235004e-05,,,0.0,,0.0,0.0
moving_center,9205,S1_rain_only,0.39180835331993674,11128.555551019315,0.5082066927217791,0.4764951321859053,4.970914836082796e-06,,,0.0,,0.0,0.0
moving_center,9205,S2_v1_redundant_naive,0.39554938818391777,11043.553104987723,0.5094496454936319,0.4830800563375965,4.970914836082796e-06,,,0.0,,0.0,0.0
moving_center,9205,S3_v2_local_naive,0.39554938818391777,11043.553104987723,0.5094496454936319,0.4830800563375965,4.970914836082796e-06,,,0.0,,0.0,0.0
moving_center,9205,S4_v2_reliability_universal,0.3926166821623583,11108.877799906102,0.5088490944398928,0.47921460083434564,4.97239973616401e-06,0.9209849301416828,0.23685320212215158,0.6593570053934039,0.0,0.30882292494642616,0.9046061134926742
moving_center,9205,S5_v2_reliability_source_specific,0.3928109643732612,11100.373818941283,0.5086017786446567,0.4791198154922268,4.97239973616401e-06,0.9209849301416808,0.17410488755198206,0.4854739550291611,0.0,0.3090276518600383,0.8977894631103434
moving_center,9206,S0_shortest,0.40583987212181605,10950.795041533209,0.5181751325579222,0.4922169980238879,4.032753768235004e-05,,,0.0,,0.0,0.0
moving_center,9206,S1_rain_only,0.38873102829539724,11203.364420923224,0.5111168306745648,0.47340979144157275,9.005546344550259e-05,,,0.0,,0.0,0.0
moving_center,9206,S2_v1_redundant_naive,0.3940508266914176,11064.524791807677,0.5104733422530258,0.4804330311835835,2.1245078412721887e-05,,,0.0,,0.0,0.0
moving_center,9206,S3_v2_local_naive,0.3940508266914176,11064.524791807677,0.5104733422530258,0.4804330311835835,2.1245078412721887e-05,,,0.0,,0.0,0.0
moving_center,9206,S4_v2_reliability_universal,0.39158283444110176,11118.09551369321,0.5098038776774614,0.4773361784737932,3.333299756764272e-05,0.9209849301416956,0.23726447400516648,0.6492971352775428,0.0,0.3084151661662797,0.9086703184317968
moving_center,9206,S5_v2_reliability_source_specific,0.3913733302991222,11121.450327302413,0.5095466691732933,0.4766461568327249,3.333299756764272e-05,0.9209849301416867,0.17393066737558144,0.48104991318739254,0.0,0.31031783020625925,0.9048026831737176
moving_center,9207,S0_shortest,0.40570485779084936,10950.795041533209,0.5174572528303204,0.4907340405565448,4.032753768235004e-05,,,0.0,,0.0,0.0
moving_center,9207,S1_rain_only,0.39158400598373605,11128.555551019315,0.5096671202105829,0.47585724321741035,4.970914836082796e-06,,,0.0,,0.0,0.0
moving_center,9207,S2_v1_redundant_naive,0.3953349860370021,11042.645701692898,0.5105809242764117,0.48247936873627556,4.970914836082796e-06,,,0.0,,0.0,0.0
moving_center,9207,S3_v2_local_naive,0.39538155611118914,11041.00114286151,0.5105809242764117,0.48247936873627556,4.970914836082796e-06,,,0.0,,0.0,0.0
moving_center,9207,S4_v2_reliability_universal,0.3928647214628416,11092.635181825644,0.5094381039914413,0.4790808277533256,4.97239973616401e-06,0.9209849301416781,0.23792734002797034,0.656439456703401,0.0,0.31426497745574017,0.9040711444234198
moving_center,9207,S5_v2_reliability_source_specific,0.39273841113526026,11094.39676804826,0.5094970980704151,0.4787373926334131,4.97239973616401e-06,0.9209849301416809,0.17601584849173335,0.48575985073522715,0.0,0.31508021951588205,0.8985815423609991
moving_center,9208,S0_shortest,0.4055382406898083,10950.795041533209,0.5187898148209762,0.48985959813105784,0.0002760051818880705,,,0.0,,0.0,0.0
moving_center,9208,S1_rain_only,0.39116241339268965,11128.555551019315,0.508765545551105,0.4749587508098541,3.395206018169757e-05,,,0.0,,0.0,0.0
moving_center,9208,S2_v1_redundant_naive,0.39491689929380364,11043.553104987723,0.5098855467072109,0.48106446802354347,4.347573952120916e-05,,,0.0,,0.0,0.0
moving_center,9208,S3_v2_local_naive,0.39491689929380364,11043.553104987723,0.5098855467072109,0.48106446802354347,4.347573952120916e-05,,,0.0,,0.0,0.0
moving_center,9208,S4_v2_reliability_universal,0.3926185063282312,11096.245586716406,0.5101194131140689,0.47876450564366885,3.3953545081778784e-05,0.9209849301416756,0.2333183654316085,0.6483772494359367,0.0,0.31412633076232443,0.9031912660372488
moving_center,9208,S5_v2_reliability_source_specific,0.3921937621438818,11103.330087826607,0.5100023527597128,0.47776763926204163,3.3953545081778784e-05,0.9209849301416774,0.16899453868641157,0.47370878845279873,0.0,0.3135753344103258,0.8991354832162811
moving_center,9209,S0_shortest,0.4068936285437476,10950.795041533209,0.5211370015520552,0.49337967621506695,0.00040370852780751424,,,0.0,,0.0,0.0
moving_center,9209,S1_rain_only,0.3903190755973532,11203.364420923224,0.5134868992500817,0.4756849781856607,4.96556677159878e-05,,,0.0,,0.0,0.0
moving_center,9209,S2_v1_redundant_naive,0.3969725219063315,11036.755603871468,0.5129765342741962,0.48480669278738026,5.934615992146497e-05,,,0.0,,0.0,0.0
moving_center,9209,S3_v2_local_naive,0.3969725219063315,11036.755603871468,0.5129765342741962,0.48480669278738026,5.934615992146497e-05,,,0.0,,0.0,0.0
moving_center,9209,S4_v2_reliability_universal,0.393124078463634,11121.775988754804,0.513133412000641,0.48009183207718825,1.4188224469432374e-05,0.9209849301416676,0.23848540034139093,0.6588790505686726,0.0,0.3173020153298911,0.9078289190497266
moving_center,9209,S5_v2_reliability_source_specific,0.3928155863872065,11127.756122123556,0.5131723373302256,0.479735077199312,1.4188224469432374e-05,0.9209849301416415,0.17483198463910962,0.4798592015131347,0.0,0.3160207543213508,0.9041702688316302
moving_center,9210,S0_shortest,0.4063898467957862,10950.795041533209,0.5196930891271218,0.49319570738764695,0.00040370852780751424,,,0.0,,0.0,0.0
moving_center,9210,S1_rain_only,0.38956845518688815,11203.364420923224,0.5107708761134925,0.47422600306693796,4.96556677159878e-05,,,0.0,,0.0,0.0
moving_center,9210,S2_v1_redundant_naive,0.3960517631562738,11043.553104987723,0.5123460892415651,0.48453608936176235,5.934615992146497e-05,,,0.0,,0.0,0.0
moving_center,9210,S3_v2_local_naive,0.3960517631562738,11043.553104987723,0.5123460892415651,0.48453608936176235,5.934615992146497e-05,,,0.0,,0.0,0.0
moving_center,9210,S4_v2_reliability_universal,0.3920581682208907,11135.264591004357,0.5116045350408134,0.4787770825131789,1.4188224469432374e-05,0.9209849301416815,0.23420139493220757,0.6538068907892375,0.0,0.31095830535161106,0.9099411543591817
moving_center,9210,S5_v2_reliability_source_specific,0.3918088683703082,11135.657767917863,0.5110968322959284,0.47774734131384405,1.4188224469432374e-05,0.920984930141665,0.17122254237750562,0.48099925877874244,0.0,0.310911769758312,0.9036172712009735
moving_center,9211,S0_shortest,0.4063829164484136,10950.795041533209,0.5184084406870154,0.48922705871550015,0.00040370852780751424,,,0.0,,0.0,0.0
moving_center,9211,S1_rain_only,0.3923073506400161,11128.555551019315,0.5074302484830413,0.4746980052028311,4.96556677159878e-05,,,0.0,,0.0,0.0
moving_center,9211,S2_v1_redundant_naive,0.39603907855137616,11040.825472529685,0.5093059898448903,0.48040353229742233,5.934615992146497e-05,,,0.0,,0.0,0.0
moving_center,9211,S3_v2_local_naive,0.39603907855137616,11040.825472529685,0.5093059898448903,0.48040353229742233,5.934615992146497e-05,,,0.0,,0.0,0.0
moving_center,9211,S4_v2_reliability_universal,0.39358997222955083,11090.80825958005,0.5091360593676951,0.4777655865699389,1.4188224469432374e-05,0.9209849301416844,0.23254658690773264,0.6536901262087752,0.0,0.3054393627898056,0.9006224261344717
moving_center,9211,S5_v2_reliability_source_specific,0.3932584214363463,11095.3107748825,0.5083802153915373,0.47704575681188577,1.4188224469432374e-05,0.9209849301416766,0.17254612297264577,0.4879097605488363,0.0,0.3075101511831226,0.8960549073103918
moving_center,9212,S0_shortest,0.40543404158162755,10950.795041533209,0.5181473145729562,0.489030125219008,0.0002760051818880705,,,0.0,,0.0,0.0
moving_center,9212,S1_rain_only,0.388940580331439,11203.364420923224,0.5090481813343167,0.472487803110946,3.395206018169757e-05,,,0.0,,0.0,0.0
moving_center,9212,S2_v1_redundant_naive,0.39563985196263635,11032.983558359545,0.5094491827960494,0.48089733226934095,4.354424078200094e-05,,,0.0,,0.0,0.0
moving_center,9212,S3_v2_local_naive,0.39563985196263635,11032.983558359545,0.5094491827960494,0.48089733226934095,4.354424078200094e-05,,,0.0,,0.0,0.0
moving_center,9212,S4_v2_reliability_universal,0.39284935535055737,11096.426022888141,0.5094385322788919,0.47824825485136335,3.3953545081778784e-05,0.9209849301416682,0.23472879378043007,0.6491492018387884,0.0,0.31007226756346673,0.9068288117978371
moving_center,9212,S5_v2_reliability_source_specific,0.39171407141138614,11123.952733821208,0.509410854012374,0.4766945761713398,3.3953545081778784e-05,0.9209849301416533,0.17285898189842952,0.48062927637865077,0.0,0.3094639412795539,0.9057287550778196
anisotropic_band,9201,S6_perfect_water_v2,0.45706310524585214,11011.094521570267,0.6332247311829489,0.5981519655740379,0.07231749010193989,0.9999999999950746,3.0,3.0,0.0,0.0,0.9366589075631542
anisotropic_band,9202,S6_perfect_water_v2,0.4580414652891437,11004.837626042756,0.6311313293340586,0.5955519739282144,0.0806683192676835,0.9999999999950832,3.0,3.0,0.0,0.0,0.9314883614805984
anisotropic_band,9203,S6_perfect_water_v2,0.4586457465418173,11004.837626042756,0.6308674517752993,0.5992915847723443,0.08214161785431733,0.9999999999950832,3.0,3.0,0.0,0.0,0.9382975579690047
anisotropic_band,9204,S6_perfect_water_v2,0.45849906266013296,11011.370169615806,0.6350214882828252,0.5988681609092441,0.07265819098810532,0.9999999999950745,3.0,3.0,0.0,0.0,0.9332417087563741
anisotropic_band,9205,S6_perfect_water_v2,0.45825730279146254,11004.561977997217,0.6325357199600716,0.5991193374668028,0.0823771404406039,0.9999999999950832,3.0,3.0,0.0,0.0,0.9360747287726495
anisotropic_band,9206,S6_perfect_water_v2,0.46000163927911286,10992.296294439831,0.6304916677199683,0.5967214463340508,0.08086979108620694,0.9999999999951313,3.0,3.0,0.0,0.0,0.9336903846953918
anisotropic_band,9207,S6_perfect_water_v2,0.4601020350107554,11000.370219756076,0.6327807256170883,0.5987539137795055,0.0823771404406039,0.9999999999950885,3.0,3.0,0.0,0.0,0.934790688768167
anisotropic_band,9208,S6_perfect_water_v2,0.46064504366707193,10991.524386277832,0.633737305355515,0.5983636128596218,0.08237756405128527,0.999999999995134,3.0,3.0,0.0,0.0,0.934239848931349
anisotropic_band,9209,S6_perfect_water_v2,0.45989152706022807,11004.837626042756,0.6314531688046131,0.5979678499240303,0.08311365545346744,0.9999999999950832,3.0,3.0,0.0,0.0,0.9295862003198926
anisotropic_band,9210,S6_perfect_water_v2,0.4582131912603053,11004.561977997217,0.6323995938755865,0.6012908093119532,0.08245330151310058,0.9999999999950832,3.0,3.0,0.0,0.0,0.9347020396319745
anisotropic_band,9211,S6_perfect_water_v2,0.45747734585514266,11011.094521570267,0.6310920165352005,0.5986781597744053,0.07390873022980265,0.9999999999950746,3.0,3.0,0.0,0.0,0.9362409609847946
anisotropic_band,9212,S6_perfect_water_v2,0.4578237635809106,11004.561977997217,0.6316869226106276,0.5967524539183888,0.08225668909457297,0.9999999999950832,3.0,3.0,0.0,0.0,0.933962318643321
dual_center,9201,S6_perfect_water_v2,0.46001132653240584,11091.539228369951,0.6025413178039021,0.5698049760514292,0.0769924194192296,0.9999999999949974,3.0,3.0,0.0,0.0,0.8909027946735071
dual_center,9202,S6_perfect_water_v2,0.4622178909450082,11083.423470811844,0.6033120815527144,0.5696967913922709,0.07876934253426511,0.9999999999950432,3.0,3.0,0.0,0.0,0.9040921184248788
dual_center,9203,S6_perfect_water_v2,0.45800378358253485,11095.76258918299,0.6034328546218267,0.5688485083156318,0.07899259154027465,0.9999999999949922,3.0,3.0,0.0,0.0,0.8916315981956187
dual_center,9204,S6_perfect_water_v2,0.46216507533394185,11078.960547834113,0.6025837472534334,0.5697074606634593,0.08083273810872202,0.9999999999950566,3.0,3.0,0.0,0.0,0.9051676808136887
dual_center,9205,S6_perfect_water_v2,0.45903039556362113,11095.76258918299,0.6038005817659524,0.5687438788563609,0.07929374639486239,0.9999999999949922,3.0,3.0,0.0,0.0,0.8824460213499985
dual_center,9206,S6_perfect_water_v2,0.458101224277525,11095.76258918299,0.6016956516418822,0.566455034980606,0.07922493784203902,0.9999999999949922,3.0,3.0,0.0,0.0,0.89610798873963
dual_center,9207,S6_perfect_water_v2,0.4586325690860373,11095.76258918299,0.6025183279036852,0.569295777852744,0.07790659810632608,0.9999999999949922,3.0,3.0,0.0,0.0,0.891375201665366
dual_center,9208,S6_perfect_water_v2,0.4632096856411333,11079.231712570701,0.6029500357192669,0.5703129732070216,0.07800270064634073,0.9999999999950485,3.0,3.0,0.0,0.0,0.9058566740981039
dual_center,9209,S6_perfect_water_v2,0.4580441179920382,11095.76258918299,0.6006224250795792,0.5672051922867385,0.07790219154528447,0.9999999999949922,3.0,3.0,0.0,0.0,0.8966407914118015
dual_center,9210,S6_perfect_water_v2,0.45712111247634724,11095.76258918299,0.6003101357444526,0.5666564591432692,0.0724557486450561,0.9999999999949922,3.0,3.0,0.0,0.0,0.8979131726765981
dual_center,9211,S6_perfect_water_v2,0.4580860326703842,11095.76258918299,0.6023653308600259,0.567092865368516,0.07991017010950388,0.9999999999949922,3.0,3.0,0.0,0.0,0.8844447926505823
dual_center,9212,S6_perfect_water_v2,0.45846923887024027,11091.57083094185,0.6019706666984013,0.5679084339905067,0.07692008758632148,0.9999999999949976,3.0,3.0,0.0,0.0,0.895160887443756
moving_center,9201,S6_perfect_water_v2,0.39613874240422964,10986.615424880145,0.5099119288658599,0.4815549003836101,4.032753768235004e-05,0.9999999999950356,2.9999999999999996,3.0,0.0,0.0,0.9961123860804636
moving_center,9202,S6_perfect_water_v2,0.39678551020433206,10989.916557637145,0.5104809945054366,0.48139374245119915,4.032753768235004e-05,0.9999999999950222,2.9999999999999996,3.0,0.0,0.0,0.9946530279792054
moving_center,9203,S6_perfect_water_v2,0.39587253885321805,10990.896349872879,0.5103642912740954,0.4814269777651382,4.032753768235004e-05,0.9999999999950443,2.9999999999999996,3.0,0.0,0.0,0.9961125394140166
moving_center,9204,S6_perfect_water_v2,0.39756191988507844,10990.896349872879,0.511608625164831,0.48361007495111513,4.032753768235004e-05,0.9999999999950443,2.9999999999999996,3.0,0.0,0.0,0.996703608677824
moving_center,9205,S6_perfect_water_v2,0.3967287907884421,10990.896349872879,0.5096049577046354,0.4843699904416833,4.032753768235004e-05,0.9999999999950443,2.9999999999999996,3.0,0.0,0.0,0.9961125394140166
moving_center,9206,S6_perfect_water_v2,0.39633734378942204,10990.896349872879,0.5100825351615239,0.48408977905268963,4.032753768235004e-05,0.9999999999950443,2.9999999999999996,3.0,0.0,0.0,0.9970797948613036
moving_center,9207,S6_perfect_water_v2,0.39603636279536936,10995.08810811402,0.5103393247312843,0.48329201808797706,4.032753768235004e-05,0.999999999995039,2.9999999999999996,3.0,0.0,0.0,0.9961125394140166
moving_center,9208,S6_perfect_water_v2,0.3956781959187231,10995.08810811402,0.510617883640347,0.48204211643347317,4.032753768235004e-05,0.999999999995039,2.9999999999999996,3.0,0.0,0.0,0.9961125394140166
moving_center,9209,S6_perfect_water_v2,0.39819626545460085,10980.415231330007,0.5137166227693872,0.4853813163184539,4.032753768235004e-05,0.9999999999950306,2.9999999999999996,3.0,0.0,0.0,0.9946530279792054
moving_center,9210,S6_perfect_water_v2,0.39700956014827743,10991.219462884406,0.5124705051282097,0.48513623093760094,4.032753768235004e-05,0.9999999999950211,2.9999999999999996,3.0,0.0,0.0,0.9948925171169882
moving_center,9211,S6_perfect_water_v2,0.39708710248907425,10990.098299027948,0.5109044050394722,0.48154058726760035,4.032753768235004e-05,0.9999999999950273,2.9999999999999996,3.0,0.0,0.0,0.9964039056895331
moving_center,9212,S6_perfect_water_v2,0.39647428830329334,10985.724799396003,0.511174799530985,0.481193640423927,4.032753768235004e-05,0.9999999999950275,2.9999999999999996,3.0,0.0,0.0,0.994889338368222
