scenario_family,seed,decision_step,timestamp,condition_id,delay_min,missing_rate,noise_sigma,observation_seed,observation_digest,eligible_records,available_records,mapped_edge_coverage_mean
moving_center,8101,4,2023-09-07 13:00:00+08:00,C00,0,0.0,0.0,2168444023,225260ebec4071639ad32e8680f8a7548e875bc49b9c115db0e479c9d5fa8e7b,304,304,0.11844642266625083
moving_center,8101,4,2023-09-07 13:00:00+08:00,C01,10,0.2,0.05,400371017,dd778d473276d7c7558c2e52230e70e25de92e648d00b51679dc4b9906c94216,252,212,0.11844642266625083
moving_center,8101,4,2023-09-07 13:00:00+08:00,C02,30,0.5,0.15,10210070,452d9f7e7123a019a096e4e4a72f30d10afbb61ed3b95b48784ec12411cf4a5a,148,76,0.11051959472474976
moving_center,8101,4,2023-09-07 13:00:00+08:00,C03,60,0.2,0.15,330057857,2e7c1c92a717472c26a0972402978c57ec82e0c6d7e36f4f5982334d714bcb90,237,13,0.026429286723308056
moving_center,8101,4,2023-09-07 13:00:00+08:00,C04,10,0.5,0.0,625215099,7446a54bd088c4bd200290171804ed9a9d36661b35eb242462521fd84c8deb7d,152,127,0.11844642266625083
moving_center,8101,4,2023-09-07 13:00:00+08:00,C05,30,0.0,0.05,704045215,a78917971c123ce0cb378b322ec51a8c5b7def6f46361c0d64595de05a78874a,304,160,0.11844642266625083
moving_center,8101,4,2023-09-07 13:00:00+08:00,C06,60,0.5,0.05,2303738369,fef01f76328b15f2a8594131ff24ac529873898d6d848f03b3fbab32dd83dace,145,11,0.021729865594807662
moving_center,8101,4,2023-09-07 13:00:00+08:00,C07,0,0.2,0.15,1320872880,bb4cbeeec5719e3fac0e2b8498bb5941ab53c1d89323c69366b4c9e8adc2d72f,232,232,0.11844642266625083
moving_center,8101,8,2023-09-07 14:00:00+08:00,C00,0,0.0,0.0,216327799,d460032beee6f40398644532d24ca635d3667685f79060c636afebc21ae43603,592,592,0.11844642266625083
moving_center,8101,8,2023-09-07 14:00:00+08:00,C01,10,0.2,0.05,3926574785,9bfb4271a99af9d1f271b4354b8e8ebb55de0974f3cd3f7f633d8d969612fc74,470,429,0.11844642266625083
moving_center,8101,8,2023-09-07 14:00:00+08:00,C02,30,0.5,0.15,4126313696,51f6d9eda9ce18f5571dcbd8bc6f0a03b90d4f1d78d230515fceaae093f7470a,296,234,0.11844642266625083
moving_center,8101,8,2023-09-07 14:00:00+08:00,C03,60,0.2,0.15,2899540763,5424dce4c064227dcc1a2b89eea9084c5a131d5d2d400fc47a8f822e50d01d35,464,244,0.11844642266625083
moving_center,8101,8,2023-09-07 14:00:00+08:00,C04,10,0.5,0.0,3016530421,40e9fb0d1f7b73ccd53166eec7ff2506c0e4ee671376372467efda6721bff5fa,299,275,0.11844642266625083
moving_center,8101,8,2023-09-07 14:00:00+08:00,C05,30,0.0,0.05,3055891302,2c6442e6870a983455a42f6d493c4b3d1e064d09e4942653c3e6882209583585,592,448,0.11844642266625083
moving_center,8101,8,2023-09-07 14:00:00+08:00,C06,60,0.5,0.05,400346188,4b8c12ef06fcb1aae7a10d5116c0e6ff492ccd7b8e6651ad00f43f62c95c743b,278,128,0.11844642266625083
moving_center,8101,8,2023-09-07 14:00:00+08:00,C07,0,0.2,0.15,3143093992,5a487ab45a2777f4fd2bf80042454392244966b271b501205bd07935fe9498df,502,502,0.11844642266625083
moving_center,8102,4,2023-09-07 13:00:00+08:00,C00,0,0.0,0.0,903091697,fe1f9816e74fb0e67095f5ce4c50c1bbfe77aedb60c9108eb4cf2f5b13fb469d,304,304,0.11844642266625083
moving_center,8102,4,2023-09-07 13:00:00+08:00,C01,10,0.2,0.05,2283709836,aa73c196529db10b6c5803693e3eefe3fff72cc97d4be98374b76c7d8198d2d0,236,201,0.11844642266625083
moving_center,8102,4,2023-09-07 13:00:00+08:00,C02,30,0.5,0.15,1600190543,63860e0b83dd7a3a2075ab2a6f033e7f982d94e92e93e12ba8e1dfef8ea5c834,146,73,0.09738549416355043
moving_center,8102,4,2023-09-07 13:00:00+08:00,C03,60,0.2,0.15,248243608,30ddb7af0294219a4f78691dfd97e4894131a5af91104fc29d53ee5c65e3d653,259,14,0.03392094697732435
moving_center,8102,4,2023-09-07 13:00:00+08:00,C04,10,0.5,0.0,1768283555,b04bea258be3433f379b19dd7e22f0499ef9f6d2e9029977a41b2dd507965dbe,137,114,0.11645237355218963
moving_center,8102,4,2023-09-07 13:00:00+08:00,C05,30,0.0,0.05,2493759207,57363b7ba381d125b51dc4656595e7ed37df75d6ac8302651683b06aa684c1e6,304,160,0.11844642266625083
moving_center,8102,4,2023-09-07 13:00:00+08:00,C06,60,0.5,0.05,303064787,96478dda15ea6b1de9941ad006c7eae8bd897d8771442069888b7d03fc47ef3a,161,9,0.02656916525908452
moving_center,8102,4,2023-09-07 13:00:00+08:00,C07,0,0.2,0.15,1514524843,feb4faf8736a17a7ec0230a42d1e59b821ab97599453b79bd577981fec4df8f8,248,248,0.11844642266625083
moving_center,8102,8,2023-09-07 14:00:00+08:00,C00,0,0.0,0.0,1726647350,04cd1ac953ba8c1bfdbaba7cfca5e872445d07f865b66b5b4c23e1c516cb70d8,592,592,0.11844642266625083
moving_center,8102,8,2023-09-07 14:00:00+08:00,C01,10,0.2,0.05,2388035810,73a95790cff30500a0fb707ab8982c0a483239df19538361bfe021234bb8ba4b,479,441,0.11844642266625083
moving_center,8102,8,2023-09-07 14:00:00+08:00,C02,30,0.5,0.15,4216428332,5c32e3c53d53f3c9bc5d456b3a01df166ca182bd07cd37ed53c0ad04ffcfe3ba,293,227,0.11844642266625083
moving_center,8102,8,2023-09-07 14:00:00+08:00,C03,60,0.2,0.15,4285242454,5b25d13391492f9e79e505452827366f7cc3cfc0fd9d20dfacd3bc26fc23786a,489,258,0.11844642266625083
moving_center,8102,8,2023-09-07 14:00:00+08:00,C04,10,0.5,0.0,2302516697,7bd0da179110b3a42f8bdc4ad2e1cb550cb471cc790e16249b39e26e81c5d435,288,267,0.11844642266625083
moving_center,8102,8,2023-09-07 14:00:00+08:00,C05,30,0.0,0.05,3623346004,76afd88fa2530a754568df161f275c9f250f5dc8c3514feab93049cec092b06e,592,448,0.11844642266625083
moving_center,8102,8,2023-09-07 14:00:00+08:00,C06,60,0.5,0.05,1633374273,9078ee199014ffd8ce0c4be58dfbd17abcfe9f272a2657a8bbcea8f242afcf8c,302,147,0.11752069350895152
moving_center,8102,8,2023-09-07 14:00:00+08:00,C07,0,0.2,0.15,2895405454,4036bd0ec7cf577347bedb92a240065cfb2729c06890bde881f4e7d7ec94877b,479,479,0.11844642266625083
moving_center,8103,4,2023-09-07 13:00:00+08:00,C00,0,0.0,0.0,927488916,40d3e1e68b804d488362167291c7037f93bdfbb1d6fd8f40cdba0c5ac863ca6d,304,304,0.11844642266625083
moving_center,8103,4,2023-09-07 13:00:00+08:00,C01,10,0.2,0.05,4161427785,167ca8f27c5bf97ae02b6785d821cda5795c6b1952dec43d6bed97e1a75549a8,232,197,0.11844642266625083
moving_center,8103,4,2023-09-07 13:00:00+08:00,C02,30,0.5,0.15,2080065723,90a40613ec42c54acc0998de282fcdb4730105f91eb8e2faf67bd64b20bb4af0,160,81,0.09898367251849273
moving_center,8103,4,2023-09-07 13:00:00+08:00,C03,60,0.2,0.15,3457734740,15e9921481707860b9378e2bd35570b06a820b488fd1ea02b736927d62903dd0,249,11,0.025224319166305745
moving_center,8103,4,2023-09-07 13:00:00+08:00,C04,10,0.5,0.0,882683289,58abeca554438f48d80f8848e0eff9e601487fe6bffc2a68c779c614a7fe7150,160,131,0.11319522948969918
moving_center,8103,4,2023-09-07 13:00:00+08:00,C05,30,0.0,0.05,1689190813,7c07773ace77ed57c8c1d22e878cfb680c6f6697daea6a3afa30c0ff5919a4fe,304,160,0.11844642266625083
moving_center,8103,4,2023-09-07 13:00:00+08:00,C06,60,0.5,0.05,1023806839,25d2ca6dc270af2cfa14a77e581028ee4accd78b220db78f91d2ee05d3fb9ddd,159,8,0.020426362427804774
moving_center,8103,4,2023-09-07 13:00:00+08:00,C07,0,0.2,0.15,3242420911,0539c7f942cf3263432fa91bc535033e79b305e94b04766de55cadedab7ad4c9,241,241,0.11844642266625083
moving_center,8103,8,2023-09-07 14:00:00+08:00,C00,0,0.0,0.0,4139827698,767039aa88c24c29213e1f5ca4696d9277b980655aedef384e12e074b7574c99,592,592,0.11844642266625083
moving_center,8103,8,2023-09-07 14:00:00+08:00,C01,10,0.2,0.05,1384673087,43335a3300f6ff08bd97ccf37f6350041486e5b39f849fb6c13648ee7de7a5ba,459,423,0.11844642266625083
moving_center,8103,8,2023-09-07 14:00:00+08:00,C02,30,0.5,0.15,2323087086,d971254858d2597c5411659318a77c92f1b57a42b2de5b67b0da8fb800ca3fc3,287,221,0.11844642266625083
moving_center,8103,8,2023-09-07 14:00:00+08:00,C03,60,0.2,0.15,1648567583,14997bfcdb355d0a821733d271c411863052ec2a55b6979a2143f5fe0b126838,469,240,0.11844642266625083
moving_center,8103,8,2023-09-07 14:00:00+08:00,C04,10,0.5,0.0,2362667604,4d1c663c784b36e2253008a1f7ce1d1efc2cc0ea7adb0f0e7cec5c739e24f4bf,297,276,0.11844642266625083
moving_center,8103,8,2023-09-07 14:00:00+08:00,C05,30,0.0,0.05,3922837147,0da2432230f1ecdb2b61c3eaff9582892be32b7ad9073a04703894ea9f480342,592,448,0.11844642266625083
moving_center,8103,8,2023-09-07 14:00:00+08:00,C06,60,0.5,0.05,216894027,63432f1106cb5caeeac85a9473d5be188c144dbe24ffa4541b2d8e2ce0067de4,294,156,0.11844642266625083
moving_center,8103,8,2023-09-07 14:00:00+08:00,C07,0,0.2,0.15,3950789671,4554e41c7b59f1bdf7df2d8b3a4c8bd26f94fd3c04742bd1d3fb4e2435bcd141,479,479,0.11844642266625083
moving_center,8104,4,2023-09-07 13:00:00+08:00,C00,0,0.0,0.0,2421563652,df00a8e4112d08e78ad57548eca0a3a2cea3de83733d6bdf9a3650da082531df,304,304,0.11844642266625083
moving_center,8104,4,2023-09-07 13:00:00+08:00,C01,10,0.2,0.05,3500979046,3ee5da31bfde36b95269ad9f28d4e65fdcbe3f53620639f8ec21289197f4cc3a,249,209,0.11844642266625083
moving_center,8104,4,2023-09-07 13:00:00+08:00,C02,30,0.5,0.15,2534471183,a4a9b1119b47ad1bff4e91ca3a3282beb987622669cda09df38e7ec50881aa91,152,85,0.1051509022129121
moving_center,8104,4,2023-09-07 13:00:00+08:00,C03,60,0.2,0.15,406164208,b8fb8e31b143e49f92cf6be7d44dd85545c89a3a7622c7fecca0f7012177d226,246,14,0.03780170614048033
moving_center,8104,4,2023-09-07 13:00:00+08:00,C04,10,0.5,0.0,2850530880,1ca48a88950c99efef3d43bdc729d6f3d2d924e62287d19e870c81f7b08178eb,149,128,0.10944376947366598
moving_center,8104,4,2023-09-07 13:00:00+08:00,C05,30,0.0,0.05,137714374,cc7eb737386838e05a425777bcadb842fb41d48319b4a371f6c706d376c283ff,304,160,0.11844642266625083
moving_center,8104,4,2023-09-07 13:00:00+08:00,C06,60,0.5,0.05,815918836,56ca61c708b1295a25b6ca2c8c20ce8cfcc2708b222c712df37d5b8a5de8faad,149,9,0.019868167701024928
moving_center,8104,4,2023-09-07 13:00:00+08:00,C07,0,0.2,0.15,1190150185,5035ac6b1d2d72a4b1fe7583ecf4aaf27ee097743b019230d93b0b6647800370,244,244,0.11844642266625083
moving_center,8104,8,2023-09-07 14:00:00+08:00,C00,0,0.0,0.0,2264833453,54cba7d69f8b05378f7d8ec075fab76f7ab0b89517b49b0617d1af9b3b420a8a,592,592,0.11844642266625083
moving_center,8104,8,2023-09-07 14:00:00+08:00,C01,10,0.2,0.05,1925147126,1efceaa8dffe1ada4b726fd94e95fa975b3caccfa07a4b91cd9f257849c4f562,463,423,0.11844642266625083
moving_center,8104,8,2023-09-07 14:00:00+08:00,C02,30,0.5,0.15,806096029,b5b8e2b0a53b5dcb01ad971e6d8074bd752f4ad211046115da5568453f6e00b8,292,214,0.11844642266625083
moving_center,8104,8,2023-09-07 14:00:00+08:00,C03,60,0.2,0.15,801678314,7ed2c799da6ca805d215b7d94d3b4b76573071a3cabb3a2f9c94a9e97a4f3224,459,242,0.11844642266625083
moving_center,8104,8,2023-09-07 14:00:00+08:00,C04,10,0.5,0.0,4232435187,5fe64c53956bb435160f0ef6e2987f062b636126b67ee291e8404ffc41b786f0,313,288,0.11844642266625083
moving_center,8104,8,2023-09-07 14:00:00+08:00,C05,30,0.0,0.05,249259336,f6a6f77b894f9142cff52423c5256684f216f3922705383e52a3772def698087,592,448,0.11844642266625083
moving_center,8104,8,2023-09-07 14:00:00+08:00,C06,60,0.5,0.05,2408402296,4d9be07c3ebba819325270f72936532da10532f29f0ffc3948119995953999d9,305,165,0.11488644452865988
moving_center,8104,8,2023-09-07 14:00:00+08:00,C07,0,0.2,0.15,802708941,64de9a21e6b208a1c0d4735cdfffd210806c12442483c13e33f65b45ec22d2ff,463,463,0.11844642266625083
moving_center,8105,4,2023-09-07 13:00:00+08:00,C00,0,0.0,0.0,3733484026,dc8a691a4206fca1255204383881e8b373a0f44e3ce20dca904a62206c1ae12f,304,304,0.11844642266625083
moving_center,8105,4,2023-09-07 13:00:00+08:00,C01,10,0.2,0.05,394121621,f91172e1e6aa2ae3f75d96836678162be3b8ec7487fa603412287cf63d018f46,242,203,0.11844642266625083
moving_center,8105,4,2023-09-07 13:00:00+08:00,C02,30,0.5,0.15,1130582889,35a4db577d9f06a0b2f613d0f3b6eb2a0d235653f351b4ec8e6c296d41c248be,154,81,0.08556330658048536
moving_center,8105,4,2023-09-07 13:00:00+08:00,C03,60,0.2,0.15,1566188242,124ef9a0ecf952105ec2fd18f5afc2466d8198e646a8e3b09eca41680a7793f6,261,14,0.035989813148482784
moving_center,8105,4,2023-09-07 13:00:00+08:00,C04,10,0.5,0.0,3486222511,cdba9285510baf83dc751a6ad220f78fa2b57b0bd850614fa08bac709ef365ef,150,126,0.11158669647436478
moving_center,8105,4,2023-09-07 13:00:00+08:00,C05,30,0.0,0.05,3731368557,ec06d3756b43577a8878dc3f88e47526603a85bda335d7b455ab01612786ec54,304,160,0.11844642266625083
moving_center,8105,4,2023-09-07 13:00:00+08:00,C06,60,0.5,0.05,3348335105,0f7418641db6d547b1b812ae56d5f3ccbd7e906781752edf774e5326c5f45938,145,11,0.02758599574233489
moving_center,8105,4,2023-09-07 13:00:00+08:00,C07,0,0.2,0.15,834434028,57f5956ba7e5ad322964e779a124508b8e946ab1a734805bd991e62b6f76d7e5,240,240,0.11844642266625083
moving_center,8105,8,2023-09-07 14:00:00+08:00,C00,0,0.0,0.0,730228354,9caef78710d8f2a7f8a9f887e59ff4d702cd44f1b8ca9cb50ed22102d94b6ef9,592,592,0.11844642266625083
moving_center,8105,8,2023-09-07 14:00:00+08:00,C01,10,0.2,0.05,100915891,2710571d021d8e21d83c47750ff060ce39573e4664cacdb253eb2516545a4e7f,475,437,0.11844642266625083
moving_center,8105,8,2023-09-07 14:00:00+08:00,C02,30,0.5,0.15,601046270,02a73c4035a6c5f374bb3e46a2335988301c34bc5c4b34fcbf42115cd1c99219,295,219,0.11844642266625083
moving_center,8105,8,2023-09-07 14:00:00+08:00,C03,60,0.2,0.15,2994923163,6e1dee5e2ccc9328696b26962bf5df5109067d5d81b6b8f18596624fa8e757d2,462,233,0.11844642266625083
moving_center,8105,8,2023-09-07 14:00:00+08:00,C04,10,0.5,0.0,3228734144,2a6766a194e81f0d51fa9436af0fd00391977698cf09deccc455350bc60d178a,305,273,0.11844642266625083
moving_center,8105,8,2023-09-07 14:00:00+08:00,C05,30,0.0,0.05,4198694664,aa46c2134f1b5549e72b17b6f8a51ac16a99f3ed6c31fe8c802757d7fe6e10de,592,448,0.11844642266625083
moving_center,8105,8,2023-09-07 14:00:00+08:00,C06,60,0.5,0.05,2399947160,9f9d64aeb67e2f6fe966fa4691746de10b8acc2037ebb928c03b7c432acf2e2f,297,153,0.11844642266625083
moving_center,8105,8,2023-09-07 14:00:00+08:00,C07,0,0.2,0.15,163405474,457b532b9bb6b463b0f4b79399b7e79ee6c0a23c4c35ce6fe235e1ea27e6a582,470,470,0.11844642266625083
moving_center,8106,4,2023-09-07 13:00:00+08:00,C00,0,0.0,0.0,2363856304,e8bd355da37538990ef4555a3df8ff4e0eea787a45ed5fedf78c257d59b7acaa,304,304,0.11844642266625083
moving_center,8106,4,2023-09-07 13:00:00+08:00,C01,10,0.2,0.05,2978027603,e5578e61a64452ed642fe3794400e70d342cb01d222c180c1d55f9b687653bf5,250,208,0.11844642266625083
moving_center,8106,4,2023-09-07 13:00:00+08:00,C02,30,0.5,0.15,2539405277,4ea9514fba0897b2f6fd2154f1b9bf39ac54593338dd34e5c3a0d806e1f226bd,143,79,0.10782752506474623
moving_center,8106,4,2023-09-07 13:00:00+08:00,C03,60,0.2,0.15,2642608274,43b8a13d48fb2050876f5d82b88a0442e6baf18ad615c1ae32441e64a03c2e38,255,14,0.03851745573917317
moving_center,8106,4,2023-09-07 13:00:00+08:00,C04,10,0.5,0.0,1079501961,533f5c64c0c8ceb713b5f8ad7f8d7a98b7a398585d75a960cde7e2f52f7e2d1b,175,151,0.1154367038518062
moving_center,8106,4,2023-09-07 13:00:00+08:00,C05,30,0.0,0.05,2309087002,6cf3f62551c25a955cb79deaf26e8d6b3ba9eff2645e14aa659bbc4667b36d6a,304,160,0.11844642266625083
moving_center,8106,4,2023-09-07 13:00:00+08:00,C06,60,0.5,0.05,1576505706,dc4e78b018169da62b66e8a64e47f8a7afbad85d33965b1ee7885f2df2588e9d,147,5,0.01589310312093358
moving_center,8106,4,2023-09-07 13:00:00+08:00,C07,0,0.2,0.15,1154519760,bbb441a0201b5e39c16fefc8f7dda15327b9c0c1c606cfc4a638c59b9c2984f9,246,246,0.11844642266625083
moving_center,8106,8,2023-09-07 14:00:00+08:00,C00,0,0.0,0.0,907084616,38278e6e3940bc22d01c30fb735754d2d18d26063a038ad9bbb9a70280652c57,592,592,0.11844642266625083
moving_center,8106,8,2023-09-07 14:00:00+08:00,C01,10,0.2,0.05,609089380,94acff83c7c48a757e2d117f5c53e3b0924f001f8058021f645c30cc6eb2ea5c,473,432,0.11844642266625083
moving_center,8106,8,2023-09-07 14:00:00+08:00,C02,30,0.5,0.15,2707635651,4eb88ff2a5ec227ae7109e17fa1685db0f2fafcbb45d018ef29a5060484aa093,302,225,0.11844642266625083
moving_center,8106,8,2023-09-07 14:00:00+08:00,C03,60,0.2,0.15,856574712,0248069a0a50d1879c594dfc8bc4fb334a7f233342bf8ff7e8de3f7184c8e89f,463,224,0.11844642266625083
moving_center,8106,8,2023-09-07 14:00:00+08:00,C04,10,0.5,0.0,3556424111,5081316c63e460dedd98a685de49fb547f29e19c75f2f4f296a84b02fb44c079,282,250,0.11844642266625083
moving_center,8106,8,2023-09-07 14:00:00+08:00,C05,30,0.0,0.05,2798970477,ad811ea26f1394e9604eb038a3d33b883d89b6a577083f7541a71aee57228476,592,448,0.11844642266625083
moving_center,8106,8,2023-09-07 14:00:00+08:00,C06,60,0.5,0.05,341353788,23aad4db7592d9e114bda4ef6d81a673c55782eaf9c45f81229b1165e6e5a8c2,295,158,0.11844642266625083
moving_center,8106,8,2023-09-07 14:00:00+08:00,C07,0,0.2,0.15,303082354,f55b83b567e240bcca11266b50869cfd6f24e6e4cf15e4469c880de8401f9a3f,479,479,0.11844642266625083
moving_center,8107,4,2023-09-07 13:00:00+08:00,C00,0,0.0,0.0,2189391837,d36d90aeeaddc50a2197eb5f9826a425140550b8ab9416604b4d306e9c4d2246,304,304,0.11844642266625083
moving_center,8107,4,2023-09-07 13:00:00+08:00,C01,10,0.2,0.05,2054683878,5aac05dcf740a2c52904fea4dccd0a7a76f4a9a84ecb5baa1e1daedbf504b094,254,216,0.11844642266625083
moving_center,8107,4,2023-09-07 13:00:00+08:00,C02,30,0.5,0.15,3896788545,9ed0f8cf9bc3e1081f8f345fe70adaff6a37aba0340ee9db9d218e70f49c8bfe,156,78,0.11184472367031001
moving_center,8107,4,2023-09-07 13:00:00+08:00,C03,60,0.2,0.15,719763166,ec6ae8f5ccb561822bb65d1bd66ffde6d3d423d4c230e4ed7db109142d821377,241,10,0.025868273185618865
moving_center,8107,4,2023-09-07 13:00:00+08:00,C04,10,0.5,0.0,983301344,4d6dd6caf5a9f2c1b5c56e49f0b93f551decf6ab628890d37500bb427c59198f,153,129,0.1162882671510707
moving_center,8107,4,2023-09-07 13:00:00+08:00,C05,30,0.0,0.05,500212760,65c586a98ae6f07100643bd33b402977a6d899a5faf61e975c4d56b16a56671b,304,160,0.11844642266625083
moving_center,8107,4,2023-09-07 13:00:00+08:00,C06,60,0.5,0.05,716603620,44bbf76f33b0b27adbcf37f63bb2404b0a7c2d11cec934431381d142ec2e91c1,147,9,0.016657432962792592
moving_center,8107,4,2023-09-07 13:00:00+08:00,C07,0,0.2,0.15,3554389226,15d6ebf65f8ece1d5736a39f61191027385ccb974dbee3a1ee565e77631f1811,238,238,0.11844642266625083
moving_center,8107,8,2023-09-07 14:00:00+08:00,C00,0,0.0,0.0,965102701,2713eb1b560f02c20fa351b40b743dac5d34b24915fa690757b4477fcd1c4c9b,592,592,0.11844642266625083
moving_center,8107,8,2023-09-07 14:00:00+08:00,C01,10,0.2,0.05,67392716,4ac183f89c4c6d6de6b767f4c4d9b9459026124326c2f53ddfd6c27dfa06d94d,495,458,0.11844642266625083
moving_center,8107,8,2023-09-07 14:00:00+08:00,C02,30,0.5,0.15,1084855441,2b3e8d97c352d79b4836f0f9c9ced3c3163aec8acbe399e5cfacb4ee09b99cc7,289,210,0.11844642266625083
moving_center,8107,8,2023-09-07 14:00:00+08:00,C03,60,0.2,0.15,1753173201,c9cce6a2ec3b84f3f0ca2b778049890ffe23eabea3afc2a683c811aee53c5ffb,472,239,0.11844642266625083
moving_center,8107,8,2023-09-07 14:00:00+08:00,C04,10,0.5,0.0,2182086892,166fd0c619047a7ea2b894d285314a5176e6cc7e285b15a97f1ce225c520085b,308,282,0.11844642266625083
moving_center,8107,8,2023-09-07 14:00:00+08:00,C05,30,0.0,0.05,3947777766,4b9351bfb0760c094fc09a6b8c4a9b930556cc06844c13347dcc4ca3aae16b18,592,448,0.11844642266625083
moving_center,8107,8,2023-09-07 14:00:00+08:00,C06,60,0.5,0.05,3462794681,03b21af62b91ed699436fedd834bbdd7db32bfe536096519766e46d53ac2c4d6,276,144,0.11591199764008595
moving_center,8107,8,2023-09-07 14:00:00+08:00,C07,0,0.2,0.15,4023417092,de3a7cceea18e6893f6b66e29bd78797f091400898e4bc49c471ac0e68810001,478,478,0.11844642266625083
moving_center,8108,4,2023-09-07 13:00:00+08:00,C00,0,0.0,0.0,1431039393,640c85e73b9bf5c7e6e5723fb85f10ce5259b73d2c401eb4e1ebc3da758c9f46,304,304,0.11844642266625083
moving_center,8108,4,2023-09-07 13:00:00+08:00,C01,10,0.2,0.05,2836120022,a4bc1774c72b9b5c2a33fed57cd2b2c117582c9fb77065c920854d4a51a8828c,250,209,0.11844642266625083
moving_center,8108,4,2023-09-07 13:00:00+08:00,C02,30,0.5,0.15,3132526931,753fd9768e50cf3abb8bd700a43f44097cc9413432aa9b1610c03f5e31b6f923,162,88,0.10270665742338404
moving_center,8108,4,2023-09-07 13:00:00+08:00,C03,60,0.2,0.15,1833940701,c7f20a364ca239dd98ce7eae3bea1c75740031a9ca9cb9283997a8df8fb74512,244,15,0.038102308515392806
moving_center,8108,4,2023-09-07 13:00:00+08:00,C04,10,0.5,0.0,3592234724,3389124002e1d2cd7f3b314d537ca9d81af3a107e9ffd2e8e425bb1e5fecfdb7,153,127,0.11603695555571196
moving_center,8108,4,2023-09-07 13:00:00+08:00,C05,30,0.0,0.05,1092021604,3c886463e49adcf18af539d4ae9cad6b873a21fbd77ac39f39ca8aac0b7b9f1a,304,160,0.11844642266625083
moving_center,8108,4,2023-09-07 13:00:00+08:00,C06,60,0.5,0.05,2692868521,81bb8f7cd4029869bf4ebe86c23537b75a19a5ce79df70968ce1db1961037a79,147,7,0.019090844436540785
moving_center,8108,4,2023-09-07 13:00:00+08:00,C07,0,0.2,0.15,3870830241,25c2f680fe2a6854ac606a205c3d8e1434b7e1c042b5a915f1f373b9bff42d52,247,247,0.11844642266625083
moving_center,8108,8,2023-09-07 14:00:00+08:00,C00,0,0.0,0.0,277061918,a83620424028d07de15441e93277eae14b476800b0f6b56f7db29d1e8016da68,592,592,0.11844642266625083
moving_center,8108,8,2023-09-07 14:00:00+08:00,C01,10,0.2,0.05,132939114,2e050235bea76660287cd308c6567903ddddfcd74385cae50517773fbd31afc2,470,429,0.11844642266625083
moving_center,8108,8,2023-09-07 14:00:00+08:00,C02,30,0.5,0.15,823090430,0844b3cefc0dba17178cfe883f0632d0b0f5f0f5f81ed5185af34d599f2c3c61,308,229,0.11844642266625083
moving_center,8108,8,2023-09-07 14:00:00+08:00,C03,60,0.2,0.15,1423128363,25525f984eb37a7af974bbe641ddadea026b8c0ffd2404a3f41f331f367b12bf,468,242,0.11844642266625083
moving_center,8108,8,2023-09-07 14:00:00+08:00,C04,10,0.5,0.0,296827568,2de376e81f6b985aabeaa295ad2b82e39cfb18fdbde6860c72b7571f6ef524ad,307,276,0.11844642266625083
moving_center,8108,8,2023-09-07 14:00:00+08:00,C05,30,0.0,0.05,406587657,d92a63aa8c8d6c9c3cd26fa66cde4d5ae8a2d5c287bb8c975e95f8b8202260bc,592,448,0.11844642266625083
moving_center,8108,8,2023-09-07 14:00:00+08:00,C06,60,0.5,0.05,3172316795,f3decb04b907a1ba5cf589b61938e24180dbd5fea8be7800f24762e7b659acf5,301,164,0.11844642266625083
moving_center,8108,8,2023-09-07 14:00:00+08:00,C07,0,0.2,0.15,2505044082,b33d6676a91ef8e81a9d139a891e90b15fbdaea87362a5dc451a3991260cb5ae,485,485,0.11844642266625083
moving_center,8109,4,2023-09-07 13:00:00+08:00,C00,0,0.0,0.0,4116779095,6cd053c6fecd9e45f31afa917ccae9f1e91587efffd87958b56518175ef7e843,304,304,0.11844642266625083
moving_center,8109,4,2023-09-07 13:00:00+08:00,C01,10,0.2,0.05,1701400835,7d1a5484d59fab16c7134b0d3a1078a7618e7cbdb8a74b7150836328d197b988,244,206,0.11844642266625083
moving_center,8109,4,2023-09-07 13:00:00+08:00,C02,30,0.5,0.15,1253204431,83af3df5f2a6d687d405688cabdaf73b29d1bc27f50d20f80efed173d8e42836,148,83,0.11273724486427936
moving_center,8109,4,2023-09-07 13:00:00+08:00,C03,60,0.2,0.15,1666927327,75e49e96df1e7e184656ff1958a927ef8a07bc0750dfe44cebb64a3ee94dc5b8,240,14,0.03478768340982089
moving_center,8109,4,2023-09-07 13:00:00+08:00,C04,10,0.5,0.0,2077437088,edfc00aa25d3ced42925369cc8b6ef27f2d57c4da0f69e8bb15b39cc463c7ebb,146,119,0.10999483163169511
moving_center,8109,4,2023-09-07 13:00:00+08:00,C05,30,0.0,0.05,418812010,efd35089f22eb2b809edf1ce23ae233150cfa8e6bf77e99458cdc437e5177a34,304,160,0.11844642266625083
moving_center,8109,4,2023-09-07 13:00:00+08:00,C06,60,0.5,0.05,3302162948,3335fceeac810b6f29467f5c2b11fc558a322f4548836d83973343550f1d30aa,143,4,0.011789530956430127
moving_center,8109,4,2023-09-07 13:00:00+08:00,C07,0,0.2,0.15,1121153308,1fe5f30681aba303577d4adf69c4b02cdd9abcf4a5d0832267b55fb72a622d88,249,249,0.11844642266625083
moving_center,8109,8,2023-09-07 14:00:00+08:00,C00,0,0.0,0.0,3828363661,203b68fc1d4bd284bd969c12d0df7e088f8f0db4550294c38c5976704f0cced4,592,592,0.11844642266625083
moving_center,8109,8,2023-09-07 14:00:00+08:00,C01,10,0.2,0.05,1597110926,fbfffffb6456135ac1f3461b2f394f119e80766d896c79c0c8f8886717d621bc,475,437,0.11844642266625083
moving_center,8109,8,2023-09-07 14:00:00+08:00,C02,30,0.5,0.15,1744563173,97d8f407b4c768c5fe391f6c03d9400cb8e59ed68cd5b0c5be6d2c3a76f1969f,310,246,0.11844642266625083
moving_center,8109,8,2023-09-07 14:00:00+08:00,C03,60,0.2,0.15,755419334,bcf618eba5ba4fc9486baeb3913ea72af12184d59ff6b9b44124c8617cada841,484,249,0.11844642266625083
moving_center,8109,8,2023-09-07 14:00:00+08:00,C04,10,0.5,0.0,2984318949,b4b7a4d88f7a374318d9e7c10452f2fa4270022466ceda1b96afcfcc3774be33,306,282,0.11844642266625083
moving_center,8109,8,2023-09-07 14:00:00+08:00,C05,30,0.0,0.05,2827283582,ad7610b32214e62e02c32b3994100ed4cc6b93964cec3848f3f17f7356ff2ff1,592,448,0.11844642266625083
moving_center,8109,8,2023-09-07 14:00:00+08:00,C06,60,0.5,0.05,3243762465,c02313b59837c4ff80f65a514d228c43074dc76a527574f4445106307a29b789,283,145,0.11844642266625083
moving_center,8109,8,2023-09-07 14:00:00+08:00,C07,0,0.2,0.15,2388999882,b770a2a4014b0c139a7cd00e278d9d700c7398e76f30ccdcb5a388dd06a0c97c,465,465,0.11844642266625083
moving_center,8110,4,2023-09-07 13:00:00+08:00,C00,0,0.0,0.0,2620848027,58bb1b0201a616032873d05379c748af2ae7a58fd48bea1143298dfd567d630f,304,304,0.11844642266625083
moving_center,8110,4,2023-09-07 13:00:00+08:00,C01,10,0.2,0.05,3624093637,8c072e4163e52bee3b71997ba4f1994c720bb528a6a2aef0b97eb4be786c10c6,238,201,0.11844642266625083
moving_center,8110,4,2023-09-07 13:00:00+08:00,C02,30,0.5,0.15,1358199025,711760277db980054e7b34aadb845f64b87c1c23b9b3c58be02bbd5147fcc1fd,148,79,0.110836676444494
moving_center,8110,4,2023-09-07 13:00:00+08:00,C03,60,0.2,0.15,1839345471,03890ce7f04820a3239c7506fbfd3d579df25ab7fe0a7fb4f05ac26643dbffa4,246,15,0.038679147341592446
moving_center,8110,4,2023-09-07 13:00:00+08:00,C04,10,0.5,0.0,1019053932,77b0d95365b44ed1747816b474d6f87c90b9eff2eadfa3b155e90cced585537d,136,112,0.10551321972794062
moving_center,8110,4,2023-09-07 13:00:00+08:00,C05,30,0.0,0.05,1152551061,143dc37dcc1c22f63427317557fa3718e9e9d3598a2f79cd342341208522bde6,304,160,0.11844642266625083
moving_center,8110,4,2023-09-07 13:00:00+08:00,C06,60,0.5,0.05,3069952787,6f761a0a963a689c64a0f7420113ab436317904f6a1ddd97ba76dea3ba356632,148,4,0.005719974224724934
moving_center,8110,4,2023-09-07 13:00:00+08:00,C07,0,0.2,0.15,3581029329,487ed7c02cf769e73b3140d797b4c61c2b0744e132fe4aaac9b98efe5f28aa0d,249,249,0.11844642266625083
moving_center,8110,8,2023-09-07 14:00:00+08:00,C00,0,0.0,0.0,2161951070,d808a8d264fee0fdb3b7e75227ce456d699b501bceb220380658d4ad87b9ddd9,592,592,0.11844642266625083
moving_center,8110,8,2023-09-07 14:00:00+08:00,C01,10,0.2,0.05,2402328340,287487b74e5f9981d789f9478e78d89df2dad497393607ea086af93143d99d29,454,420,0.11844642266625083
moving_center,8110,8,2023-09-07 14:00:00+08:00,C02,30,0.5,0.15,3381933535,3b710f2609bf97329532fa35a22861927b59af8d82d7d3bd602b8060dca69f37,301,232,0.11844642266625083
moving_center,8110,8,2023-09-07 14:00:00+08:00,C03,60,0.2,0.15,1817701843,8ba5e86dba3b4849087c1ac3e8d86eeb6280b379acbc6505a8b781f6b70be9f9,473,238,0.11844642266625083
moving_center,8110,8,2023-09-07 14:00:00+08:00,C04,10,0.5,0.0,4158135376,351b2dcd473a048f79bc109bcae2bf57c24366855008d87841404eee9c395b2c,290,267,0.11844642266625083
moving_center,8110,8,2023-09-07 14:00:00+08:00,C05,30,0.0,0.05,581920238,dc647c448ed744e30be5a03f83fb24148f6dce45370ee0864d1584c48e7e3812,592,448,0.11844642266625083
moving_center,8110,8,2023-09-07 14:00:00+08:00,C06,60,0.5,0.05,1300436166,1f23d462e440beccc64be8a6778ab1e2bd9629d63d0afd5716290c160aeb70e6,308,148,0.11661194889432476
moving_center,8110,8,2023-09-07 14:00:00+08:00,C07,0,0.2,0.15,3218853295,d0bf065f82dbc048e5981ae4caf5294f746d7b91d0b52c90f643ec716a32f516,485,485,0.11844642266625083
moving_center,8111,4,2023-09-07 13:00:00+08:00,C00,0,0.0,0.0,822735515,477b52fd58457fc895191cad9743a785e654ff7fc5b9437cb4e48997ac2fac31,304,304,0.11844642266625083
moving_center,8111,4,2023-09-07 13:00:00+08:00,C01,10,0.2,0.05,2482601941,dc6926db28a99bac449f76232931180fdec17092cac13fd8f7caba81d59127bb,241,205,0.11844642266625083
moving_center,8111,4,2023-09-07 13:00:00+08:00,C02,30,0.5,0.15,1611885390,7bbfad1a5d8b4299632dd6f33093f70f2be5c5129b38ae50ccd18eb7d78b9d87,152,80,0.10635315727332421
moving_center,8111,4,2023-09-07 13:00:00+08:00,C03,60,0.2,0.15,3011262926,f17b579ddc1a36df30e92b9eaa6d0f33b59c4b1d72f6ecf7e7f5200ad060eda0,229,11,0.02316959551088302
moving_center,8111,4,2023-09-07 13:00:00+08:00,C04,10,0.5,0.0,158479514,3dbf5c91eca57d2729c53cbe40c63b7d2a4f735ea4a4fffe2e28def1c593d509,153,125,0.11706314302683066
moving_center,8111,4,2023-09-07 13:00:00+08:00,C05,30,0.0,0.05,3592141671,dbc4eeb5a554e487dcf7edd066248fb49af4ec5387c7be59fe5ab219b60bd669,304,160,0.11844642266625083
moving_center,8111,4,2023-09-07 13:00:00+08:00,C06,60,0.5,0.05,2902103313,378c9988b394f1bea093d11966885afb3f0d27c6e09b9f0fe261e30596dbfb95,153,8,0.021340509236871665
moving_center,8111,4,2023-09-07 13:00:00+08:00,C07,0,0.2,0.15,1586214294,e04af787ebb911fa5507ba347c70bd7c9182c302868cdcbb91d0f2518a07d7cc,241,241,0.11844642266625083
moving_center,8111,8,2023-09-07 14:00:00+08:00,C00,0,0.0,0.0,2780967899,7ea3d7da5c82bbc9cb89e418aa27fd624e575adc5d33adc5b3db3c92117a8e6e,592,592,0.11844642266625083
moving_center,8111,8,2023-09-07 14:00:00+08:00,C01,10,0.2,0.05,2480454975,6f1f0339c7dec6d626db56837e54eeaee58991f1d8a332817180f8b430e09d50,474,437,0.11844642266625083
moving_center,8111,8,2023-09-07 14:00:00+08:00,C02,30,0.5,0.15,536498914,e5146ba3fbbbd74349257e91c16874c62092f81b2a6e4d9bd84f47d77f6c4bef,285,216,0.11844642266625083
moving_center,8111,8,2023-09-07 14:00:00+08:00,C03,60,0.2,0.15,610639270,6cbf6f3cc8271030022358a533b3e1856e155e54e9e707accf45bc72e72c43c3,479,243,0.11844642266625083
moving_center,8111,8,2023-09-07 14:00:00+08:00,C04,10,0.5,0.0,3150135513,bb8ac20e564f13626de600fe064c411bd8991bbf5533a11b40089da2b5e3f3ad,286,262,0.11844642266625083
moving_center,8111,8,2023-09-07 14:00:00+08:00,C05,30,0.0,0.05,2558193822,8101365276e6b9a098588d2f2f8d2e9b107c5f23cdc6da28a59fb912994544f9,592,448,0.11844642266625083
moving_center,8111,8,2023-09-07 14:00:00+08:00,C06,60,0.5,0.05,4284113746,2815a3f3aa30c9c440a30c4799f5ffb53c61f050dd617329f92487e1f1d8023f,297,166,0.11844642266625083
moving_center,8111,8,2023-09-07 14:00:00+08:00,C07,0,0.2,0.15,3318803079,ecc1aa955e8d963119852282b420483ba95fd08bc72a72ce11e354a75e037549,487,487,0.11844642266625083
moving_center,8112,4,2023-09-07 13:00:00+08:00,C00,0,0.0,0.0,3445899279,e378a64d508e4e0a391e705369df24e574370c169721a7525d14a17a5e2192ef,304,304,0.11844642266625083
moving_center,8112,4,2023-09-07 13:00:00+08:00,C01,10,0.2,0.05,413595763,4eb05aa6d78cfd7f316a0072df33580695bd12e415b40c76a08217bf0fe0ee4e,247,209,0.11844642266625083
moving_center,8112,4,2023-09-07 13:00:00+08:00,C02,30,0.5,0.15,725354064,094aa47246b6b7b9e702eea668d932ea9944860ec515a273592e82a51403620d,158,81,0.09814483141934766
moving_center,8112,4,2023-09-07 13:00:00+08:00,C03,60,0.2,0.15,366072003,fbc177a6300af9ebd4aef78f1fb0d5299286f8676e249a43aaba1311223e9668,242,13,0.03251682884625459
moving_center,8112,4,2023-09-07 13:00:00+08:00,C04,10,0.5,0.0,3776751948,94381f2f03764350dc65cbd941254175587959ade029fd8d94953d2eb126b496,149,126,0.11844642266625083
moving_center,8112,4,2023-09-07 13:00:00+08:00,C05,30,0.0,0.05,314402938,fc4c53720d208181de9e8e50067a8bbe5047f0d3272adf70514942310f6b8f00,304,160,0.11844642266625083
moving_center,8112,4,2023-09-07 13:00:00+08:00,C06,60,0.5,0.05,1488408717,70f42b7b3e365739b2381f5aa747a2bb908dc1e7c524a0ec7d0abd6df3bb11a8,169,13,0.032729917272950736
moving_center,8112,4,2023-09-07 13:00:00+08:00,C07,0,0.2,0.15,2115941404,e82a6f1af6fa0549bf8730fab15506e30f660a0e7249fc0a631e70d2c0f5694c,241,241,0.11844642266625083
moving_center,8112,8,2023-09-07 14:00:00+08:00,C00,0,0.0,0.0,420615194,456dd1e4e256573a5aa2874cbd86dcdb841e5aefe64c19fc2533c63f9bd94d49,592,592,0.11844642266625083
moving_center,8112,8,2023-09-07 14:00:00+08:00,C01,10,0.2,0.05,924947208,69b1aceb5ad55e38a187fd438b48b6ecfef5827c5f9d877e5709868440fcea02,470,435,0.11844642266625083
moving_center,8112,8,2023-09-07 14:00:00+08:00,C02,30,0.5,0.15,3781634534,c57df815f2ae1cb4252b2b966018000bf04202cb4c23b3de56e8e128051fa4bd,293,229,0.11844642266625083
moving_center,8112,8,2023-09-07 14:00:00+08:00,C03,60,0.2,0.15,145546818,c4ac0c27576477a3b462d483c14fa8157a4aab67c2713995d6d7d1e28107c714,475,231,0.11844642266625083
moving_center,8112,8,2023-09-07 14:00:00+08:00,C04,10,0.5,0.0,649871278,fcc6958dc346a0908702b40f4c35fee248cf623e3df02044ac2a0e5ab080be39,298,279,0.11844642266625083
moving_center,8112,8,2023-09-07 14:00:00+08:00,C05,30,0.0,0.05,1851759637,b1c790595ac674120e200eeba5183df27129d8ea32813a9e6cc3770a4ee68fb1,592,448,0.11844642266625083
moving_center,8112,8,2023-09-07 14:00:00+08:00,C06,60,0.5,0.05,2869572110,13280eaa561c5141f6c4698cf86d8449b0c8661b1de19ff6a9c4ba908a5d9de5,313,169,0.11844642266625083
moving_center,8112,8,2023-09-07 14:00:00+08:00,C07,0,0.2,0.15,2569175738,2b050e962a76966d3d86d8f76715bfb7153c340049937fb765a4d17b29d627a4,463,463,0.11844642266625083
dual_center,8101,4,2023-09-07 13:00:00+08:00,C00,0,0.0,0.0,2041819523,b1677233122cc755f6d42d57b0ec74eb1238bd19ee79879057dbe98053148f2f,304,304,0.11844642266625083
dual_center,8101,4,2023-09-07 13:00:00+08:00,C01,10,0.2,0.05,1810630545,6023e7416eea042fe050128d9b43fe20f340accaf141cc53b06dde9b53b4806f,244,202,0.11844642266625083
dual_center,8101,4,2023-09-07 13:00:00+08:00,C02,30,0.5,0.15,1867876367,09317c756caf6294cbea587092b13bc6d489c917ae336b25adfec4b9b8fc0fc2,161,83,0.11127128825908088
dual_center,8101,4,2023-09-07 13:00:00+08:00,C03,60,0.2,0.15,2293524041,2ea68c25bb3c60158c5fec625f34274c1c10cd55f6aadb6e155188ff8cf2c836,235,13,0.03355389707142846
dual_center,8101,4,2023-09-07 13:00:00+08:00,C04,10,0.5,0.0,3024122224,281db2d03785a2b1356b14cef27eaeeb42c95442c4c9367d5870a7b27b512450,134,115,0.10838115463180287
dual_center,8101,4,2023-09-07 13:00:00+08:00,C05,30,0.0,0.05,2521168697,8496c50ba61b7ef92d4a8915824131612226ef8abbddccfe3eddf337d8c43cfe,304,160,0.11844642266625083
dual_center,8101,4,2023-09-07 13:00:00+08:00,C06,60,0.5,0.05,1775751738,ed54332211765e7c46ff9e6687c17fe2c8650ed7bd8feb591a4cffbdf71625d1,145,10,0.02440979325214088
dual_center,8101,4,2023-09-07 13:00:00+08:00,C07,0,0.2,0.15,3404990902,b43a449ef03337f3106d1f803dff95afcf3ce648e00cdf13453a4c398b107349,237,237,0.11844642266625083
dual_center,8101,8,2023-09-07 14:00:00+08:00,C00,0,0.0,0.0,3032630775,7c700a19c557435066251c5adcbbe80b919bca10b0d19c93be51efd09d4bda2e,592,592,0.11844642266625083
dual_center,8101,8,2023-09-07 14:00:00+08:00,C01,10,0.2,0.05,3568150384,da40642b979ae0e060bfb0caee3ab2c9958b4de769b4be44358e6f6ffe24c697,480,439,0.11844642266625083
dual_center,8101,8,2023-09-07 14:00:00+08:00,C02,30,0.5,0.15,2109458293,5de69dd7a80ea0a23997a8ec4d13584f726fc264794b6aec9724c9be631277ed,291,223,0.11844642266625083
dual_center,8101,8,2023-09-07 14:00:00+08:00,C03,60,0.2,0.15,2936276348,ce05c18ee421e73cbc11ed2f614a84382d6effd9078ce634d4a690621ae9671a,462,234,0.11844642266625083
dual_center,8101,8,2023-09-07 14:00:00+08:00,C04,10,0.5,0.0,23748457,171c43b411b547bd40d1b37fe752f938803711dc10ed5013390e44295c362ea6,289,269,0.11844642266625083
dual_center,8101,8,2023-09-07 14:00:00+08:00,C05,30,0.0,0.05,349674405,02879948ea7c6ea09a262a6b8cad384c80d71444ab3f1194f9a984a6cf275696,592,448,0.11844642266625083
dual_center,8101,8,2023-09-07 14:00:00+08:00,C06,60,0.5,0.05,811731279,e4c20228424418a59decd3f18a1a5cdbab16134ad595bdc1d66357dded957ba6,295,154,0.11844642266625083
dual_center,8101,8,2023-09-07 14:00:00+08:00,C07,0,0.2,0.15,2771315145,d643387e5824cdc07a7f5cdc669e2a1aeea8b1f72a3679a3cf5c7d2152528633,484,484,0.11844642266625083
dual_center,8102,4,2023-09-07 13:00:00+08:00,C00,0,0.0,0.0,368269765,664eb9dec1c38a25ae2e8d18b87b980b19fcc62680cc77c71ef05e778a58f755,304,304,0.11844642266625083
dual_center,8102,4,2023-09-07 13:00:00+08:00,C01,10,0.2,0.05,3564841282,068a51ac6db55d22279df3d2d30e88aa9e44c486fcf914d3a7abf5b186e5e1d0,249,211,0.11844642266625083
dual_center,8102,4,2023-09-07 13:00:00+08:00,C02,30,0.5,0.15,4057160916,502dd63c4c29736179975622334ac74999db5956172f5a975a61b6485fc86a7e,148,79,0.10112495156535435
dual_center,8102,4,2023-09-07 13:00:00+08:00,C03,60,0.2,0.15,385249111,c79d1bc59f855f6e3c3ba6bf43446c3f5f8af0e4a7d8fcd2aaf3d94de58b6745,238,12,0.027951573825022287
dual_center,8102,4,2023-09-07 13:00:00+08:00,C04,10,0.5,0.0,2946752038,2c4b0e1ea4965004e3c0940e417922075c96750ffd9f73f82b4dd2152f6fa4ec,156,134,0.11591199764008595
dual_center,8102,4,2023-09-07 13:00:00+08:00,C05,30,0.0,0.05,2885448602,aa26ee9a0f69cf12dbc17d61b2208bd38b0807ef25a65a5459cbedad54aac43a,304,160,0.11844642266625083
dual_center,8102,4,2023-09-07 13:00:00+08:00,C06,60,0.5,0.05,2564246979,8962cac32110b8073a6c845b85798bdf0cfe04360052467b2937e109378b77a1,169,6,0.015063551891654236
dual_center,8102,4,2023-09-07 13:00:00+08:00,C07,0,0.2,0.15,2696344958,542d3d79dccf0ec964b15401e03e37d38ea89c2a862b966971b6076095c5eb58,248,248,0.11844642266625083
dual_center,8102,8,2023-09-07 14:00:00+08:00,C00,0,0.0,0.0,289220108,7c536c76e05f8be2ddd25ba7fdfd760f226056ee12cf0e5e0373da429a019593,592,592,0.11844642266625083
dual_center,8102,8,2023-09-07 14:00:00+08:00,C01,10,0.2,0.05,3598227999,588e2f4599b15def1bb5bec5284db204a9f8c12910a57091b0b90f651a4e44d6,483,446,0.11844642266625083
dual_center,8102,8,2023-09-07 14:00:00+08:00,C02,30,0.5,0.15,2653375654,b0268fb4271c0fd29e5455809f6c95de340ea7571e812953b4a5d3ce414e24dc,309,232,0.11844642266625083
dual_center,8102,8,2023-09-07 14:00:00+08:00,C03,60,0.2,0.15,1701169152,7e5ebd0fee49e6e9713031045d2df28ba866ae9db02b4eee13dec980d610d5da,486,246,0.11844642266625083
dual_center,8102,8,2023-09-07 14:00:00+08:00,C04,10,0.5,0.0,4279490599,2a16194bab2e87786cbec360216094e7225ad4bbc1e48d72ff4fb1bbf95d8d56,288,267,0.11844642266625083
dual_center,8102,8,2023-09-07 14:00:00+08:00,C05,30,0.0,0.05,940242361,544c8fa6ec4931a116032659da3d227132d730b1acd3d76eaa0d37760a577fc2,592,448,0.11844642266625083
dual_center,8102,8,2023-09-07 14:00:00+08:00,C06,60,0.5,0.05,1409109269,fd72c9df0dcf5447a73cfa59b3238f49f9f66783396f3658a0698f2bf881b2b8,290,149,0.11731573425779299
dual_center,8102,8,2023-09-07 14:00:00+08:00,C07,0,0.2,0.15,2038006059,5a8b220daef4c3a5e20e60fd1eca9a93001357ec52234d829f3d8d1e4223d729,478,478,0.11844642266625083
dual_center,8103,4,2023-09-07 13:00:00+08:00,C00,0,0.0,0.0,383420495,df4dc3f7f4949f15242c2ce01aa674ef7dd7e5b7fc06f6c7ee363d9542a85fb2,304,304,0.11844642266625083
dual_center,8103,4,2023-09-07 13:00:00+08:00,C01,10,0.2,0.05,1519233589,112cca0fe60165e86644ab46d1184bafbaf63e51ee8249073bcec63fa30c50d1,229,192,0.11844642266625083
dual_center,8103,4,2023-09-07 13:00:00+08:00,C02,30,0.5,0.15,151891132,4032f206b13db3f117513e9a5c8cdcf812b02c264397cf9268c6e34c1ad4c095,151,92,0.10318304708396787
dual_center,8103,4,2023-09-07 13:00:00+08:00,C03,60,0.2,0.15,3509395357,3d37916be695bb2ef03ad1f958aa14b9bf49e805e570d2edb0f93edbabc4f166,236,13,0.03150355224585578
dual_center,8103,4,2023-09-07 13:00:00+08:00,C04,10,0.5,0.0,2183009035,cca03a2a4dfce40112d732da891d7b0a4127d6e74606aa6156f27687af9c6ac3,141,125,0.11639029193575975
dual_center,8103,4,2023-09-07 13:00:00+08:00,C05,30,0.0,0.05,3285787122,f3b79d8ed10ffabf3afb811399401ff27f0b3a7bb32bc0c07e944adf783b8019,304,160,0.11844642266625083
dual_center,8103,4,2023-09-07 13:00:00+08:00,C06,60,0.5,0.05,3482606979,ce4306ab962a9e7f0e07d207deb76226b6498a156116fbca851c5c9362e3024c,158,7,0.017142866940103814
dual_center,8103,4,2023-09-07 13:00:00+08:00,C07,0,0.2,0.15,3364079993,dec7b27ebdfa88fa0f36fd4d7c871595d08ed04882797f15b7a3c3e0992d8c33,235,235,0.11844642266625083
dual_center,8103,8,2023-09-07 14:00:00+08:00,C00,0,0.0,0.0,1874527053,5aede8b478c3ad7a8fa9278bc0e00538e5234f4163e8e50941c504205546f45c,592,592,0.11844642266625083
dual_center,8103,8,2023-09-07 14:00:00+08:00,C01,10,0.2,0.05,3207540790,9ca30f32e5b87a7c0323b11fd7ce32981f73251ce1f191095021dedc86af17ec,487,448,0.11844642266625083
dual_center,8103,8,2023-09-07 14:00:00+08:00,C02,30,0.5,0.15,2795403726,48ad766d29035b71e81f2b7f9085e21d08141944eb17aabcf3bf55dc11758d44,304,227,0.11844642266625083
dual_center,8103,8,2023-09-07 14:00:00+08:00,C03,60,0.2,0.15,3035818821,2562ef90e1e4f1e604adef3d4195db6d30fc403b53affd01c01da9df2306233a,486,246,0.11844642266625083
dual_center,8103,8,2023-09-07 14:00:00+08:00,C04,10,0.5,0.0,2837293160,f36c4e18ec7700ade7194a29d5c5967408b3f27ac848979089a501021e0b7d5a,301,278,0.11844642266625083
dual_center,8103,8,2023-09-07 14:00:00+08:00,C05,30,0.0,0.05,2819246608,adfba6581344909e762b8b28fb8108021585ea81034688426bac0afe29c4d29d,592,448,0.11844642266625083
dual_center,8103,8,2023-09-07 14:00:00+08:00,C06,60,0.5,0.05,3589997023,fbdaaa67e8f105df1daaca23dfff61220fb22d0d0e3f7d205f08ddbf17345934,283,149,0.11844642266625083
dual_center,8103,8,2023-09-07 14:00:00+08:00,C07,0,0.2,0.15,1797582730,c196ca6c091b904db5dc73c426cff535a404903b548620a813df47254a776cb8,466,466,0.11844642266625083
dual_center,8104,4,2023-09-07 13:00:00+08:00,C00,0,0.0,0.0,3042689103,8d31537e7ecfc32a1b376e630895ae997d81e2c6f9887b0c3942d9101a3f7689,304,304,0.11844642266625083
dual_center,8104,4,2023-09-07 13:00:00+08:00,C01,10,0.2,0.05,1864138248,3b590cf665cb611b8e8fc29810e663f0b1d4fe0acea87813ae9fee23226e101f,239,203,0.11844642266625083
dual_center,8104,4,2023-09-07 13:00:00+08:00,C02,30,0.5,0.15,1317880506,11b665f2be22d88d49c016c65de07aa79c9b2f09724cbac64fc9d539ac076492,156,82,0.11030806747920123
dual_center,8104,4,2023-09-07 13:00:00+08:00,C03,60,0.2,0.15,2511676843,193c91c636a008c67292f9890a9db27fc4192b4dac00c126e494783b58932aa5,235,13,0.03064690540013049
dual_center,8104,4,2023-09-07 13:00:00+08:00,C04,10,0.5,0.0,2010670893,06a27738abffacd6ec5cd3bb44485d77c411fd0b2c4fc2eb6170df137b09519a,154,130,0.11663497357071174
dual_center,8104,4,2023-09-07 13:00:00+08:00,C05,30,0.0,0.05,2464414635,ade4a5a43f4740fec58576692d68e9e1665730931f91c095be560c69151c288e,304,160,0.11844642266625083
dual_center,8104,4,2023-09-07 13:00:00+08:00,C06,60,0.5,0.05,1884397550,f883052c3fb88964155ff843a53ad6b302932a041aa9c8e261884583e0c1190d,150,7,0.017106123101305284
dual_center,8104,4,2023-09-07 13:00:00+08:00,C07,0,0.2,0.15,2612538886,f9f0a57fe7c1694133f2b3abfc49560e2e53e6f2459b6ab1268a1613e7b426e5,234,234,0.11844642266625083
dual_center,8104,8,2023-09-07 14:00:00+08:00,C00,0,0.0,0.0,4209025401,8770fa0c7cc6f9454314ebeff2a65802ebfd18e7594d69ab002412b81f623663,592,592,0.11844642266625083
dual_center,8104,8,2023-09-07 14:00:00+08:00,C01,10,0.2,0.05,2327876686,13d04462d000f07883042b3b02b505e9beceffec29d19b899393c117ab9df15b,490,448,0.11844642266625083
dual_center,8104,8,2023-09-07 14:00:00+08:00,C02,30,0.5,0.15,3695731882,de15900a645406b92151a8e6821d71445abe2eb1f769392fd2d916f4fbd3c853,293,231,0.11844642266625083
dual_center,8104,8,2023-09-07 14:00:00+08:00,C03,60,0.2,0.15,453779123,5db23cf97eccc0c768e7cd607500a04243a10db16d9d40f9c9cd23079ff37f14,473,241,0.11844642266625083
dual_center,8104,8,2023-09-07 14:00:00+08:00,C04,10,0.5,0.0,2579866424,9d010564042ff9807d41841dacda690e98f31077f890ad9d2dc68f70a3d9681b,299,279,0.11844642266625083
dual_center,8104,8,2023-09-07 14:00:00+08:00,C05,30,0.0,0.05,4290023989,710d3ccf3448022f17029c6bfc3de368da69479873c821f87098304c66135fa8,592,448,0.11844642266625083
dual_center,8104,8,2023-09-07 14:00:00+08:00,C06,60,0.5,0.05,1347043993,536331155f969a702fb99aea2abba0b4bbbbf71ab9a49ae54637b5bb89f83038,279,139,0.11247697741812104
dual_center,8104,8,2023-09-07 14:00:00+08:00,C07,0,0.2,0.15,2235816721,6e8241ca3fb752d39f5da4f284bc1bcd27799bb5f432050c5976968fb8b255a5,475,475,0.11844642266625083
dual_center,8105,4,2023-09-07 13:00:00+08:00,C00,0,0.0,0.0,1391429952,8fe719bd7d8f382e93c81eb9095617bbc1291cc21d6638e74e321a283fe2a673,304,304,0.11844642266625083
dual_center,8105,4,2023-09-07 13:00:00+08:00,C01,10,0.2,0.05,4167610296,4c68ee9929459eb61bba1eb166ac578e378799e042242da473ffc4b2ffd2bbd4,237,198,0.11844642266625083
dual_center,8105,4,2023-09-07 13:00:00+08:00,C02,30,0.5,0.15,2855722746,ca1af07b0382deb52c83c627ac7facbd4a789c11dfab6654e2ea444a0ab316ed,153,81,0.09962781958961346
dual_center,8105,4,2023-09-07 13:00:00+08:00,C03,60,0.2,0.15,1713737800,cb2658cfd11d045a9784c339142df458d7dae43f84a1d587bcb60e8162665258,241,14,0.03582346560050883
dual_center,8105,4,2023-09-07 13:00:00+08:00,C04,10,0.5,0.0,1191360732,8a80cdd5724bfc6aa8a8206c2af11f17c02a855d0f8a016f6cae9907667afc65,159,129,0.1133807726629829
dual_center,8105,4,2023-09-07 13:00:00+08:00,C05,30,0.0,0.05,1839407026,99505c2484d0d01212e3004076dffeec264203c288ead48cf9c719b99ea2daca,304,160,0.11844642266625083
dual_center,8105,4,2023-09-07 13:00:00+08:00,C06,60,0.5,0.05,2248160077,33d8f45168a1d8a3f12ac33589fa5ff23dd341cf0cc1a38604bda3fe422c9384,150,9,0.0178388402083024
dual_center,8105,4,2023-09-07 13:00:00+08:00,C07,0,0.2,0.15,1988036946,fdb0b7fa0f6ace323c50d7ebe1f9a03a2328533542a71cf0987f0cb9b4a9c8c1,241,241,0.11844642266625083
dual_center,8105,8,2023-09-07 14:00:00+08:00,C00,0,0.0,0.0,1147679801,b738b909eb11a61c3ed1e3cd985fc3f2e8a1d3418065d3913a959ba08001c188,592,592,0.11844642266625083
dual_center,8105,8,2023-09-07 14:00:00+08:00,C01,10,0.2,0.05,2503265119,4d046821804183f0610d354a5e2fd4c06b6c39a0c3679691ace809b4aa7269b5,481,439,0.11844642266625083
dual_center,8105,8,2023-09-07 14:00:00+08:00,C02,30,0.5,0.15,3249002652,551a526d2f6ec92c31ac51144aa332c18cfa004991b56964c0f693d63f2fc7dc,297,225,0.11844642266625083
dual_center,8105,8,2023-09-07 14:00:00+08:00,C03,60,0.2,0.15,2420921877,5fbdf2a0f90d737fe71f9c635c77ba8119f9ed3a4073152cd9f706cb9d84ff9e,483,251,0.11844642266625083
dual_center,8105,8,2023-09-07 14:00:00+08:00,C04,10,0.5,0.0,3669181468,4b347eeff2435d8059c7bb62c8839affaf4c590cf9ca50f4cb285adaa41b3eb1,305,277,0.11844642266625083
dual_center,8105,8,2023-09-07 14:00:00+08:00,C05,30,0.0,0.05,3690379387,bbcca8e5463d0208080791a7393e48dc9c7bad2351db65db2ee9ef212ac8b4c7,592,448,0.11844642266625083
dual_center,8105,8,2023-09-07 14:00:00+08:00,C06,60,0.5,0.05,3151234439,8f8721689a4af637009d9d4adc67b0649450b96ca3df6bf2aa5fe43697ff392a,280,145,0.11362928976253099
dual_center,8105,8,2023-09-07 14:00:00+08:00,C07,0,0.2,0.15,317490638,b64a2620edeac97074d1e5ec7c77de227df2fe40ce9c3b610fa6e37e2867e473,472,472,0.11844642266625083
dual_center,8106,4,2023-09-07 13:00:00+08:00,C00,0,0.0,0.0,2025149909,95781c70b3b39d4604bdfbe68cbaafae69afda6e30f58952d387efe4ec1a6f6f,304,304,0.11844642266625083
dual_center,8106,4,2023-09-07 13:00:00+08:00,C01,10,0.2,0.05,1868127977,b341d738d0551f3c94738441526c32b8d1488cbef8e089a0b35f817f575789ab,248,211,0.11844642266625083
dual_center,8106,4,2023-09-07 13:00:00+08:00,C02,30,0.5,0.15,2671639078,fc2382b533c8dfb1ec690b2dc6a49fdba201bbc8e9a665ba3da58b0980f20b34,143,75,0.10127249626926606
dual_center,8106,4,2023-09-07 13:00:00+08:00,C03,60,0.2,0.15,2389965953,d3d5f7113d99f6e00b6005709125cae668ee52b4e4f60372eaef6b6fe615a31c,233,14,0.034744413504589185
dual_center,8106,4,2023-09-07 13:00:00+08:00,C04,10,0.5,0.0,2937870798,e28e794a94cb67a36032a1e3f127d7d3aa98e27186f09e104dcbce6a1c3fb8df,143,120,0.11646711205937983
dual_center,8106,4,2023-09-07 13:00:00+08:00,C05,30,0.0,0.05,2378701874,e5f8d909fb7b1f2becb4e77b50f20a22db60afc312a810aa144d99189cb0da04,304,160,0.11844642266625083
dual_center,8106,4,2023-09-07 13:00:00+08:00,C06,60,0.5,0.05,1394829680,f97453f44efb30d6e2165a8238ca264e839076e56a71de8555bb8f785da6ea7e,147,8,0.024035515216426887
dual_center,8106,4,2023-09-07 13:00:00+08:00,C07,0,0.2,0.15,621806708,58da59bd4f7f088c56d867ddc2286f82b05e0eab782925442b46ecdf9c004156,239,239,0.11844642266625083
dual_center,8106,8,2023-09-07 14:00:00+08:00,C00,0,0.0,0.0,1523396519,7f4ea6b287451b8617380d37c43bc60ecaa03ac3d083919f0a71a0b920dbf0ca,592,592,0.11844642266625083
dual_center,8106,8,2023-09-07 14:00:00+08:00,C01,10,0.2,0.05,3662208215,e3b1ee664a0d1f3e6ffda14060f6a38d9faa84632fc92a42277084a27a436a8a,462,425,0.11844642266625083
dual_center,8106,8,2023-09-07 14:00:00+08:00,C02,30,0.5,0.15,603788186,bc9fa1b2b3647360055362c3e047aec3b8125aaad8a67a6d78b2577c31bd76e3,286,216,0.11844642266625083
dual_center,8106,8,2023-09-07 14:00:00+08:00,C03,60,0.2,0.15,849249352,6422737ea6912174e1b8f2e9e36e379c3ca2d881956e13b24dc748c49c31b2bf,472,253,0.11844642266625083
dual_center,8106,8,2023-09-07 14:00:00+08:00,C04,10,0.5,0.0,3193433081,3506e9fe08c1ca0b31983631ef0e9bb472246cac663ce25ed644752c2f3834dc,317,289,0.11844642266625083
dual_center,8106,8,2023-09-07 14:00:00+08:00,C05,30,0.0,0.05,1117194622,626b85b60c8ae3b9779ab687de6eec1ee6eb5ac0ef944cffda61c088e1a94a78,592,448,0.11844642266625083
dual_center,8106,8,2023-09-07 14:00:00+08:00,C06,60,0.5,0.05,2077594039,c6959de2f50a0c005bc2d538c9227b4bc7f703c6d07fd637ee18eef955025590,315,165,0.11752069350895152
dual_center,8106,8,2023-09-07 14:00:00+08:00,C07,0,0.2,0.15,3885988201,11fcdd21db290c01c41bf05b620960a4b4a53b18ad85eccdfcdaa1f7cc452d65,464,464,0.11844642266625083
dual_center,8107,4,2023-09-07 13:00:00+08:00,C00,0,0.0,0.0,3078681485,5d01b79f2b9e12c3a09e9c90f216983c481b62a1a9681fee3331a8411e47aa4e,304,304,0.11844642266625083
dual_center,8107,4,2023-09-07 13:00:00+08:00,C01,10,0.2,0.05,1862474840,fa034ed3c0b890ab916656b232370dca483d7e28b4fe15d725f898fae4cb6245,248,208,0.11844642266625083
dual_center,8107,4,2023-09-07 13:00:00+08:00,C02,30,0.5,0.15,529583900,131f33227b7d7745f6a15ed33a999e5b37d248d469716149265e16d0b86317be,151,76,0.10864545814962938
dual_center,8107,4,2023-09-07 13:00:00+08:00,C03,60,0.2,0.15,732825660,a449375a0b33728cda6a98c93a5e8ec79cfd2e82f4530843830ec43c27c2c979,236,13,0.029927280600869372
dual_center,8107,4,2023-09-07 13:00:00+08:00,C04,10,0.5,0.0,2316393591,f069cc58bfe48ae83fc4aa1376f076f6141d420f9ec136f7a93645af07752596,157,132,0.11494439697422022
dual_center,8107,4,2023-09-07 13:00:00+08:00,C05,30,0.0,0.05,1955824901,aaed6d648487cd0b7c88522a5dbb514d384d4f1a60f90367a9a70185557cf1b9,304,160,0.11844642266625083
dual_center,8107,4,2023-09-07 13:00:00+08:00,C06,60,0.5,0.05,2448116423,5ed03e3e0f656865130826d5ae1c7243b19347a95998d41fc442f156636c7623,150,8,0.02056687964614837
dual_center,8107,4,2023-09-07 13:00:00+08:00,C07,0,0.2,0.15,3864421303,b9591136db0d3dca453948edc1b6ba9ca4767380b38520e3c732a41d2816f851,237,237,0.11844642266625083
dual_center,8107,8,2023-09-07 14:00:00+08:00,C00,0,0.0,0.0,1442858866,d772925f107feab791d43d214cdf93de0822a5caf9ee3e0c6f19f538eba3b3f8,592,592,0.11844642266625083
dual_center,8107,8,2023-09-07 14:00:00+08:00,C01,10,0.2,0.05,2226301353,5ee4fef0fee52793294565c79f02646f5fc808523dcfa905cfba1a155858ef2a,479,440,0.11844642266625083
dual_center,8107,8,2023-09-07 14:00:00+08:00,C02,30,0.5,0.15,360427915,25c558a2c2edafaa388141e390dd83cb7ca44a74dceb8fcba195c2979190f166,268,209,0.11488644452865988
dual_center,8107,8,2023-09-07 14:00:00+08:00,C03,60,0.2,0.15,3801433002,dd0d5b695bf015a2fa6b6c01da7a7011cb65a4ef5e28b87d48479e36a4718178,465,236,0.11844642266625083
dual_center,8107,8,2023-09-07 14:00:00+08:00,C04,10,0.5,0.0,1283391929,7cfeb4bff1ae00b0fd8750b12ca618c35bf56a5bd80e7a5a6d100f17503a5ce1,284,261,0.11844642266625083
dual_center,8107,8,2023-09-07 14:00:00+08:00,C05,30,0.0,0.05,3260617645,5353121c1f0a9ea0bfd41428a1e19d09e40e7ab7deb9801e7fcbe538a96b974b,592,448,0.11844642266625083
dual_center,8107,8,2023-09-07 14:00:00+08:00,C06,60,0.5,0.05,1810475662,5ea34b6c83c815dc5a21ee9a7ed88769f729a05026be63022793619f445e2215,303,152,0.1144422616501506
dual_center,8107,8,2023-09-07 14:00:00+08:00,C07,0,0.2,0.15,3304564700,543061fc99a621f2b0df8fed1bd27c687db46a59dd54aee7074c73fd13697cbd,451,451,0.11844642266625083
dual_center,8108,4,2023-09-07 13:00:00+08:00,C00,0,0.0,0.0,115447464,59f2dc365caddc2182e6eb2f06808d4fb5925b423427a26520de83242bf39dee,304,304,0.11844642266625083
dual_center,8108,4,2023-09-07 13:00:00+08:00,C01,10,0.2,0.05,1731105662,05b1afeafaf86cf9b9d711acefa0da2a1349367dda8ab99b5531d5f52057aac3,244,204,0.11844642266625083
dual_center,8108,4,2023-09-07 13:00:00+08:00,C02,30,0.5,0.15,2792264083,e0018462c9cdff10413dfc604f3cac8cda0b6256d838dd0bc487d6eabfb8a670,168,86,0.10661441501771637
dual_center,8108,4,2023-09-07 13:00:00+08:00,C03,60,0.2,0.15,2064408124,e957a428c70e717d03f5f300c47223e944518760038d934aec855337d39fc5da,246,14,0.03392094697732435
dual_center,8108,4,2023-09-07 13:00:00+08:00,C04,10,0.5,0.0,2833398685,51507b30456e88a138b354de0f40b56e5afb104142069557c740f7131012e940,159,137,0.11603695555571196
dual_center,8108,4,2023-09-07 13:00:00+08:00,C05,30,0.0,0.05,3184096887,c4748457563f13ac298a4557b46608c2639e5e4e6a82bb38e4f4a767c2d1b5fe,304,160,0.11844642266625083
dual_center,8108,4,2023-09-07 13:00:00+08:00,C06,60,0.5,0.05,4131832626,58a3a7cce7740f25cd70394370a6d622528419977a66fffedec6899282ececfc,154,7,0.02058121690915823
dual_center,8108,4,2023-09-07 13:00:00+08:00,C07,0,0.2,0.15,203366756,50d07da4dc6c01874a9bed6de140fc89320004d5d2e9f8f4df3549abd13275ae,240,240,0.11844642266625083
dual_center,8108,8,2023-09-07 14:00:00+08:00,C00,0,0.0,0.0,2558189691,6c16c60576006abe963af63c7324b8326c58ff248c176d091d220fc2eb83c2a6,592,592,0.11844642266625083
dual_center,8108,8,2023-09-07 14:00:00+08:00,C01,10,0.2,0.05,1859235260,29144767ae7e4f3f145f98482c34e1418f82ec52e49d5849fc0867ca38a8a5c5,474,443,0.11844642266625083
dual_center,8108,8,2023-09-07 14:00:00+08:00,C02,30,0.5,0.15,3777331806,348774ad0970ae021198042f38f97e3597c6cbef3f4472e61ba3952c1d295ba8,298,233,0.11844642266625083
dual_center,8108,8,2023-09-07 14:00:00+08:00,C03,60,0.2,0.15,3051209256,0c9680d6ff5e31532648a26bc42dbcf58ce85ea179bd52a7c2135725dcd32540,465,236,0.11844642266625083
dual_center,8108,8,2023-09-07 14:00:00+08:00,C04,10,0.5,0.0,2350143081,b67203c053d0e9e0a3171cff3ac279811dd8f6ce9df7b7d02ecd899fd35cdc3a,290,270,0.11844642266625083
dual_center,8108,8,2023-09-07 14:00:00+08:00,C05,30,0.0,0.05,2022610598,72534b656ba5ad39d724b9961abd4a636ed889369b4beacdf44cf23b33ce1898,592,448,0.11844642266625083
dual_center,8108,8,2023-09-07 14:00:00+08:00,C06,60,0.5,0.05,1979240113,edcb5e92dfa5402ac33ad44ca17948525e277ed7dfdf7d8c4860a2461612067b,297,153,0.1154367038518062
dual_center,8108,8,2023-09-07 14:00:00+08:00,C07,0,0.2,0.15,3923791354,6029f7dd0e27a2e3c678569fbc1f5c94bafa26db38dda20f39c18d9fff421acb,462,462,0.11844642266625083
dual_center,8109,4,2023-09-07 13:00:00+08:00,C00,0,0.0,0.0,1100447985,e831e5e8aca787a2e640956f4d58c10ae1e9847d118f866accf459fcdfb6f9ee,304,304,0.11844642266625083
dual_center,8109,4,2023-09-07 13:00:00+08:00,C01,10,0.2,0.05,4228638723,87d2b0cc12146bc726be9913af679ff11656384a6eb74114f9e9706d96bb526d,240,200,0.11844642266625083
dual_center,8109,4,2023-09-07 13:00:00+08:00,C02,30,0.5,0.15,1971168449,b047a84ed550f098321f0e454949dc244788f6f2e93ea257b99c1507d1294dc4,157,79,0.10524647247603752
dual_center,8109,4,2023-09-07 13:00:00+08:00,C03,60,0.2,0.15,3523192800,4fea9baffce5af83e9a15e74899d549931911c964fd096a2114edffb18511415,254,13,0.02791754749702452
dual_center,8109,4,2023-09-07 13:00:00+08:00,C04,10,0.5,0.0,494607071,a66c8bbe4d3315aa5cc5ef54d59301c5cfd24544666cf68239c835aa31e8081b,133,110,0.10918622383431627
dual_center,8109,4,2023-09-07 13:00:00+08:00,C05,30,0.0,0.05,3011786855,9d0feee9673d6725335302e9813ae36a976b6eec75c5ca9015ce03a1b9ff7f20,304,160,0.11844642266625083
dual_center,8109,4,2023-09-07 13:00:00+08:00,C06,60,0.5,0.05,1967596920,53de5666df66aff9094746cc35036d4ec324b38512e40d6b4b0a2db438e3a125,158,10,0.021282556228546717
dual_center,8109,4,2023-09-07 13:00:00+08:00,C07,0,0.2,0.15,564453012,3b9683dd7dd80ddf202b22ba2ac19e0cc2e527e1a9c5b6fa3d8bd1c533aa1a89,236,236,0.11844642266625083
dual_center,8109,8,2023-09-07 14:00:00+08:00,C00,0,0.0,0.0,959417123,b126e72301b95c40bf2cc3447a84f56b6d906f59b29aafb3122f365b371da03b,592,592,0.11844642266625083
dual_center,8109,8,2023-09-07 14:00:00+08:00,C01,10,0.2,0.05,958998242,74b6df047aca271b3e3231402bc84f489c800bf6328e5623c4a4dcf565f6c322,470,431,0.11844642266625083
dual_center,8109,8,2023-09-07 14:00:00+08:00,C02,30,0.5,0.15,3327225797,02379e800e0e0de4e8807a14cfb3505561b2abf383b08c51e795e1d2dc2f35ce,292,225,0.11844642266625083
dual_center,8109,8,2023-09-07 14:00:00+08:00,C03,60,0.2,0.15,2018173137,7dda15293fcaab8bb6a3b5f5c101a50890b548d862fe5297c5ac6ea10476526b,479,251,0.11844642266625083
dual_center,8109,8,2023-09-07 14:00:00+08:00,C04,10,0.5,0.0,1573081346,7a35df87d1f47b2f3027ec256760262ac0714750f81c5aa84bf499b85a6fc117,288,260,0.11844642266625083
dual_center,8109,8,2023-09-07 14:00:00+08:00,C05,30,0.0,0.05,3925187071,a85fd0b4ff3cac46f0ad9974c9889fe7db0d69a9cc0a797259c2c8bf4f2911af,592,448,0.11844642266625083
dual_center,8109,8,2023-09-07 14:00:00+08:00,C06,60,0.5,0.05,3333453272,7b7ab8641c896a6ed175d628cc3aaf756cfd120cc40101ad778e26089652cc51,286,148,0.10898359229843303
dual_center,8109,8,2023-09-07 14:00:00+08:00,C07,0,0.2,0.15,3067069332,cde3f8c389e0e2f46c37be391ef9ff87cfa07ed08be0e0f88ce6cba199e04e39,459,459,0.11844642266625083
dual_center,8110,4,2023-09-07 13:00:00+08:00,C00,0,0.0,0.0,518022000,46652f48d1910af683773f7ff913a909a6047f185d3bebe4694b30f3ab4c59dc,304,304,0.11844642266625083
dual_center,8110,4,2023-09-07 13:00:00+08:00,C01,10,0.2,0.05,2336036687,95e233386bee97add6b3a9696c104403f8db0ff87f2820874b5c3877a2d61c56,245,205,0.11844642266625083
dual_center,8110,4,2023-09-07 13:00:00+08:00,C02,30,0.5,0.15,733423838,43a6e6649e53447dff59d1e3eea9fed0deaf444f5b2fbe4895effb35724d2134,157,81,0.11157974744221155
dual_center,8110,4,2023-09-07 13:00:00+08:00,C03,60,0.2,0.15,1451722901,d8a8f16fb96b02786d8a1dca452d2aa7f017b0ac71361b0ace1964e9f055074e,253,12,0.03412003112901253
dual_center,8110,4,2023-09-07 13:00:00+08:00,C04,10,0.5,0.0,2324212582,50d2f05baa1b9162ab9ae2550248783292110ab96505e64f093e817a26c37416,152,133,0.11844642266625083
dual_center,8110,4,2023-09-07 13:00:00+08:00,C05,30,0.0,0.05,1926713146,103d1bab8d2824e699f75adf55f345a717f0bad276d79d90dcdd77bacf402f70,304,160,0.11844642266625083
dual_center,8110,4,2023-09-07 13:00:00+08:00,C06,60,0.5,0.05,1179758955,2e18bb536a0726ce73e2dad51caf7b1b758ebcf1e4659483edeb03fe8a5b38e3,150,5,0.014411815720967832
dual_center,8110,4,2023-09-07 13:00:00+08:00,C07,0,0.2,0.15,3742496694,faf26fed6d852526d3be2c2c15a3785783b599e1b157e8c32c5748ee03b6e6af,243,243,0.11844642266625083
dual_center,8110,8,2023-09-07 14:00:00+08:00,C00,0,0.0,0.0,533116021,d1f6c7143c1a1b50b0a3e74a8fc873453390168c3a75d139adf9446ceef04cf1,592,592,0.11844642266625083
dual_center,8110,8,2023-09-07 14:00:00+08:00,C01,10,0.2,0.05,2145176206,dc202a3b3fef0819a019bdfd5d583d18a845cf36dc17a5fdc82fd8a9a8e3c9c5,479,438,0.11844642266625083
dual_center,8110,8,2023-09-07 14:00:00+08:00,C02,30,0.5,0.15,1144986562,bdb24df0c76cd0f85b64a1fd0db99f1cd5f9c0cc1325d4361930be00da020860,283,207,0.11844642266625083
dual_center,8110,8,2023-09-07 14:00:00+08:00,C03,60,0.2,0.15,668835745,670145b9a30daeb7a2b2c8ba2420b5e1e372e8e2d97089e8ea61bd92bbdcf3b2,479,238,0.11844642266625083
dual_center,8110,8,2023-09-07 14:00:00+08:00,C04,10,0.5,0.0,3331207226,8ae4c8665103e6747c41ad4bbff19fcf0915f429ae2ee248ef1193b8bf5b08a6,315,287,0.11844642266625083
dual_center,8110,8,2023-09-07 14:00:00+08:00,C05,30,0.0,0.05,2202626793,fbbc89af605b2a803a138b357232f856375df39c319ae40d13ebd436e10c6e69,592,448,0.11844642266625083
dual_center,8110,8,2023-09-07 14:00:00+08:00,C06,60,0.5,0.05,1746645890,38b27b26ab7411caa658317baf50da356fe3050d33dc42f4c02431cea75aa8e8,304,158,0.11844642266625083
dual_center,8110,8,2023-09-07 14:00:00+08:00,C07,0,0.2,0.15,2415205426,1335b6f9161cbf92a4cb1ecfddbfeb266df0b3a508690d9f7d61650a5cb55591,474,474,0.11844642266625083
dual_center,8111,4,2023-09-07 13:00:00+08:00,C00,0,0.0,0.0,1538067772,e3b4bbe7d74c9a346e3dbd775c2d3207fdb3aeb6e5235d1bab62c226f3478700,304,304,0.11844642266625083
dual_center,8111,4,2023-09-07 13:00:00+08:00,C01,10,0.2,0.05,2417815064,6369c1eef812126ddd640c5f8dd27c41b2825a4a28344fbe3d79e8e32d5c4dd2,239,202,0.11844642266625083
dual_center,8111,4,2023-09-07 13:00:00+08:00,C02,30,0.5,0.15,467783183,4b8ff8ddd4172ae2393a6793ff808188af35f12446f7cab39d0a40c406f8c2ec,170,92,0.11305898201073043
dual_center,8111,4,2023-09-07 13:00:00+08:00,C03,60,0.2,0.15,2196380330,64319983637e569abd169b6305333eca43c9252e5b5333d69ddac3b3c4d744c8,242,11,0.02594386580263861
dual_center,8111,4,2023-09-07 13:00:00+08:00,C04,10,0.5,0.0,1007026478,01bbbd7ce3ba2d977daefa1226ed1b83e89297c8481ae20c470c2391867e7713,148,126,0.11591199764008595
dual_center,8111,4,2023-09-07 13:00:00+08:00,C05,30,0.0,0.05,961442538,05f1418ff36167391614cc2890b4b8cda555a628a5c3346338a2defdf5c7a7ef,304,160,0.11844642266625083
dual_center,8111,4,2023-09-07 13:00:00+08:00,C06,60,0.5,0.05,3530529225,fbaf4579f5d08e57e115eb79e5e866404546307a62345b72c1132a88dd6d0550,145,8,0.024307378130596864
dual_center,8111,4,2023-09-07 13:00:00+08:00,C07,0,0.2,0.15,3644382730,a734adadc01e96460c41a0775d3bd56d8f6b0119abacd9a388e58085b5bf8a39,247,247,0.11844642266625083
dual_center,8111,8,2023-09-07 14:00:00+08:00,C00,0,0.0,0.0,197476053,22cf5e50c8499f4fda5fc0759173c2187a9ccd3d40eb7f8e565ed070c97f2f7a,592,592,0.11844642266625083
dual_center,8111,8,2023-09-07 14:00:00+08:00,C01,10,0.2,0.05,1007105375,9b5e171ea21e519521a7ad3c0d439dddc910a491d78c0fb25636d9453331d6c5,468,429,0.11844642266625083
dual_center,8111,8,2023-09-07 14:00:00+08:00,C02,30,0.5,0.15,192350041,9eed19590a905a63ee1d7c98b80ca9d122c27b3adff0daa077d488ba0dfc11df,283,212,0.11844642266625083
dual_center,8111,8,2023-09-07 14:00:00+08:00,C03,60,0.2,0.15,457065811,a3b559ff2bbccedca95522a9e7c103f0a820307011db528e42fd86778e3acbba,476,242,0.11844642266625083
dual_center,8111,8,2023-09-07 14:00:00+08:00,C04,10,0.5,0.0,1042835113,b5ab5bc2e2a8c5edd1f4bf0d54a544b8bbcee302f812ca2e29f84f15765df899,317,290,0.11844642266625083
dual_center,8111,8,2023-09-07 14:00:00+08:00,C05,30,0.0,0.05,3012315380,afc05b94b8a5273cbb0f6638e8f7ff0ac5d27e317f40c5974d201746803ca275,592,448,0.11844642266625083
dual_center,8111,8,2023-09-07 14:00:00+08:00,C06,60,0.5,0.05,3156034384,1aa68eb8284a39b6e77fc214c22ecea0ab229d7e489623069094dc4dc378d09d,296,142,0.11667868995387808
dual_center,8111,8,2023-09-07 14:00:00+08:00,C07,0,0.2,0.15,1143878044,13372e41666808563e8d89aebd615ac31737af9a6f4a9a1a6bf2471929111997,486,486,0.11844642266625083
dual_center,8112,4,2023-09-07 13:00:00+08:00,C00,0,0.0,0.0,3804487014,3a34399f9599fd999277d7081228461ddee228830cd1f1a35c0b124d89ac067b,304,304,0.11844642266625083
dual_center,8112,4,2023-09-07 13:00:00+08:00,C01,10,0.2,0.05,1509515882,3ba94a90632ec5f6cd3a1d289757ef3ea4f996395c84484f48f58ceccb360df8,243,205,0.11844642266625083
dual_center,8112,4,2023-09-07 13:00:00+08:00,C02,30,0.5,0.15,2565077903,a636e8bc32774637298c3c798e3df4416072f3232ea4005d8f0e2c8f8def6e56,149,77,0.10286579845716105
dual_center,8112,4,2023-09-07 13:00:00+08:00,C03,60,0.2,0.15,3915762597,6149b0a65cbfa1d2a85457cf82f7f3609eab3dc0f59c7257d3e2e8e96a510eaf,247,13,0.03459281148894118
dual_center,8112,4,2023-09-07 13:00:00+08:00,C04,10,0.5,0.0,1608678209,a738b69d8bf06efb5182f2274ee880c7a05863f0633e763ab6d5f7dd5610e7f7,162,138,0.11479842232415559
dual_center,8112,4,2023-09-07 13:00:00+08:00,C05,30,0.0,0.05,3597476168,c3f827f40856a103ce6d4f3c58d1f2803d49b50ac23cdb4afce9f03bc8ce85d8,304,160,0.11844642266625083
dual_center,8112,4,2023-09-07 13:00:00+08:00,C06,60,0.5,0.05,4267792491,9aeeb11fd170344b64c11890af9e2ddc6bf6d5b900bfd34d11339666da54944f,158,13,0.03483196376256962
dual_center,8112,4,2023-09-07 13:00:00+08:00,C07,0,0.2,0.15,2632724392,1fd6cb52c7f3abfae4405b9f7cbfd9007a97e577cb1dfe72bee79a01d42a48ab,250,250,0.11844642266625083
dual_center,8112,8,2023-09-07 14:00:00+08:00,C00,0,0.0,0.0,4200967408,b5919ebaa34b3ba2e00d0c856a78668e927501a9c96c1aa661425e3e63ed1407,592,592,0.11844642266625083
dual_center,8112,8,2023-09-07 14:00:00+08:00,C01,10,0.2,0.05,2929161237,6338b22aad6fb173f7f3cfc7238ad2f1ef9a2660178f99d896ca1e9a08adb0f5,466,434,0.11844642266625083
dual_center,8112,8,2023-09-07 14:00:00+08:00,C02,30,0.5,0.15,1609603139,d9d727d31afd37dad2c4b66fd0c5af42cbd8dc26b356d7052a95012ffe121203,303,224,0.11844642266625083
dual_center,8112,8,2023-09-07 14:00:00+08:00,C03,60,0.2,0.15,995141552,622a3f5fac687879f04aaab0c4c92274796d105408446bcf3bf7e122f889669e,462,241,0.11844642266625083
dual_center,8112,8,2023-09-07 14:00:00+08:00,C04,10,0.5,0.0,927901905,189e675bb82580026fec5b50137ada445b41a39f823cd0c8db09c935bf8ed8bd,279,258,0.11844642266625083
dual_center,8112,8,2023-09-07 14:00:00+08:00,C05,30,0.0,0.05,2199151487,92c2fe6b62fc46dbdee7e23fccb6417d9132f68ed2a8b483afbedf1ec6bbafe1,592,448,0.11844642266625083
dual_center,8112,8,2023-09-07 14:00:00+08:00,C06,60,0.5,0.05,1803972974,5c4d3e78fcb768d51f8838565a795af16cc8fa756d0dac05af4b651c111f186f,298,153,0.11844642266625083
dual_center,8112,8,2023-09-07 14:00:00+08:00,C07,0,0.2,0.15,535769100,4941b82d62bb0176ac0da1c62f013d4a78001b4d6ca5292eed875dbdcdccfb53,486,486,0.11844642266625083
anisotropic_band,8101,4,2023-09-07 13:00:00+08:00,C00,0,0.0,0.0,1250486380,54b612db2ee046c34f9358274d9fccaddba89a65f612d145100b3aef40f0aa15,304,304,0.11844642266625083
anisotropic_band,8101,4,2023-09-07 13:00:00+08:00,C01,10,0.2,0.05,4056566021,dc588ab269cfe46bd9da62af0b8dd2809bf02dc68e3bbcab96fb4cc51075811c,250,210,0.11844642266625083
anisotropic_band,8101,4,2023-09-07 13:00:00+08:00,C02,30,0.5,0.15,1025538619,954559bb07f22df79ba5556054467c62741dbdbafdb27ecf8184fa6d74582109,155,78,0.1054447124498381
anisotropic_band,8101,4,2023-09-07 13:00:00+08:00,C03,60,0.2,0.15,2588800534,45cf4c7074f583a2ead3175babd0f1362fb23b01c9b30d6d5cf59471d63880ab,241,10,0.02368339222815675
anisotropic_band,8101,4,2023-09-07 13:00:00+08:00,C04,10,0.5,0.0,380085668,37d8e274c76ec834f02b9636ddf7ade64b5d2a92da541b9ade1eb0b28839545b,153,125,0.1144102956982022
anisotropic_band,8101,4,2023-09-07 13:00:00+08:00,C05,30,0.0,0.05,3400298190,0547ce20bd34bb127eba59dceeb62111873146a81ca2f52e3a5f89d5328fef13,304,160,0.11844642266625083
anisotropic_band,8101,4,2023-09-07 13:00:00+08:00,C06,60,0.5,0.05,3704595954,88dcef8686b6be61d50e0b0f6dff984ca16cc12279447284380d0bc74013aa13,151,10,0.028626545354626897
anisotropic_band,8101,4,2023-09-07 13:00:00+08:00,C07,0,0.2,0.15,1307516452,261b04b40194fe3a6348b0ef1c67019163924d7df72c477f0dd5232430318dc9,240,240,0.11844642266625083
anisotropic_band,8101,8,2023-09-07 14:00:00+08:00,C00,0,0.0,0.0,804584954,d16a53ec757233ac606362727418ccad05a83e6af7ed93c6f26430b7005f6cc6,592,592,0.11844642266625083
anisotropic_band,8101,8,2023-09-07 14:00:00+08:00,C01,10,0.2,0.05,2374486197,5a22033d59d7b5c5c0298a35881ef23034a074acece37e8674a8b39706ddfaaa,468,433,0.11844642266625083
anisotropic_band,8101,8,2023-09-07 14:00:00+08:00,C02,30,0.5,0.15,574293922,efbe7a3b1ae5b838d10a832a319508d6f1132c5d319f8f9df80ddd0357b7dc39,321,249,0.11844642266625083
anisotropic_band,8101,8,2023-09-07 14:00:00+08:00,C03,60,0.2,0.15,1052069201,7eab5a736cf27f7761cb0c2a2076af2bd3049a406ff6b67e28cb49f295b350d3,474,237,0.11844642266625083
anisotropic_band,8101,8,2023-09-07 14:00:00+08:00,C04,10,0.5,0.0,2849044046,ca0337f2d5696e0f33ccfc7aa5b1b69e2040d74b512a546a20bf43e3df4e186b,296,272,0.11844642266625083
anisotropic_band,8101,8,2023-09-07 14:00:00+08:00,C05,30,0.0,0.05,3657718657,27ae71d7ebea5ca2f7d934a6dc2e03732616e25b0501f5209c845a621f7da49a,592,448,0.11844642266625083
anisotropic_band,8101,8,2023-09-07 14:00:00+08:00,C06,60,0.5,0.05,463173018,66929fcc499b255c2332ffd776287fdb1095ac57e19549e0916a8d07067e2b6b,313,168,0.11844642266625083
anisotropic_band,8101,8,2023-09-07 14:00:00+08:00,C07,0,0.2,0.15,725973434,551ead75c38c543e9c75d930c1be0b86991ae5139a38825c0deea101ba929f9a,465,465,0.11844642266625083
anisotropic_band,8102,4,2023-09-07 13:00:00+08:00,C00,0,0.0,0.0,1578381697,d4599d99f44f8762cc95f4656b559f9bd1410d88e4101be1d8cb834f6c8a61ad,304,304,0.11844642266625083
anisotropic_band,8102,4,2023-09-07 13:00:00+08:00,C01,10,0.2,0.05,1359276591,b8d99d0821d5304ac226b6089898c000c9eeb60ffe54ae9826c6c3bf5ec2edb2,246,209,0.11844642266625083
anisotropic_band,8102,4,2023-09-07 13:00:00+08:00,C02,30,0.5,0.15,2521520170,3541d5a351254f722d2bab7d0afb1954c207f7afe3762cc7507f925f47e8685a,152,72,0.09724568742626447
anisotropic_band,8102,4,2023-09-07 13:00:00+08:00,C03,60,0.2,0.15,1005439405,606fdcd7ffb0b14ae12b415bd3da0f6f809825fa69b19d4428e6474fe0764e74,240,11,0.02811237249898366
anisotropic_band,8102,4,2023-09-07 13:00:00+08:00,C04,10,0.5,0.0,903392761,c0197b477c6e722e8d7b43478c6b86edcb111dbbd650559b6aac65eb924fe671,139,113,0.1162882671510707
anisotropic_band,8102,4,2023-09-07 13:00:00+08:00,C05,30,0.0,0.05,605878156,f74c25a7b8ee2bc248a7876f6010309473155555d437d0309b063d0838c9048a,304,160,0.11844642266625083
anisotropic_band,8102,4,2023-09-07 13:00:00+08:00,C06,60,0.5,0.05,465354509,2089464594c6ad79ce2092062452f4e70304ac5d2c827e4d9590d7146ae0aede,161,10,0.02192165398101212
anisotropic_band,8102,4,2023-09-07 13:00:00+08:00,C07,0,0.2,0.15,915041627,fb10afe275087363f489654131ac7b4668c78f57eae0ba35803cd03965a29a5d,240,240,0.11844642266625083
anisotropic_band,8102,8,2023-09-07 14:00:00+08:00,C00,0,0.0,0.0,876937566,3c4509ad67fe4f44fefe11d43ede3ff659cab79829a558f2fd88a4dc69f8fd30,592,592,0.11844642266625083
anisotropic_band,8102,8,2023-09-07 14:00:00+08:00,C01,10,0.2,0.05,1208272290,3ee35a1b2b4ed45f9c15f1f59d43fa0ca50329d4a622d2ee64b71e4477727a42,469,432,0.11844642266625083
anisotropic_band,8102,8,2023-09-07 14:00:00+08:00,C02,30,0.5,0.15,1259735189,428dd9d49f0ed23a82aa78d0fe91a87815df91b73e800ce0bab9869690b1931b,329,247,0.11844642266625083
anisotropic_band,8102,8,2023-09-07 14:00:00+08:00,C03,60,0.2,0.15,1481605936,fd4cc95d95d63bc9570749c199f8be8e025229cca8030f3a4160c932b49676be,474,241,0.11844642266625083
anisotropic_band,8102,8,2023-09-07 14:00:00+08:00,C04,10,0.5,0.0,2262419828,0012d4d8e7d2b7347be315534136c5464bd89120b82297e1902fb542d0495dc2,288,269,0.11844642266625083
anisotropic_band,8102,8,2023-09-07 14:00:00+08:00,C05,30,0.0,0.05,3951769572,22215733b2070fdcdd2d64f006f2e0057a3c7a8fbf446520ec1424573e003957,592,448,0.11844642266625083
anisotropic_band,8102,8,2023-09-07 14:00:00+08:00,C06,60,0.5,0.05,3978555565,ab30edbd920f209ede40e743b48d8974f18d633d57fa018f1c115ce8ed9e92db,294,143,0.11844642266625083
anisotropic_band,8102,8,2023-09-07 14:00:00+08:00,C07,0,0.2,0.15,2542632374,a904659e4e04d2ae2eeb43114233bb9c98716254ba2297e17f4bb6ba98e85fc4,482,482,0.11844642266625083
anisotropic_band,8103,4,2023-09-07 13:00:00+08:00,C00,0,0.0,0.0,1454935969,555d51ee128d2bf0af98a4f14dbffb2324cd3500af663b43b29d3322dd65e054,304,304,0.11844642266625083
anisotropic_band,8103,4,2023-09-07 13:00:00+08:00,C01,10,0.2,0.05,3081286675,f598600c122071c69ceb4d6016416b251a3b0bfc1fa30d07f11bbe09c6cc15f7,232,195,0.11844642266625083
anisotropic_band,8103,4,2023-09-07 13:00:00+08:00,C02,30,0.5,0.15,471973398,d6904d1d8a57adf3e7ea3011e14a01ee19f088f67ece276d8cf568c81d34b00d,161,82,0.09774531533518085
anisotropic_band,8103,4,2023-09-07 13:00:00+08:00,C03,60,0.2,0.15,2321316082,81242ad16a0c1815333ba09791d0ca402e47978c84a36f5c17a5583b6481c299,243,11,0.02259968418668242
anisotropic_band,8103,4,2023-09-07 13:00:00+08:00,C04,10,0.5,0.0,2157935095,3de6230ecb64c20238dd7a93312ec98952b68c916d2a8c86e2a034c149ca19a0,152,124,0.11209284779010723
anisotropic_band,8103,4,2023-09-07 13:00:00+08:00,C05,30,0.0,0.05,2784449713,d615cc3ea7c03eb01404448c31ea6766504832cf924510e0956d80b000d881e0,304,160,0.11844642266625083
anisotropic_band,8103,4,2023-09-07 13:00:00+08:00,C06,60,0.5,0.05,4008431337,7602bb7448e8a5ecfe9d5856bf56365a1fa49fbd4a0e11230aecba80d9c66025,155,9,0.0210501600879348
anisotropic_band,8103,4,2023-09-07 13:00:00+08:00,C07,0,0.2,0.15,600537184,e222d9dc2d5c9f67ad52bb9fa2e04b6dc8bb420beeb8e0b84cc98ede7c543422,242,242,0.11844642266625083
anisotropic_band,8103,8,2023-09-07 14:00:00+08:00,C00,0,0.0,0.0,161762600,2d4e0ec546d55437fb63fdc16f9d7ca6cee6ef8ae68b4df612394cc4119a5b5e,592,592,0.11844642266625083
anisotropic_band,8103,8,2023-09-07 14:00:00+08:00,C01,10,0.2,0.05,1759225842,5e7f1c82418896e58a34519a4e0ee6779441fe2cdf9ce4b0cb6cc79591f8d7a1,479,442,0.11844642266625083
anisotropic_band,8103,8,2023-09-07 14:00:00+08:00,C02,30,0.5,0.15,3702800602,3a509d85ea79b3b690c2c29e0a867255b566f0161db09792d02c576767e97993,295,227,0.11844642266625083
anisotropic_band,8103,8,2023-09-07 14:00:00+08:00,C03,60,0.2,0.15,2184534622,ed451a25ca60cba4ba93104b678caf0b65a85be59c8a8121abe03b4adc3a97b9,448,219,0.11706314302683066
anisotropic_band,8103,8,2023-09-07 14:00:00+08:00,C04,10,0.5,0.0,1431798098,d5dd645bb1c4ab372b9e451aff10973759b16843aa3f02f9089b21ae40b47214,308,282,0.11844642266625083
anisotropic_band,8103,8,2023-09-07 14:00:00+08:00,C05,30,0.0,0.05,3226805998,093a49d3dfaa0eb65ff0e9e2d5dcf72c811207a412ec0e7044e5acdc34025ffc,592,448,0.11844642266625083
anisotropic_band,8103,8,2023-09-07 14:00:00+08:00,C06,60,0.5,0.05,4221162909,a87e49e58b68d25283d93ee2eaf2abc468f2cf8b6650bfab2b7d4349ae0ccba1,326,163,0.11844642266625083
anisotropic_band,8103,8,2023-09-07 14:00:00+08:00,C07,0,0.2,0.15,254476993,c4f4231df4712c22363a42cd5de47d5aa15bf494516a555fdc79025366768c28,461,461,0.11844642266625083
anisotropic_band,8104,4,2023-09-07 13:00:00+08:00,C00,0,0.0,0.0,125010306,7026e8a9803f8a4134b023ac34e9dee4d8d7c72c94cb925a64715d7a1a8360b1,304,304,0.11844642266625083
anisotropic_band,8104,4,2023-09-07 13:00:00+08:00,C01,10,0.2,0.05,3376075078,fd86f241798f4fc0b3320e6f48dc7eea5a6ff60d97e4bfafb37bdf19c9903761,245,208,0.11844642266625083
anisotropic_band,8104,4,2023-09-07 13:00:00+08:00,C02,30,0.5,0.15,2625881904,e6f71c2f341491d746c686db58298cda212b4d41997ddf1e8ec9b577435d5be0,153,83,0.088430581760096
anisotropic_band,8104,4,2023-09-07 13:00:00+08:00,C03,60,0.2,0.15,2897260493,76b143eea64a1cdbc1677e6e2e1edcbbf559d25a158ec7800fa02537a02d6fb1,239,14,0.03177181052249957
anisotropic_band,8104,4,2023-09-07 13:00:00+08:00,C04,10,0.5,0.0,1353674960,da561ed58c6da1b576ecf0bdd16884714d225f8c8109b1d32039cc08a58ff7fb,155,128,0.11526145753469108
anisotropic_band,8104,4,2023-09-07 13:00:00+08:00,C05,30,0.0,0.05,2598845867,60bc7c5492fe624f640f036cc4dd5242d7dd1dddf5d659798c8796c2d8f569a1,304,160,0.11844642266625083
anisotropic_band,8104,4,2023-09-07 13:00:00+08:00,C06,60,0.5,0.05,3959377008,b2062fc63f21a5a61c4ad9be15bf2253e13fa01a4453235edb215ec1564b6deb,145,7,0.01898322357079643
anisotropic_band,8104,4,2023-09-07 13:00:00+08:00,C07,0,0.2,0.15,270661202,a75b575d9f3abf51d82e0f93bd0133019b9273c916e06c849fd2c9e25122c2ea,247,247,0.11844642266625083
anisotropic_band,8104,8,2023-09-07 14:00:00+08:00,C00,0,0.0,0.0,3995255333,fa26fcbaf0bb263d0813b067d492a1be6db17fb3a464e48910b8332390ed7589,592,592,0.11844642266625083
anisotropic_band,8104,8,2023-09-07 14:00:00+08:00,C01,10,0.2,0.05,1183018402,14150276f9d4275537bd1db64fc2bf03425533cabb342107ccf9b96627122660,482,449,0.11844642266625083
anisotropic_band,8104,8,2023-09-07 14:00:00+08:00,C02,30,0.5,0.15,990371644,9ec6596359893df387d1493dec669ace4af09a676b397a791c190196f6a00c8d,316,234,0.11844642266625083
anisotropic_band,8104,8,2023-09-07 14:00:00+08:00,C03,60,0.2,0.15,3629087080,7ec6d41d0e0cbc997e104e85af6eb51f9fecd1ca7fe1e5d9baeb4410906db726,489,248,0.11844642266625083
anisotropic_band,8104,8,2023-09-07 14:00:00+08:00,C04,10,0.5,0.0,757502204,3759e445c00a876d6298ed312e2d5c59c10544e9843385fa28f70a21360d8603,293,269,0.11844642266625083
anisotropic_band,8104,8,2023-09-07 14:00:00+08:00,C05,30,0.0,0.05,1400417740,64b882e7e3458a68a3720c6bb9251490bd077575da84df91863c59145c21ef9a,592,448,0.11844642266625083
anisotropic_band,8104,8,2023-09-07 14:00:00+08:00,C06,60,0.5,0.05,643243160,c9b53a6261eb3aafd5c4dd405adf50465142fd45ee611108085c0ab626d7a233,283,140,0.11751059238816872
anisotropic_band,8104,8,2023-09-07 14:00:00+08:00,C07,0,0.2,0.15,384653660,d846ead46fd7cfad42bc615c6cc8aca154f7c317c5e4af71d7cfd83111e89c20,476,476,0.11844642266625083
anisotropic_band,8105,4,2023-09-07 13:00:00+08:00,C00,0,0.0,0.0,2112312648,2041305759b66a00418e8134088dd5e02103c362d927da3465227c5c99c0eb99,304,304,0.11844642266625083
anisotropic_band,8105,4,2023-09-07 13:00:00+08:00,C01,10,0.2,0.05,3669735027,442765d76ff5def8dc2f01a74904b34a99540649720292ce6e5cb49389a82903,248,211,0.11844642266625083
anisotropic_band,8105,4,2023-09-07 13:00:00+08:00,C02,30,0.5,0.15,2821282487,59889c8cae9e5991ac2bdcb8ed2d193cf7a694d34ecbd8b92fa417480cdff693,132,72,0.10240434548909008
anisotropic_band,8105,4,2023-09-07 13:00:00+08:00,C03,60,0.2,0.15,4159404847,49cf6355a37a1c2b8cfe1dbcc38dad8a7d686591952ade40a788c4819abed284,247,14,0.0340608379437818
anisotropic_band,8105,4,2023-09-07 13:00:00+08:00,C04,10,0.5,0.0,3353022037,8551346a9ea8509bc2e8501693c93ef459c23dfa3abac5faf4ad2711c297c7da,152,123,0.11743655148790949
anisotropic_band,8105,4,2023-09-07 13:00:00+08:00,C05,30,0.0,0.05,2852679754,68f4b101b8bbf0640655b4862070f854266b1dd8695fb548abc557ecab113ef4,304,160,0.11844642266625083
anisotropic_band,8105,4,2023-09-07 13:00:00+08:00,C06,60,0.5,0.05,1242615544,d39a3c3fb0c6610917969f0e86b1b8a630792d662da5916e91cebfcc4ff82a3b,158,5,0.011220682689252135
anisotropic_band,8105,4,2023-09-07 13:00:00+08:00,C07,0,0.2,0.15,466979104,e558c54155b9eb81ae4bfeebe52ebc386cb579c483955972261ee3f4c96fdd4e,236,236,0.11844642266625083
anisotropic_band,8105,8,2023-09-07 14:00:00+08:00,C00,0,0.0,0.0,1516298951,c4355ae5adfbcc4f6f0b80100bcda4c8e837bc4abdd4dcb0a0515bc6b9e8fd03,592,592,0.11844642266625083
anisotropic_band,8105,8,2023-09-07 14:00:00+08:00,C01,10,0.2,0.05,1024485465,5bc44423deefe46ef770fb102c02355ffaed0a61bb2e099d86fd288e7038d3d2,458,426,0.11844642266625083
anisotropic_band,8105,8,2023-09-07 14:00:00+08:00,C02,30,0.5,0.15,567051008,5d1759db55d76d1029abd17dff67db5f08d9439c051a0035dff43630e903b644,291,223,0.11844642266625083
anisotropic_band,8105,8,2023-09-07 14:00:00+08:00,C03,60,0.2,0.15,4136360331,0a3a4c354586991abfe21c3fdbb48672842d46442fab71b337ff48b9a5b8054e,456,230,0.11844642266625083
anisotropic_band,8105,8,2023-09-07 14:00:00+08:00,C04,10,0.5,0.0,783828673,97687a18c59579174a98e5ab1e707bfeb088dd2e88bbb8823f0c3b3d98d38574,299,271,0.11844642266625083
anisotropic_band,8105,8,2023-09-07 14:00:00+08:00,C05,30,0.0,0.05,63789495,b3b9942461efa0fdad31ddc765281d5c8bfebd0f511c6012567574b1c7f7d926,592,448,0.11844642266625083
anisotropic_band,8105,8,2023-09-07 14:00:00+08:00,C06,60,0.5,0.05,3905508822,8ac6283916973cc9199118a2185dae4bb48d8022494bf357fec1f4d064ae001c,301,150,0.11844642266625083
anisotropic_band,8105,8,2023-09-07 14:00:00+08:00,C07,0,0.2,0.15,3724002574,4eea66657b8b64820f828081c582ee0c76388a173a3e7650caa77cc315f45c05,471,471,0.11844642266625083
anisotropic_band,8106,4,2023-09-07 13:00:00+08:00,C00,0,0.0,0.0,1310167051,7d9c92eca10e286995ee420afbad8ed9a2dca9c0455822729c9bca5a87bc8676,304,304,0.11844642266625083
anisotropic_band,8106,4,2023-09-07 13:00:00+08:00,C01,10,0.2,0.05,2152867071,62e96b3d577c239eb9e9fd53db1bcc8dd4923f5bf2a1e4757c10ac02f42b2f0b,236,202,0.11844642266625083
anisotropic_band,8106,4,2023-09-07 13:00:00+08:00,C02,30,0.5,0.15,616335123,c2ab673a036bbbd8ea0c62f03c4e8586c250e3485c4f5efab412a6e33f5abefc,157,94,0.11049943172692596
anisotropic_band,8106,4,2023-09-07 13:00:00+08:00,C03,60,0.2,0.15,2704489326,d1f019b5fa2b112c1fa216cb9df3c9cb0dd442e3a8539c49432d1fc59e24bdeb,251,14,0.03780818693574432
anisotropic_band,8106,4,2023-09-07 13:00:00+08:00,C04,10,0.5,0.0,3782189920,28a87be16d3b42f5d4ca3ca10cc4bea53137a9b2d10a18178e1ca36c968b99e4,163,142,0.11486419605627798
anisotropic_band,8106,4,2023-09-07 13:00:00+08:00,C05,30,0.0,0.05,3171503491,c3473a0f1af46c87aa418c250f0192397945c55ad72aaa96c28070f441dba3cf,304,160,0.11844642266625083
anisotropic_band,8106,4,2023-09-07 13:00:00+08:00,C06,60,0.5,0.05,3341983276,97d5180782f9ac37a8fd6d54061648a17a49393074ef0328a8e2f4b13a77d8aa,145,8,0.02158427180370802
anisotropic_band,8106,4,2023-09-07 13:00:00+08:00,C07,0,0.2,0.15,3397247142,ab07a3abcef47c29aa1f7115198bc4c0e184c7c713f58828125701a3101023d8,233,233,0.11844642266625083
anisotropic_band,8106,8,2023-09-07 14:00:00+08:00,C00,0,0.0,0.0,3374896989,a8606745c0617836bb761beb0c39f90a1483e1e06c8de861fd5b07ee172bfd7b,592,592,0.11844642266625083
anisotropic_band,8106,8,2023-09-07 14:00:00+08:00,C01,10,0.2,0.05,396656782,cb611c74c727192d58ab036a906f7e57cbb8ceb166547b39e0c2492eb59f1c1a,484,443,0.11844642266625083
anisotropic_band,8106,8,2023-09-07 14:00:00+08:00,C02,30,0.5,0.15,549690588,cf59774b032dd4069af6ed6fb931c784a68d848ad0e5cb6e7399c1d9a370bb0d,275,215,0.11844642266625083
anisotropic_band,8106,8,2023-09-07 14:00:00+08:00,C03,60,0.2,0.15,2546169653,c0c539e5847fe69dc8683b09f6e7333fd35019b6085943d4ce1f8a36a848f449,484,240,0.11844642266625083
anisotropic_band,8106,8,2023-09-07 14:00:00+08:00,C04,10,0.5,0.0,2385143714,008d8a62c674116343cf4522821a468745d8889f93829f3515ab41803f0664bd,306,285,0.11667868995387808
anisotropic_band,8106,8,2023-09-07 14:00:00+08:00,C05,30,0.0,0.05,3415578899,2d6e9319fe1a3a408286e8e5519fe226460c51ab3c199ba6dac95bc457b1e016,592,448,0.11844642266625083
anisotropic_band,8106,8,2023-09-07 14:00:00+08:00,C06,60,0.5,0.05,603356906,b908a93765ad7572175bba9e56a457babbce7d846f8fb9229bf5fded41e7edd9,305,160,0.11844642266625083
anisotropic_band,8106,8,2023-09-07 14:00:00+08:00,C07,0,0.2,0.15,946731562,44da5de67a5738f3d4ea41fa3b418b8ad641e49644ab08c8415430871cc25f4e,470,470,0.11844642266625083
anisotropic_band,8107,4,2023-09-07 13:00:00+08:00,C00,0,0.0,0.0,413434214,e1bd520a6fa780f213c263799255dab74a241d051e69f1b1926f173b7117ebfe,304,304,0.11844642266625083
anisotropic_band,8107,4,2023-09-07 13:00:00+08:00,C01,10,0.2,0.05,2052012948,9e80d54cafc94ee1bab7c16a9591c4b97eb4a6d41a07bdd159c05008bcb3b4f4,251,212,0.11844642266625083
anisotropic_band,8107,4,2023-09-07 13:00:00+08:00,C02,30,0.5,0.15,1151229826,1aa4612681b635ff7461dc12b013e3424ab4013397a0d77f4b8c01d2e4a4136c,147,78,0.10386521273640638
anisotropic_band,8107,4,2023-09-07 13:00:00+08:00,C03,60,0.2,0.15,1597140374,e18dbe26c21f305c92c6f3055ac3dee427120b4711fad7d9b98e8db33dc121d7,250,11,0.02569827727390747
anisotropic_band,8107,4,2023-09-07 13:00:00+08:00,C04,10,0.5,0.0,2873877945,caa241e1603edeeefcb6b5199f425f0dfdff782fbdcc365db0cede70acb64345,160,135,0.11530926267346668
anisotropic_band,8107,4,2023-09-07 13:00:00+08:00,C05,30,0.0,0.05,608482354,b461fe138b83309702f899bdf33c2afae147d10e76fe904780ee454e4f1eb240,304,160,0.11844642266625083
anisotropic_band,8107,4,2023-09-07 13:00:00+08:00,C06,60,0.5,0.05,19372609,f751a6b1525c45167a9026fb5f578f5a411164323522b10a36967622d808cbd3,154,9,0.021117803539529464
anisotropic_band,8107,4,2023-09-07 13:00:00+08:00,C07,0,0.2,0.15,2552321526,6a9a1306895c95af8ed5f57de07c2399b630e72a8980110bc3bc71ecf784eda8,234,234,0.11844642266625083
anisotropic_band,8107,8,2023-09-07 14:00:00+08:00,C00,0,0.0,0.0,3311729686,7848e6dff6e2e40c11cb02b4f0dfb1220d92a121e7bd6830aedd2e5c6325f460,592,592,0.11844642266625083
anisotropic_band,8107,8,2023-09-07 14:00:00+08:00,C01,10,0.2,0.05,400137001,c268b96f24dd1422b27847697c61145126af058f948b3850b10ac129c6b35ed9,475,435,0.11844642266625083
anisotropic_band,8107,8,2023-09-07 14:00:00+08:00,C02,30,0.5,0.15,3905100657,bd0e4fffeaefcd211558994894d4e7fae844b58f42d7d1e2fbe2288474489d61,283,220,0.11844642266625083
anisotropic_band,8107,8,2023-09-07 14:00:00+08:00,C03,60,0.2,0.15,1079949079,24a8fcc98cfb5af35f42f28c6b2c4f8bc8e3f66634a0486cfb8975b2c3e31fec,480,250,0.11844642266625083
anisotropic_band,8107,8,2023-09-07 14:00:00+08:00,C04,10,0.5,0.0,3516637254,f999b231e7b43897c922d55eb7ab935bbc7b7d75b63268c476919d4f24fedde3,308,287,0.11844642266625083
anisotropic_band,8107,8,2023-09-07 14:00:00+08:00,C05,30,0.0,0.05,438217023,ef90bff4b032e90d24cbbb9edd3ab7ea3769658781a3b8597feaf24d5b3e4726,592,448,0.11844642266625083
anisotropic_band,8107,8,2023-09-07 14:00:00+08:00,C06,60,0.5,0.05,3343806502,0498b1a2f839668b119bcbb21745614698125c4677d00e0cab3ae2c51991ab31,305,161,0.11844642266625083
anisotropic_band,8107,8,2023-09-07 14:00:00+08:00,C07,0,0.2,0.15,3678091230,ba556864ffb7fa3367e82c3cc98d372e0917397c0ccbaecb19942732eacfb9f7,469,469,0.11844642266625083
anisotropic_band,8108,4,2023-09-07 13:00:00+08:00,C00,0,0.0,0.0,4124910702,be2211d1eadacb77266139c940cbbfade093851efffc6e91c698deb5ebd649f9,304,304,0.11844642266625083
anisotropic_band,8108,4,2023-09-07 13:00:00+08:00,C01,10,0.2,0.05,1463385878,2bdd601559b271cad748e05b49f654f0c7b44fe96b5cc8667fbc188ecb254ae3,237,196,0.11844642266625083
anisotropic_band,8108,4,2023-09-07 13:00:00+08:00,C02,30,0.5,0.15,3074417645,bfbba9153381d1f7469ca735aee5ebf793bc4d7b8a295e754b626df98bb46d78,145,76,0.10993434175744299
anisotropic_band,8108,4,2023-09-07 13:00:00+08:00,C03,60,0.2,0.15,771581524,bcda3d6b6bf30e8d0f4b7319c886d5b3b6c9702b227794bf88f5c97cd5bd5149,242,13,0.03514454598525613
anisotropic_band,8108,4,2023-09-07 13:00:00+08:00,C04,10,0.5,0.0,3272938813,b8c972b3ec2610b1e38b4240bac11462a66a8c1d671749fa72cd5738d96ca8b3,151,127,0.1162882671510707
anisotropic_band,8108,4,2023-09-07 13:00:00+08:00,C05,30,0.0,0.05,2444070063,9a836c6b2e733e98b1fe83619ca90e2a386cb095bcec35ae22ff7676ba2af4b9,304,160,0.11844642266625083
anisotropic_band,8108,4,2023-09-07 13:00:00+08:00,C06,60,0.5,0.05,4047934104,8621336d1e46161c14b3f2ad76d15c5f7840bb27ef6c4fa6afee3a092a806442,158,13,0.03318339674266968
anisotropic_band,8108,4,2023-09-07 13:00:00+08:00,C07,0,0.2,0.15,2302210876,685b0eda9a214982e07fb27c147fd7d3f8fd8fcfb99d11f126a24c366a5d01d2,244,244,0.11844642266625083
anisotropic_band,8108,8,2023-09-07 14:00:00+08:00,C00,0,0.0,0.0,4003120324,5bb9263df2f0f0238773c014a1d5f0236e5dba5f7799d714444f0d464d6cdb57,592,592,0.11844642266625083
anisotropic_band,8108,8,2023-09-07 14:00:00+08:00,C01,10,0.2,0.05,1416395974,75d6dd9daaabcf5ef5d480595f14f5134571e5de3fc1b0091f9b27c43a937390,468,429,0.11844642266625083
anisotropic_band,8108,8,2023-09-07 14:00:00+08:00,C02,30,0.5,0.15,1150118500,5e2914dd9f9ea61699340a86dca76c4bb53501b9db8159d5388cc4106344f64d,282,217,0.11844642266625083
anisotropic_band,8108,8,2023-09-07 14:00:00+08:00,C03,60,0.2,0.15,1152197434,2a13845ec4f9a402dc3b59756f52150fece2d47dc0f553522e569443b0fff463,483,239,0.11844642266625083
anisotropic_band,8108,8,2023-09-07 14:00:00+08:00,C04,10,0.5,0.0,1273137853,691a94a1bf600281059168fd1adc57a15e6adf80582409fb809302769aee6d8f,296,262,0.11844642266625083
anisotropic_band,8108,8,2023-09-07 14:00:00+08:00,C05,30,0.0,0.05,4025985934,d3a1135034bc973487204adc2bd99a04a6a88c1dad47c91875854ec2d22ad902,592,448,0.11844642266625083
anisotropic_band,8108,8,2023-09-07 14:00:00+08:00,C06,60,0.5,0.05,2473929700,f06cef2a482dabe425f114eed33e805ff54150d772cc8c14571b6244a2d7cbbe,294,155,0.11768695031794184
anisotropic_band,8108,8,2023-09-07 14:00:00+08:00,C07,0,0.2,0.15,1121749942,117b0075e7eff6e44bd8fb4301a98eec51ab863cc62d234e7683fa6aee58baad,480,480,0.11844642266625083
anisotropic_band,8109,4,2023-09-07 13:00:00+08:00,C00,0,0.0,0.0,586480872,d4f2cd44bfcdf5c136654bd96aefcd9a3d0770860f50390eada588fe89215406,304,304,0.11844642266625083
anisotropic_band,8109,4,2023-09-07 13:00:00+08:00,C01,10,0.2,0.05,936168921,f8c7e83f578d91f18fdbf873a391a2a6cfacd7112d1326abf5dc92e1cf3013c9,246,207,0.11844642266625083
anisotropic_band,8109,4,2023-09-07 13:00:00+08:00,C02,30,0.5,0.15,617966865,8d2fe3c87bb955612a527dbf1cce290a8adce28eb6f114c0b7e60bfef07dda9b,144,76,0.10489421305416893
anisotropic_band,8109,4,2023-09-07 13:00:00+08:00,C03,60,0.2,0.15,582112486,e4766236cc28630527c47340b25a1ef1bfa4c5b0683ce4a43421552f7b7ba1cb,229,13,0.030319791847596
anisotropic_band,8109,4,2023-09-07 13:00:00+08:00,C04,10,0.5,0.0,3511941438,a58bec864618ade8f76043984f81e5d656ba7b679a58e5ddb0dc13dbb23865c0,159,132,0.11661400575826361
anisotropic_band,8109,4,2023-09-07 13:00:00+08:00,C05,30,0.0,0.05,1720122362,3b306f93563c93a7e9b6446d2c3c180deab0e2163785fabd787650305f3188e4,304,160,0.11844642266625083
anisotropic_band,8109,4,2023-09-07 13:00:00+08:00,C06,60,0.5,0.05,1810375835,5ea90373eb0bbb4bf95283ff562cc3dac47563ca0caff2a070d5f493d1f3b137,156,11,0.03058026055590864
anisotropic_band,8109,4,2023-09-07 13:00:00+08:00,C07,0,0.2,0.15,1786534030,521e4832400b092520901898e1834bb13bb12afa7074dbd8c05b8225ac91bc2f,237,237,0.11844642266625083
anisotropic_band,8109,8,2023-09-07 14:00:00+08:00,C00,0,0.0,0.0,81706943,9c51cb7864cfc3bd8dece3202fa404c9cab1f326a714ffc420ef6525809859d1,592,592,0.11844642266625083
anisotropic_band,8109,8,2023-09-07 14:00:00+08:00,C01,10,0.2,0.05,3693605785,46bccc6e19134bfb55145c9b7800368f94de64e6694a29334741b69c9588f0ba,484,449,0.11844642266625083
anisotropic_band,8109,8,2023-09-07 14:00:00+08:00,C02,30,0.5,0.15,3864360981,073a0155ba887207a565f70204874beed73971d62127edd89e8f671b6d8547f8,307,244,0.11661194889432476
anisotropic_band,8109,8,2023-09-07 14:00:00+08:00,C03,60,0.2,0.15,506971532,4e7411ca3ecdf90d97062d2cde4f301b84734e5b5787d65854b9ff1d80acf806,466,236,0.11844642266625083
anisotropic_band,8109,8,2023-09-07 14:00:00+08:00,C04,10,0.5,0.0,2331654829,85ab704c332279015c6c5aa21e92f09ef33040172d72b25e46cf862de393f94b,314,283,0.11844642266625083
anisotropic_band,8109,8,2023-09-07 14:00:00+08:00,C05,30,0.0,0.05,4061108548,ee51af0a4fa1fd6757b6df57534bf876567a149d815ac16bf0530616f2e289db,592,448,0.11844642266625083
anisotropic_band,8109,8,2023-09-07 14:00:00+08:00,C06,60,0.5,0.05,3978136037,dc6578cb86dce0eab93dad5ec6519c9cca66ba4d90ce7b7276ab6bd7a0c96964,285,157,0.11844642266625083
anisotropic_band,8109,8,2023-09-07 14:00:00+08:00,C07,0,0.2,0.15,1931515072,8f2062ea8ee9330b14864b39a918aac32ad8c0644df36df8e2b2b5f0501ffdca,456,456,0.11844642266625083
anisotropic_band,8110,4,2023-09-07 13:00:00+08:00,C00,0,0.0,0.0,4003516445,84d64d4bc8d02bf9bf374e7d52c9d439d5e38a8c2c46f602359dd89f32655a1f,304,304,0.11844642266625083
anisotropic_band,8110,4,2023-09-07 13:00:00+08:00,C01,10,0.2,0.05,1501546374,5577b7e285341eb86d4a5711def67bef8632aacdafe2570d581ab774f6343fd9,260,217,0.11844642266625083
anisotropic_band,8110,4,2023-09-07 13:00:00+08:00,C02,30,0.5,0.15,3480573150,5ed4e29b530f8a20abd076a5a351a40910e7786ec7ef62a5f9191ebdf3e4a4a6,146,86,0.11247513298209058
anisotropic_band,8110,4,2023-09-07 13:00:00+08:00,C03,60,0.2,0.15,1782656818,5155e2879c4659a828394634f62875b2c9f73c6c9f61b28e63b7399b90712dd4,236,12,0.02758304776738361
anisotropic_band,8110,4,2023-09-07 13:00:00+08:00,C04,10,0.5,0.0,569641669,d7742a677a9545396a85f8f865112040cf3e7bddfa3a4d639af1cd0220661779,148,124,0.11844642266625083
anisotropic_band,8110,4,2023-09-07 13:00:00+08:00,C05,30,0.0,0.05,2735316681,4040b7169caf89b401b7657f0db5d903d8511ae6cb0706b35ff2a4f91a7e829a,304,160,0.11844642266625083
anisotropic_band,8110,4,2023-09-07 13:00:00+08:00,C06,60,0.5,0.05,3910180744,f23a7e0effacb3ca57acd047fd64fd6fcdb05b2e3a203dd8a52e15f8324b2e9e,146,11,0.023208093686127564
anisotropic_band,8110,4,2023-09-07 13:00:00+08:00,C07,0,0.2,0.15,235823999,6f7a7804b3a22c01a528539531c1f40b664d5b7eea76ac9d0cb947a33ff94f54,248,248,0.11844642266625083
anisotropic_band,8110,8,2023-09-07 14:00:00+08:00,C00,0,0.0,0.0,3956991887,5010bb68a715815f5b0fde4bfb222dfa32c1727159a6dc0c964762560a81dc97,592,592,0.11844642266625083
anisotropic_band,8110,8,2023-09-07 14:00:00+08:00,C01,10,0.2,0.05,2874602188,fb72a8fd2c738047f06e177555a1951ec28860d76532df05a891f45b0ddaaa98,474,440,0.11844642266625083
anisotropic_band,8110,8,2023-09-07 14:00:00+08:00,C02,30,0.5,0.15,209749365,11d4e63007367d052c65a6dd5ad8c0962b6f023226b0e9781dda67825c9e8b47,302,228,0.11844642266625083
anisotropic_band,8110,8,2023-09-07 14:00:00+08:00,C03,60,0.2,0.15,3523952151,e29d12eaa16970749ee8ab0c9fc3e5cb8777c2c4e546de0f3d5a33e511bc1849,468,243,0.11844642266625083
anisotropic_band,8110,8,2023-09-07 14:00:00+08:00,C04,10,0.5,0.0,2806693285,eba00b53e39e4e58df98103b97f4bbeb832cd082aca954ca261fed76ddc21733,305,281,0.11844642266625083
anisotropic_band,8110,8,2023-09-07 14:00:00+08:00,C05,30,0.0,0.05,3755829964,9d504e3537872304233ea9f2309be4056a1bb060434cfc76f0cf1330357c46c0,592,448,0.11844642266625083
anisotropic_band,8110,8,2023-09-07 14:00:00+08:00,C06,60,0.5,0.05,861686953,b13b1bf783e0a9368f3a6ca03abbe5948ab88d300fe775a818543f3d494c5753,282,137,0.11844642266625083
anisotropic_band,8110,8,2023-09-07 14:00:00+08:00,C07,0,0.2,0.15,3225925038,eff1afe912441c57caa90fd1363413bc0ab9812be64077ee76733254a873f435,462,462,0.11844642266625083
anisotropic_band,8111,4,2023-09-07 13:00:00+08:00,C00,0,0.0,0.0,3810470425,43d8576f5848fc6cd6ab614e66ab292a17eee60c1e5ee2d4ef4583ba9b4112bc,304,304,0.11844642266625083
anisotropic_band,8111,4,2023-09-07 13:00:00+08:00,C01,10,0.2,0.05,3808618748,1ac675a6dd7e4c936540c92aefc1590c4e4f3c5f390247f7605c993d4dc57a71,244,203,0.11844642266625083
anisotropic_band,8111,4,2023-09-07 13:00:00+08:00,C02,30,0.5,0.15,69940707,e9bfd7ab6cbd3d9dfb33a232f1e5b7f7f6da3f395a8c5d19c7c1c9630cc5f84f,153,70,0.10234138789755734
anisotropic_band,8111,4,2023-09-07 13:00:00+08:00,C03,60,0.2,0.15,394400050,944dd5eb167a1a337ad742929c1d8064187ae7436672072395e7f2bf3187c44e,232,10,0.023123465959091823
anisotropic_band,8111,4,2023-09-07 13:00:00+08:00,C04,10,0.5,0.0,1371248374,28cdfb158776a69e89de74d9da06668585f8fd6d5fdb27997082a20896ab9009,143,123,0.1112494002455668
anisotropic_band,8111,4,2023-09-07 13:00:00+08:00,C05,30,0.0,0.05,3810990077,a747ece8f46daff552cc9885e1ca891b75a5d2e55edc9093bee21e31281dd180,304,160,0.11844642266625083
anisotropic_band,8111,4,2023-09-07 13:00:00+08:00,C06,60,0.5,0.05,4048874828,a23ef8f6c6593fe401a27c082332d021bd6462b8af9c70d20d77f1e645441a35,146,8,0.018490570817545893
anisotropic_band,8111,4,2023-09-07 13:00:00+08:00,C07,0,0.2,0.15,2294933802,0d45ff3c863c8ccc54fd4e48d52863bb49d29b2bd5eef4f59ee6d27e1373e64f,243,243,0.11844642266625083
anisotropic_band,8111,8,2023-09-07 14:00:00+08:00,C00,0,0.0,0.0,1936898948,edcdbe4fd96d6751ef8de6d4d02b1f1a08baed986efade7ec0082c605b3f671a,592,592,0.11844642266625083
anisotropic_band,8111,8,2023-09-07 14:00:00+08:00,C01,10,0.2,0.05,2228357547,20551015d3f26794d1980fc28c081c4657e928e1fbd004a936d93b07a507a69b,456,418,0.11844642266625083
anisotropic_band,8111,8,2023-09-07 14:00:00+08:00,C02,30,0.5,0.15,1526727084,aacfd3a05665b67b0788294316127d32f94135d22efc8ec212cc3a9f35ebda65,287,216,0.11844642266625083
anisotropic_band,8111,8,2023-09-07 14:00:00+08:00,C03,60,0.2,0.15,2675268232,cc46e85b15b953eb4cd6646b250f472fa6b138698ecce99f3605f5939b007ee8,477,241,0.11844642266625083
anisotropic_band,8111,8,2023-09-07 14:00:00+08:00,C04,10,0.5,0.0,3461226951,0210a78349b9fd9df340a62eebde6cc4ad416b36e0301c0613c6ed86df9099f8,276,253,0.11844642266625083
anisotropic_band,8111,8,2023-09-07 14:00:00+08:00,C05,30,0.0,0.05,3316047732,f71db1933be7261496b384ee8562a68f43455411136ceba325af117009f2b703,592,448,0.11844642266625083
anisotropic_band,8111,8,2023-09-07 14:00:00+08:00,C06,60,0.5,0.05,548429382,59b784feedad8a6de381921d2bfcc473c2bdbe98b75b0e8e2530e3cc5b6fd53a,298,151,0.11844642266625083
anisotropic_band,8111,8,2023-09-07 14:00:00+08:00,C07,0,0.2,0.15,2499987906,236e2eb0f5176053c95180e32dc08c526da13e899a3d255cbe592591a910a692,480,480,0.11844642266625083
anisotropic_band,8112,4,2023-09-07 13:00:00+08:00,C00,0,0.0,0.0,3416198986,3d52f48bac9eed7aa92a58d84005eb6d723cec3976749bd81d077699a38b0ad9,304,304,0.11844642266625083
anisotropic_band,8112,4,2023-09-07 13:00:00+08:00,C01,10,0.2,0.05,2211136762,418d3f19595e9926f538cb30e6bdff8b6923500c697b22c205e64027d45c82ce,249,209,0.11844642266625083
anisotropic_band,8112,4,2023-09-07 13:00:00+08:00,C02,30,0.5,0.15,154490036,fed7bc11f232041bde18c1767a4d07a00ca1d1367920e152a8a854e50cabcf40,151,76,0.10008602476322383
anisotropic_band,8112,4,2023-09-07 13:00:00+08:00,C03,60,0.2,0.15,327065126,ff33f869d9c65771b4aed1ea4d1b10d63e23f3f2d47628f97f99bdb25f29341e,256,11,0.028528371414195758
anisotropic_band,8112,4,2023-09-07 13:00:00+08:00,C04,10,0.5,0.0,2981284326,85eb11d6974a3d769f9bab1fec14a875bf412f69ed67996b386dd513f71f8f34,166,135,0.11728857328033766
anisotropic_band,8112,4,2023-09-07 13:00:00+08:00,C05,30,0.0,0.05,390801292,e2f6f626de14b85ee1d0ea1e99ada9e7ce5132a5c0e52cf3f90191f6ece9105d,304,160,0.11844642266625083
anisotropic_band,8112,4,2023-09-07 13:00:00+08:00,C06,60,0.5,0.05,1003869278,2955f184c13615aea8ef11f94a89a5dda1516b501a5ffcd2a9db06165c654e86,149,10,0.02628923558392852
anisotropic_band,8112,4,2023-09-07 13:00:00+08:00,C07,0,0.2,0.15,1267123576,508f397860b4bb0b7dfdca23b1b2827ca31539368f1317b8cd2ae312cfb2787c,246,246,0.11844642266625083
anisotropic_band,8112,8,2023-09-07 14:00:00+08:00,C00,0,0.0,0.0,2186583218,78e23fbf8ca5b6a59df74e5f37755cbb7e8a065256049ebb06f073b4c910faa5,592,592,0.11844642266625083
anisotropic_band,8112,8,2023-09-07 14:00:00+08:00,C01,10,0.2,0.05,399750163,a099beeb9174f7eec24dcacdfee04d27251192bb19332f4af67b5948105434c9,475,439,0.11844642266625083
anisotropic_band,8112,8,2023-09-07 14:00:00+08:00,C02,30,0.5,0.15,2006755652,4ac3c57630da0f50a319764b360894c33f1abf992de81284caab0f7ac411c976,294,225,0.11844642266625083
anisotropic_band,8112,8,2023-09-07 14:00:00+08:00,C03,60,0.2,0.15,1764458240,738bee9a04ef135440f9004b2f16c44ff15dde5d3b5ac4c825c5947fcc294098,476,246,0.11844642266625083
anisotropic_band,8112,8,2023-09-07 14:00:00+08:00,C04,10,0.5,0.0,272088514,e69bb0293da486ba4374242b425e492ca6bba24b2e4460ca6a422f3a77f9054e,294,271,0.11844642266625083
anisotropic_band,8112,8,2023-09-07 14:00:00+08:00,C05,30,0.0,0.05,942784834,b7710912b15512813593e14b29122faf3bfe938faa670f4f4d13495eae305d98,592,448,0.11844642266625083
anisotropic_band,8112,8,2023-09-07 14:00:00+08:00,C06,60,0.5,0.05,2807925735,799ad3542f0b5cf096aff51f894f9ea208c417e5ac2fda41b7e3655b9a4cad12,294,150,0.11844642266625083
anisotropic_band,8112,8,2023-09-07 14:00:00+08:00,C07,0,0.2,0.15,2142511323,01614a9c3d0d84c50b7e6257c0d4ed12f0cc0851cac6d72a4adb25b4698c7871,491,491,0.11844642266625083
