scenario_family,seed,method,truth_exposure,distance_m,max_truth_risk,p95_truth_risk,high_risk_length_ratio,route_overlap_with_shortest,route_change_from_baseline,stale_water_usage,bad_source_exposure,mean_water_coverage_on_route,computation_ms
anisotropic_band,8101,multisource_naive,0.4418504513413335,11072.43691417403,0.6379045280657845,0.6012760779352162,0.0893481862179803,0.5059718518529757,0.0703125,0.002923144487738499,0.5653609067629297,0.08177618186744633,133.22297499053093
anisotropic_band,8101,multisource_uncertainty,0.4427214999114583,11054.027066185572,0.6439790613487019,0.6032700504948404,0.094029113096748,0.5219230534837344,0.046875,0.002923144487738499,0.5609591674457339,0.0860800555207915,133.00712967702566
anisotropic_band,8101,rain_risk,0.43714285919852036,11152.806935286259,0.6361750351882021,0.5987466567401497,0.08775848677522535,0.4075541063995987,0.0,0.0029245014232861556,0.573396094064147,0.07294822314724525,132.40913749177707
anisotropic_band,8101,shortest,0.4571460863875095,10950.795041533209,0.6425078527748719,0.6119204803098413,0.10773505586092023,1.0,0.0,0.0022740472985619655,0.5615324143768373,0.0812524049551499,131.60123125999235
anisotropic_band,8101,trusted_source_specific_tau,0.44274921826838765,11059.140219340865,0.644209009646323,0.603817739907993,0.09239654443659037,0.510157428314859,0.1015625,0.002923144487738499,0.559713661908788,0.08796133521049274,132.94983045216213
anisotropic_band,8101,trusted_universal_tau,0.44278512930636127,11061.97549946748,0.6443623085114036,0.6041136828231292,0.09238402481486141,0.5056753171419549,0.0703125,0.002923144487738499,0.5589921185363317,0.08911404172126718,133.05586560272786
anisotropic_band,8102,multisource_naive,0.4419428071258984,11072.439015091844,0.6373059350049529,0.602074578468882,0.08851387210895025,0.5025540692371219,0.109375,0.004413923283084808,0.5666822441020523,0.07993706083712104,127.6210343803541
anisotropic_band,8102,multisource_uncertainty,0.4432145901529995,11054.374516094662,0.6435574334349572,0.6033377514762858,0.09330424457378474,0.5330173731668417,0.0546875,0.004416871518019949,0.5601210847771457,0.08709857805063564,127.69314375418617
anisotropic_band,8102,rain_risk,0.4391103248123077,11113.281785466466,0.6357933662082776,0.6019058460899808,0.08679037298892348,0.43766351103162693,0.0,0.004411858032522384,0.5731308426767268,0.07316163854155756,128.75118125521112
anisotropic_band,8102,shortest,0.45762402330491864,10950.795041533209,0.642718223992632,0.6133397377718309,0.10716378338446812,1.0,0.0,0.003436754174285707,0.5613976908470888,0.0812618812508809,126.59256877668668
anisotropic_band,8102,trusted_source_specific_tau,0.44336705957587574,11054.372975123431,0.6438801363595443,0.6040694046390973,0.09204786862229739,0.5241432421348899,0.09375,0.004416874035987588,0.5594938386391287,0.08795568995391473,127.5955812589018
anisotropic_band,8102,trusted_universal_tau,0.44346660126344317,11056.726627722483,0.643938780852611,0.6043711515947414,0.0920416088114329,0.5174272749056897,0.0625,0.004416874035987588,0.5586529655893598,0.08938126313602068,127.52199063288572
anisotropic_band,8103,multisource_naive,0.44120786836672843,11074.220634393454,0.6366388299665631,0.6008609171417668,0.08757755466565925,0.4994116755168532,0.109375,0.004441893774522042,0.566865668555704,0.07983104953170067,128.01928357748693
anisotropic_band,8103,multisource_uncertainty,0.4421283083711771,11064.256371098738,0.6421296975917945,0.6015140115142759,0.09136829541484695,0.5164770876469571,0.0703125,0.004441893774522042,0.5602170479103141,0.08724071217349094,128.00495545616286
anisotropic_band,8103,rain_risk,0.438740503508729,11105.045682372469,0.6369171037527402,0.6010251410089984,0.086070569503278,0.44829492671738885,0.0,0.0044436104505861385,0.5730138237108396,0.07356336612269868,129.07869374612346
anisotropic_band,8103,shortest,0.4571625684223341,10950.795041533209,0.6416154352759584,0.611038560763422,0.10612124824341213,1.0,0.0,0.0035073025408426163,0.5622388662196958,0.08036233815828163,126.7972500063479
anisotropic_band,8103,trusted_source_specific_tau,0.4423660603150672,11057.254656349565,0.6427389713730166,0.6021357901030822,0.09048914897930219,0.5142989172856153,0.125,0.004441893774522042,0.5609384313139189,0.08605127222157678,127.90777967438771
anisotropic_band,8103,trusted_universal_tau,0.4423778535910364,11061.039486931735,0.6429440231958689,0.6024810863438353,0.09047036954670874,0.5101502287847031,0.0859375,0.004441893774522042,0.560102871037922,0.0873635989906932,128.09457107869093
anisotropic_band,8104,multisource_naive,0.44078494539440954,11074.0000581862,0.6362446615597631,0.5999896933802854,0.0886844680303697,0.49475888083741637,0.0703125,0.003147252818502444,0.5661486402492141,0.08014564348667454,128.35941404409823
anisotropic_band,8104,multisource_uncertainty,0.442157267058767,11063.540677802863,0.6409653767882422,0.6008806165984009,0.09201596482233798,0.5304475733769921,0.0703125,0.003145505472793271,0.5586065262334591,0.08911411079885066,128.20595077391772
anisotropic_band,8104,rain_risk,0.43783238882051795,11120.389538052088,0.6360207493091791,0.6001186422765958,0.08170467082054815,0.447866745582049,0.0,0.003147252818502444,0.5702826705393543,0.07613077531196971,128.60248124343343
anisotropic_band,8104,shortest,0.45669936404748673,10950.795041533209,0.6422794407122453,0.6115894369633571,0.10714956800869209,1.0,0.0,0.0023041417743250884,0.5606488157978741,0.08210112928331614,126.85623750439845
anisotropic_band,8104,trusted_source_specific_tau,0.44245942051840587,11055.895017663312,0.6430339911489183,0.6023258875949045,0.09181039186646883,0.5254819230311764,0.15625,0.003145505472793271,0.558736201604717,0.0886345239077556,128.15412810141424
anisotropic_band,8104,trusted_universal_tau,0.44241311676169925,11062.689561977015,0.6430510092481548,0.6027196525090928,0.09048629694766777,0.520206752190325,0.1015625,0.003145505472793271,0.5574299163645913,0.09043322966903458,128.27650622875808
anisotropic_band,8105,multisource_naive,0.4417938376399215,11069.189010083926,0.6371958470103753,0.5998939935949245,0.08917582083703257,0.5206859716952849,0.0546875,0.005112609120914044,0.564995840163715,0.0821080289886006,131.1798297083442
anisotropic_band,8105,multisource_uncertainty,0.44255014294743134,11051.584934074592,0.643450644777257,0.6007857295859508,0.09425123017303642,0.5273809874855697,0.0625,0.0051107620708986355,0.5608500476525853,0.08616422901764442,131.22519377338904
anisotropic_band,8105,rain_risk,0.4385873755264671,11113.281785466466,0.6357265298600636,0.5995693255909893,0.08754362816908229,0.43766351103162693,0.0,0.005112609120914044,0.5730841611902127,0.0733499065335134,131.0456875289674
anisotropic_band,8105,shortest,0.4567779912269745,10950.795041533209,0.6420904532455102,0.6115038771717338,0.10762573856719429,1.0,0.0,0.004548536122170323,0.5617895380842772,0.0810187526649245,129.03798754268792
anisotropic_band,8105,trusted_source_specific_tau,0.44251148527129014,11056.306803993295,0.6436296692550745,0.6009990233932053,0.0926191676558814,0.51521750192814,0.1171875,0.0051107620708986355,0.559664476582892,0.0879990047550609,130.98177033953107
anisotropic_band,8105,trusted_universal_tau,0.44258414141568864,11058.154047138894,0.643850516931385,0.6015510780254777,0.09261290784501691,0.512225159843813,0.09375,0.0051107620708986355,0.5591279448021269,0.08881627018077631,131.07551798930217
anisotropic_band,8106,multisource_naive,0.4407901288311274,11078.49924435641,0.6392174512106532,0.6003025736369861,0.08953135600581415,0.48007245172016966,0.0234375,0.003856382002783332,0.5682167351814214,0.07794678847621113,129.40779453128926
anisotropic_band,8106,multisource_uncertainty,0.4430814408430038,11052.168885264004,0.6451925446588334,0.6028184710211563,0.09443856799970667,0.5307524335054196,0.0703125,0.004237536965473043,0.5592821539558129,0.08798263803951731,129.82062266200955
anisotropic_band,8106,rain_risk,0.4389486408347553,11105.045682372469,0.6392174512106532,0.6005944676948283,0.08789397312942093,0.44829492671738885,0.0,0.003856382002783332,0.5717360419668471,0.07484397284407578,129.20074998692144
anisotropic_band,8106,shortest,0.4575518483916975,10950.795041533209,0.6446490511398578,0.6129967903406133,0.10795377914524942,1.0,0.0,0.0034057775655391698,0.5604680631537964,0.08243961740203007,127.61173126637004
anisotropic_band,8106,trusted_source_specific_tau,0.4430290764338199,11057.04855951359,0.6452519039844904,0.6033079100819652,0.09281229885273277,0.5211544120167367,0.0859375,0.004237536965473043,0.5582951195795416,0.08953120023220278,129.33135936782492
anisotropic_band,8106,trusted_universal_tau,0.44305459425788185,11059.864638047415,0.6453112633101473,0.6036642794001198,0.09279977923100381,0.5174153855055822,0.0546875,0.004237536965473043,0.5576394537273802,0.09059205784646163,129.13325156023348
anisotropic_band,8107,multisource_naive,0.4409481102253543,11071.919734039824,0.6347759825366409,0.599255267783149,0.08740020876207083,0.5095399184270857,0.0859375,0.003763924706469001,0.5658035755524498,0.08111706113676477,128.90463202529645
anisotropic_band,8107,multisource_uncertainty,0.442019108981005,11051.584934074592,0.641529709686617,0.6006071018358147,0.09221122503107268,0.5273809874855697,0.0625,0.003761504443464571,0.5610670970327747,0.0857070859663484,128.62230545306375
anisotropic_band,8107,rain_risk,0.4380243779873123,11113.281785466466,0.6337290303481402,0.5988554461791179,0.08598380663670604,0.43766351103162693,0.0,0.0037634822207953354,0.5731381885602148,0.07319933259723545,128.53978125349386
anisotropic_band,8107,shortest,0.4563421049213812,10950.795041533209,0.641140656763132,0.6107372490047009,0.10560771925256106,1.0,0.0,0.0026555249028093913,0.5620829896442385,0.0804630319344828,127.44355000904761
anisotropic_band,8107,trusted_source_specific_tau,0.4419776445466153,11054.850844084285,0.6414001639992214,0.600762378993636,0.090585074007992,0.5186077044010213,0.1328125,0.003761504443464571,0.560375226934947,0.08677110023033423,128.89387967243238
anisotropic_band,8107,trusted_universal_tau,0.4420369279317166,11058.94056651649,0.6414747085209396,0.6012962013966816,0.08994107001112343,0.5128169663608744,0.15625,0.003761504443464571,0.5593010331168101,0.08825656968425145,128.60681014990405
anisotropic_band,8108,multisource_naive,0.44066588490173775,11072.987723174625,0.6365719346034869,0.6001739760232891,0.08653697707598859,0.5078236981647816,0.0546875,0.003970316550130319,0.5668017797935244,0.08030329843853401,132.89795159016649
anisotropic_band,8108,multisource_uncertainty,0.44225774107312193,11049.09719477401,0.6430007635628177,0.6013690702344479,0.09186157285178834,0.5358207363991508,0.0546875,0.003969327695778829,0.5598045937163804,0.08722257801875664,132.80527345341397
anisotropic_band,8108,rain_risk,0.43801384465800003,11113.281785466466,0.6345611877669969,0.6000887793713109,0.08472090462539164,0.43766351103162693,0.0,0.003970316550130319,0.5723278521221576,0.07406089368957075,132.20713751070434
anisotropic_band,8108,shortest,0.4566045873051211,10950.795041533209,0.641493781300484,0.61151211771705,0.10568800787617591,1.0,0.0,0.0028854002134209465,0.5603332407885755,0.08254911643261777,129.87665004038718
anisotropic_band,8108,trusted_source_specific_tau,0.4422848316172296,11055.143832039672,0.6431879184136605,0.6017027104896149,0.09021433472853428,0.521558317327566,0.0859375,0.003969327695778829,0.5582388406839773,0.08956042691697892,132.98136486992007
anisotropic_band,8108,trusted_universal_tau,0.44233114939338347,11055.611754967664,0.6432347071263712,0.6018394801155799,0.09021433472853428,0.5196578839432617,0.078125,0.003969327695778829,0.5579841864941725,0.08999574730535054,132.64307657755126
anisotropic_band,8109,multisource_naive,0.44028971316071636,11076.76573671483,0.6336986283946847,0.5994381125533997,0.08787137189458108,0.4897735282411452,0.078125,0.002484560750010626,0.5683108946649875,0.07880465878273621,134.15386875203694
anisotropic_band,8109,multisource_uncertainty,0.44147345178719427,11063.099075293747,0.6362700761252994,0.5994983285902686,0.08979657757277802,0.5184813180204813,0.1328125,0.0024942843641708153,0.5616411642446903,0.08534565780052558,134.08237109069887
anisotropic_band,8109,rain_risk,0.43816945295816057,11105.045682372469,0.6335563687704908,0.5996540657754087,0.08624802566687245,0.44829492671738885,0.0,0.002477168576009186,0.5722510753710636,0.074685553069126,133.76853126828792
anisotropic_band,8109,shortest,0.4566388454182774,10950.795041533209,0.6394643759081864,0.6111170430878885,0.10656093619777766,1.0,0.0,0.0014901890281734812,0.5623657496320003,0.08036829910433937,130.7280750188511
anisotropic_band,8109,trusted_source_specific_tau,0.44187416919584055,11059.594376861585,0.6399487035231236,0.6017333916791404,0.0914433068097721,0.5051775768132277,0.1171875,0.0024942536581091137,0.5599643131518334,0.0877763371352345,133.97784687913372
anisotropic_band,8109,trusted_universal_tau,0.44182063109073194,11064.400337523402,0.6398822434868466,0.6019472484749671,0.09078319932999832,0.5012138202511254,0.140625,0.0027190280796648217,0.5590970497920043,0.08907107117805785,134.14406640004017
anisotropic_band,8110,multisource_naive,0.44049857283595667,11082.614124996691,0.6370475607514107,0.5998736561729052,0.08767253416473605,0.473381845524548,0.078125,0.004556109155134102,0.567676147709945,0.07873091639115135,135.1911843785274
anisotropic_band,8110,multisource_uncertainty,0.44288717132883687,11050.424948212712,0.6441142431801296,0.6025964797135167,0.09317331585170933,0.5359044551851155,0.03125,0.0046055522658732025,0.5597268122014281,0.0874810411473986,134.90063203971658
anisotropic_band,8110,rain_risk,0.4385708211967712,11113.281785466466,0.6358103924383295,0.6002515652727338,0.08604289061519174,0.43766351103162693,0.0,0.004556109155134102,0.5726763641895054,0.07379727277689714,136.16439375618938
anisotropic_band,8110,shortest,0.45728550045922167,10950.795041533209,0.6433874927627166,0.6132351216180921,0.10679267081700529,1.0,0.0,0.003074995886419592,0.5607399742453789,0.08228052881248014,131.76489377656253
anisotropic_band,8110,trusted_source_specific_tau,0.4429190165274836,11056.308874944365,0.6443312433087307,0.603221617864038,0.0915325702103358,0.5218909276459861,0.078125,0.0046055522658732025,0.5581965364568001,0.08978561203036714,134.89573516199016
anisotropic_band,8110,trusted_universal_tau,0.44297858469563745,11058.194521275545,0.6444397433730312,0.6034156154202723,0.09152631039947132,0.5174124162381599,0.0546875,0.0046055522658732025,0.5576049626554985,0.09078657524911372,135.35252578276413
anisotropic_band,8111,multisource_naive,0.44123448592349374,11082.67752260787,0.6382730503232902,0.601104819315621,0.0903733100006978,0.4727028690196014,0.109375,0.0038919594780596743,0.5678343328843019,0.07894242582403549,130.68567732989322
anisotropic_band,8111,multisource_uncertainty,0.443310471182894,11054.723027739405,0.6447587001928518,0.6046972056477585,0.09526022468230051,0.5270320756483924,0.0625,0.0038883704206475493,0.5604527490925284,0.08663953495636689,130.82404452052288
anisotropic_band,8111,rain_risk,0.4392740370786664,11113.281785466466,0.6370602811990591,0.6016023604148417,0.08874331094171022,0.43766351103162693,0.0,0.0038919594780596743,0.5728277284857796,0.07380010783573863,130.8047750062542
anisotropic_band,8111,shortest,0.4578868161902706,10950.795041533209,0.644071944221866,0.6141293408534789,0.10819339352835422,1.0,0.0,0.003364550029155869,0.56160038277221,0.08118009413766776,129.3763750072685
anisotropic_band,8111,trusted_source_specific_tau,0.4433680666751138,11060.323305415479,0.6450636930792261,0.6053590941457784,0.0936276078046319,0.5126229324334632,0.09375,0.0038883704206475493,0.5588696081871294,0.08904798393095534,130.603984364825
anisotropic_band,8111,trusted_universal_tau,0.44335626276985807,11062.690495934341,0.6451399413008196,0.6055521545190733,0.09361508818290296,0.5107152995190032,0.0703125,0.0038883704206475493,0.5584344505575382,0.08977589656548646,130.58479060146055
anisotropic_band,8112,multisource_naive,0.4397002646292956,11081.603038783478,0.6364150087359637,0.5990152688158177,0.08584286160301763,0.4736393863851185,0.046875,0.001539700116453715,0.569596384825146,0.07684073530013762,126.84907502261922
anisotropic_band,8112,multisource_uncertainty,0.44191008608331794,11050.994261724396,0.6420331510696932,0.5993601313155104,0.09105728713137175,0.5251146122397121,0.0625,0.001539700116453715,0.5613358784416984,0.08567591037040927,126.80993830963416
anisotropic_band,8112,rain_risk,0.43602726829999466,11152.806935286259,0.6347958985580495,0.5967098414646114,0.08421289533838602,0.4075541063995987,0.0,0.001539817949467067,0.5740975618492479,0.07205444683618764,126.82139376556734
anisotropic_band,8112,shortest,0.4565802498608464,10950.795041533209,0.6411120782330982,0.6104677310739384,0.10494697947220559,1.0,0.0,0.0014231882667689768,0.5620394150538496,0.08063649035232048,125.46828754420858
anisotropic_band,8112,trusted_source_specific_tau,0.4419245026944741,11054.833200417717,0.6421297953690315,0.5999769304005674,0.08942472501493413,0.5164212582236529,0.1171875,0.001539700116453715,0.5604919625290785,0.0869329763484737,126.65852814279788
anisotropic_band,8112,trusted_universal_tau,0.4420038876461175,11056.680443563317,0.6422264396683698,0.6004937941983561,0.08941846520406965,0.5134289161393261,0.09375,0.001539700116453715,0.5599013952867755,0.08775024177418911,126.64840627621743
dual_center,8101,multisource_naive,0.44526518132459036,11184.405862488835,0.6083770531781173,0.570429067519988,0.08399804056658737,0.43698830123176624,0.015625,0.0007167532181524405,0.5703716433465924,0.07420760609806723,129.5326164135986
dual_center,8101,multisource_uncertainty,0.4456589567783193,11179.850102189213,0.6092549856940574,0.5712466145342121,0.08469002067230944,0.4467237743862805,0.1796875,0.0010884557060031998,0.5693767147717029,0.0758310674314542,129.7483640773862
dual_center,8101,rain_risk,0.4432142567197681,11252.809208802664,0.6044280141776405,0.5655551170551144,0.08399804056658737,0.3961312390791632,0.0,0.0007645638241978583,0.5727176478065408,0.07186379124591939,128.5546625222196
dual_center,8101,shortest,0.48271169458688507,10950.795041533209,0.6455076840085593,0.6122038692682982,0.14675116731609344,1.0,0.0,0.001007380367010144,0.5611700845973098,0.08203860029939386,130.0692437798716
dual_center,8101,trusted_source_specific_tau,0.44701336678271597,11172.301718517185,0.6105303896545143,0.5722689571903751,0.08948953293731768,0.4733695316303261,0.2578125,0.0010884557060031998,0.5673672434279977,0.07768717962210818,129.9233672034461
dual_center,8101,trusted_universal_tau,0.4472066889851712,11179.90843545667,0.6105569967892206,0.572129481801766,0.08948581968496537,0.4633285928346104,0.34375,0.0010884557060031998,0.5659714395267893,0.07948708439694714,129.83447422720928
dual_center,8102,multisource_naive,0.44562354420276284,11173.880099782933,0.611561416354536,0.5704042737576399,0.08394758957000302,0.4417989741733169,0.03125,0.00014157195046267585,0.5719059856724954,0.07228817052144519,128.7344117208704
dual_center,8102,multisource_uncertainty,0.4467217374928128,11171.014552319133,0.6125682530119111,0.5710712380190912,0.08866784137037695,0.4668765853767312,0.234375,0.0002813122628077708,0.5693180537558159,0.07505191581119143,128.7498718866118
dual_center,8102,rain_risk,0.4434454162585915,11249.791806444318,0.6068440636970805,0.5651583887075508,0.08394758957000302,0.39850102367919826,0.0,0.00014157195046267585,0.5737467671555168,0.07043494992733414,128.56903750798665
dual_center,8102,shortest,0.4829447720236228,10950.795041533209,0.6451725570431729,0.6121536325593542,0.1464030961509414,1.0,0.0,0.002380132810123044,0.5627322875615492,0.0801372772978666,128.9508062764071
dual_center,8102,trusted_source_specific_tau,0.44717450283117555,11175.267491217503,0.6127671064382864,0.5710907571194965,0.0902431821965605,0.46880214047743946,0.359375,0.000281720853190378,0.5679029487804744,0.07676470116080998,128.72969610270957
dual_center,8102,trusted_universal_tau,0.4473780688688313,11188.127170529753,0.6128292010719119,0.5708262984193838,0.0902393573929131,0.45677046916429986,0.34375,0.0005551673341733317,0.5658062777645203,0.0793469671563362,128.75530547262315
dual_center,8103,multisource_naive,0.44598410290087603,11173.854944784951,0.6107591475005268,0.571020726150379,0.08992025971538545,0.4425934717223776,0.03125,0.000715071913152937,0.571242780599432,0.0729647668786146,129.13673515504343
dual_center,8103,multisource_uncertainty,0.4460697168849961,11177.880639391153,0.6107591475005268,0.5709916177093035,0.09068947198267065,0.4463511069108413,0.1796875,0.0007151839997042563,0.5704134198627374,0.07439968384732414,128.82902811725216
dual_center,8103,rain_risk,0.443788366040893,11249.791806444318,0.6062454495567815,0.5654657931810059,0.08991842113020533,0.39850102367919826,0.0,0.000716936362059498,0.5731726013217516,0.07099533593610892,128.48972500796663
dual_center,8103,shortest,0.4831218459468793,10950.795041533209,0.64588465295728,0.6131662245582621,0.15268142329277337,1.0,0.0,0.0012427030729993984,0.5618275100175831,0.08087571224666427,129.18308751977747
dual_center,8103,trusted_source_specific_tau,0.44735674455425306,11176.340285886887,0.611503407961493,0.5714004402855243,0.09603004324374616,0.4682850371438803,0.296875,0.0007173802855041697,0.5679559109168695,0.07662789979405554,129.0194929770223
dual_center,8103,trusted_universal_tau,0.447392866449005,11183.922570012408,0.6110426703316199,0.5709826841110217,0.09602814466070872,0.45906924466939897,0.390625,0.0007173802855041697,0.5670664875457352,0.0778094470357771,129.22419687492948
dual_center,8104,multisource_naive,0.44491258667565536,11173.880099782933,0.6102628338556003,0.5707335435480598,0.08789342845489469,0.4417989741733169,0.03125,8.493649509322612e-06,0.5716770742488574,0.07267174667327965,128.06824061681255
dual_center,8104,multisource_uncertainty,0.44516919218132633,11177.771648422367,0.611177453546804,0.5714138110329224,0.08790036925698616,0.44615887598466325,0.203125,8.4986479781406e-06,0.5695017392306577,0.07534990385939393,128.21396561867004
dual_center,8104,rain_risk,0.44275717779513896,11249.791806444318,0.6054895092010131,0.5656770353404891,0.08789190469460509,0.39850102367919826,0.0,8.493649509322612e-06,0.5731843076677453,0.07122292390626973,127.41734373412328
dual_center,8104,shortest,0.482602941138291,10950.795041533209,0.6451399393427827,0.6126743238822775,0.15033227820783415,1.0,0.0,0.0012025424961963345,0.5618799978521795,0.08103731525674035,128.80116876476677
dual_center,8104,trusted_source_specific_tau,0.44612604454497184,11178.486199726078,0.6109684555666872,0.5713372127410743,0.09261721136088706,0.46140422607211656,0.28125,8.4986479781406e-06,0.5679527484807253,0.07694676932315966,128.3288218655798
dual_center,8104,trusted_universal_tau,0.4463295273659721,11190.254255619373,0.6102632393959186,0.570739054881062,0.09340109892719271,0.4524063786137252,0.3515625,8.4986479781406e-06,0.5664060601997186,0.07881153273051088,128.3634617102507
dual_center,8105,multisource_naive,0.4449096563985669,11193.038268723223,0.6117993392455989,0.5700166863092806,0.0842590812291322,0.4282206623157186,0.0625,0.0006496844338210299,0.5722307014912739,0.07242158185190481,126.66503045693389
dual_center,8105,multisource_uncertainty,0.4454074663186498,11179.368712760777,0.6131133373493753,0.5714379211284647,0.08426602203122367,0.44176390884429756,0.1796875,0.0006478888368602394,0.5711557560711592,0.07395415987159573,127.5220413963325
dual_center,8105,rain_risk,0.4427498958306546,11262.477018756495,0.6069931126600926,0.5649468111795197,0.08425755746884259,0.3906313736030011,0.0,0.0006496844338210299,0.5725764522498386,0.072402486330487,126.15614999231184
dual_center,8105,shortest,0.4831945084772752,10950.795041533209,0.6482370460065731,0.6144059514771296,0.14678999305534654,1.0,0.0,0.0015204986134377126,0.5628481001019521,0.08011420119467721,127.5542125076754
dual_center,8105,trusted_source_specific_tau,0.44642009339298866,11183.444015263965,0.6130620477762441,0.5713386151920026,0.08898286413512457,0.46003617380568185,0.34375,0.0006500851226601528,0.5684880525781493,0.0763049283528532,126.90451717026008
dual_center,8105,trusted_universal_tau,0.4466074807875046,11196.664914397812,0.6118699385925997,0.570380710601434,0.09055063926773588,0.4520451630933818,0.3984375,0.0006500851226601528,0.5669939213785575,0.07813032552863335,127.10730701383
dual_center,8106,multisource_naive,0.4439880905784982,11228.160477926987,0.6072436920449111,0.5670341487828457,0.0855029787935245,0.40985397288125336,0.046875,0.00044881381139724356,0.5691876851156629,0.07574416375916189,132.16137657400395
dual_center,8106,multisource_uncertainty,0.44539106248456467,11177.82195841833,0.6102210320468071,0.5704869395481249,0.08551038918023783,0.4445698808865418,0.171875,0.00044694936249068263,0.5695809147397315,0.07541880440778766,132.13603985877853
dual_center,8106,rain_risk,0.44325945784723925,11252.809208802664,0.6047543271461335,0.5647357894369697,0.0855029787935245,0.3961312390791632,0.0,0.00044881381139724356,0.5723159861738571,0.07202132000462058,132.43428752321051
dual_center,8106,shortest,0.4833220274712343,10950.795041533209,0.644227861557795,0.6124436411355617,0.14756816597720357,1.0,0.0,0.0025478193201529317,0.5609689969980876,0.0816576667954031,132.329256288358
dual_center,8106,trusted_source_specific_tau,0.44608694402156523,11192.078914502461,0.6105289455771953,0.5703219288160387,0.08760516170969351,0.4426067100543974,0.328125,0.00044694936249068263,0.5664230722165758,0.07856101743980035,132.46674533365876
dual_center,8106,trusted_universal_tau,0.4460421648217781,11199.554853530133,0.6100819801213191,0.5699131033154009,0.08760133690604613,0.4335864263019581,0.3515625,0.00044694936249068263,0.5657406356466398,0.07946575953807122,132.63778987220576
dual_center,8107,multisource_naive,0.44366165125335144,11228.18563292497,0.6067648108225426,0.5657681907759814,0.08710963294331983,0.4090594753321926,0.046875,0.00044881381139724356,0.5698921860753706,0.0748771469217101,129.05316250453325
dual_center,8107,multisource_uncertainty,0.4459504517321124,11189.512302606603,0.6094578775781313,0.5687352515863505,0.09175825701390476,0.4519810057770638,0.25,0.00044694936249068263,0.5670951878929288,0.0775183223120675,129.26576952304458
dual_center,8107,rain_risk,0.4428547751059313,11249.791806444318,0.605209024438015,0.5636432627345562,0.08710963294331983,0.39850102367919826,0.0,0.00044881381139724356,0.5728780879772551,0.07133969538987547,128.45446247956716
dual_center,8107,shortest,0.4827169544837697,10950.795041533209,0.6437401867985448,0.6105810506223981,0.15000468549855417,1.0,0.0,0.0007345369878148382,0.5614010547884226,0.08119280257849676,128.97700626490405
dual_center,8107,trusted_source_specific_tau,0.4463430131948326,11187.589514784066,0.6097700102906856,0.5689931876944194,0.09330968926127693,0.4603273596483128,0.28125,0.00044694936249068263,0.5665441956626579,0.0781792572709436,129.48369763671508
dual_center,8107,trusted_universal_tau,0.4464977278875633,11193.726995041245,0.6099149090474791,0.568899147876499,0.09330968926127693,0.45495805646096416,0.3046875,0.00044694936249068263,0.565443654656912,0.07961148721110041,129.46415546412027
dual_center,8108,multisource_naive,0.44508137847912416,11175.975978903503,0.6108382371338443,0.5700211248235699,0.08595253282930583,0.43699834805157695,0.03125,0.00022195702266643348,0.5719476611766785,0.07232880257445348,127.9518765713874
dual_center,8108,multisource_uncertainty,0.4457007859927054,11175.952432212187,0.6111957464600206,0.5708357622360811,0.08827982964802616,0.45312518998305884,0.171875,0.00022130208882318266,0.5691890316773509,0.07552274235264786,128.11373906879453
dual_center,8108,rain_risk,0.4431144799592054,11249.791806444318,0.6068465082858215,0.5653840684494561,0.08595069424412571,0.39850102367919826,0.0,0.00022195702266643348,0.5724699593445908,0.07164917789386314,127.63455628009979
dual_center,8108,shortest,0.48299764763311426,10950.795041533209,0.6465855079340974,0.6128146741025593,0.14788626537469873,1.0,0.0,0.0008276590870246874,0.560900820534615,0.08184768849180536,127.85983127832878
dual_center,8108,trusted_source_specific_tau,0.4467265332194144,11171.305030174348,0.6120026324334394,0.5715094791385428,0.09215288284529187,0.4703023364648274,0.3359375,0.00022130208882318266,0.5675331123262228,0.07720043340762363,127.97207578569214
dual_center,8108,trusted_universal_tau,0.4468721891618947,11178.606206177934,0.6119877035167763,0.5713586778077937,0.09215097044346818,0.46163790147999245,0.3828125,0.00022130208882318266,0.5662355627998277,0.0787220505731144,128.13133906365692
dual_center,8109,multisource_naive,0.4452325874495258,11177.920286703584,0.6079897605885812,0.5698282703028897,0.08721138722954183,0.4381655130760769,0.0625,0.0001223441288920404,0.5718181853089178,0.07260788042249182,126.71836406843795
dual_center,8109,multisource_uncertainty,0.44523789484353476,11177.82195841833,0.6091428043877641,0.5701881096612682,0.08721858783194877,0.4445698808865418,0.171875,0.00012183589057239785,0.5703393609357919,0.07462982307151558,126.7097664076573
dual_center,8109,rain_risk,0.4431652289236038,11252.809208802664,0.603775467343506,0.564933980034801,0.08721138722954183,0.3961312390791632,0.0,0.0001223441288920404,0.5728771599568686,0.07141667233513375,126.36042501981137
dual_center,8109,shortest,0.48269064534354295,10950.795041533209,0.6441626241776115,0.6113478383398894,0.14851473629522297,1.0,0.0,0.001245548642527524,0.5620480473246224,0.08075471736782024,127.2500187769765
dual_center,8109,trusted_source_specific_tau,0.44604907850186243,11174.662629750115,0.6095707906030727,0.5706518598179365,0.09001068934743235,0.4566549762861299,0.34375,0.00012183589057239785,0.5690105469236745,0.07590872739155585,127.04004140687175
dual_center,8109,trusted_universal_tau,0.44684681725293945,11178.66214484983,0.610021448638154,0.5709007733716561,0.09210105760172133,0.4584524517488029,0.34375,0.00012183589057239785,0.5667302083907804,0.07832681394532429,126.89400078488688
dual_center,8110,multisource_naive,0.444905831457894,11176.449638687684,0.6099741177703799,0.5698979462905638,0.08608291823316441,0.43738718661926335,0.0703125,0.0005925773820910744,0.5720017605366218,0.07246046218564384,126.05725312278082
dual_center,8110,multisource_uncertainty,0.4449561114635994,11179.89268254092,0.6100954904011543,0.5701711787045829,0.08609010385067718,0.4405637523138625,0.1875,0.0005927275580175407,0.5707528230882319,0.07424710220969186,125.93902499975229
dual_center,8110,rain_risk,0.442692193995189,11254.072731437052,0.6064479626890222,0.5650613011955284,0.08608107964798431,0.39609393413948923,0.0,0.0005938883311646979,0.5732556319547921,0.07104679681167747,125.90589375031414
dual_center,8110,shortest,0.48276273553178034,10950.795041533209,0.6449368568728991,0.6123920724362963,0.14881305981785933,1.0,0.0,0.001903128205727004,0.5623165994944709,0.0804208881831966,126.54700002167374
dual_center,8110,trusted_source_specific_tau,0.4453568237613845,11183.638135791387,0.6105847811374413,0.5704385769811422,0.08686634849808482,0.44169759953425897,0.3203125,0.0005927275580175407,0.5690668049510788,0.07570340548439396,125.9949070354196
dual_center,8110,trusted_universal_tau,0.4457110983728832,11195.46742502406,0.6095940809108046,0.5696656265975958,0.08763920156061623,0.43669483194299286,0.453125,0.0005927275580175407,0.5671318605134702,0.07808917763335638,126.4208609391062
dual_center,8111,multisource_naive,0.44564058160233466,11174.378914565095,0.6099304749339188,0.5704256276835704,0.08801055906665406,0.44139331519194264,0.0390625,0.0,0.5705482461754369,0.07392434366638553,126.34196952967613
dual_center,8111,multisource_uncertainty,0.44612125884111015,11174.929647649884,0.610077703052872,0.570674652108666,0.09037353683322377,0.4547310054948681,0.171875,0.0,0.568917510046686,0.07605757354795512,126.38218125630374
dual_center,8111,rain_risk,0.44311864903831216,11262.195946225575,0.6041948732721754,0.5639475415404575,0.08801055906665406,0.39844183107192466,0.0,0.0,0.571487324837611,0.07302318570614805,126.08650000038324
dual_center,8111,shortest,0.48315892926596604,10950.795041533209,0.6442162064920772,0.6127188877580363,0.14965456316886985,1.0,0.0,7.826833986389979e-05,0.5610074526381776,0.08201908015353009,126.87495627324097
dual_center,8111,trusted_source_specific_tau,0.4471011417866039,11171.102850287683,0.6109162230963194,0.5711252378520745,0.09430615169321153,0.47394648154999836,0.3203125,0.0,0.567004920895195,0.07782084779984683,126.7463617177782
dual_center,8111,trusted_universal_tau,0.447171037929404,11175.892758835475,0.6106907401951653,0.5707761767305252,0.09430423929138783,0.4681497074817242,0.3828125,0.0,0.5660725913370978,0.07903175697913145,126.7220585987161
dual_center,8112,multisource_naive,0.4449404689377524,11174.353759567113,0.6120646200405091,0.5721449256906007,0.08657738633015141,0.4421878127410034,0.0390625,0.00043377064360124526,0.5702422715663815,0.07400432059215035,125.35973592002847
dual_center,8112,multisource_uncertainty,0.44487685219093276,11179.343557762795,0.6120646200405091,0.5721161625402661,0.08658462196367325,0.44255840639335825,0.1640625,0.0004340259153820998,0.5695875529702051,0.07531116622374885,125.4380460777611
dual_center,8112,rain_risk,0.4426887993820828,11250.07287897524,0.6071419212644144,0.5663880369562836,0.08657738633015141,0.39069056621027476,0.0,0.00043377064360124526,0.5718722277267985,0.07277260366235778,124.87689997215057
dual_center,8112,shortest,0.48274055350288936,10950.795041533209,0.6471014441674893,0.613785376671167,0.14832067616782235,1.0,0.0,0.000972472985873899,0.560987242750735,0.08161260389619096,125.9145312506007
dual_center,8112,trusted_source_specific_tau,0.4453432467968712,11177.679393546687,0.6131976998882165,0.5727016392071342,0.08727114633932562,0.44747457150050235,0.2578125,0.0004340259153820998,0.5681743227288918,0.07649494419086061,125.54280779750115
dual_center,8112,trusted_universal_tau,0.4455765146809482,11182.344537770925,0.6127300255462107,0.5723457158138082,0.08863985371051726,0.44771537933725153,0.2578125,0.0004340259153820998,0.5674514444400228,0.07720170456895276,125.4864765360253
moving_center,8101,multisource_naive,0.38560903222548,11040.101571915147,0.5101474948431447,0.47996729809913935,0.0,0.5607064181380704,0.015625,0.0003929669500829731,0.5675764485023418,0.07564120992512537,131.30542266026168
moving_center,8101,multisource_uncertainty,0.3875757207578709,11001.850816713559,0.5107077500172115,0.4799093265774553,0.0,0.6092731280307916,0.1640625,0.0004005006291686102,0.5641211580456482,0.08015673916301108,130.92092108945508
moving_center,8101,rain_risk,0.37832483502435316,11200.026564307138,0.5115653775043961,0.4706207082716079,0.0,0.43203983197415474,0.0,0.0003929669500829731,0.57363136462426,0.06991133451897238,130.13764375500614
moving_center,8101,shortest,0.3986428214351511,10950.795041533209,0.5219087025805949,0.49284132401663455,4.032753768235004e-05,1.0,0.0,0.00025715912615998846,0.5618287113849023,0.08100126721705998,130.5235875188373
moving_center,8101,trusted_source_specific_tau,0.38764679351260484,11002.072928639614,0.5106462688294282,0.479822960028882,0.0,0.617142518267515,0.2109375,0.0004005006291686102,0.5633265363983648,0.08095551243450856,131.0999445286143
moving_center,8101,trusted_universal_tau,0.3875072922803548,11006.782615664368,0.5108934447873574,0.4797593282161195,0.0,0.6138852867076228,0.1484375,0.0004005006291686102,0.5629277970108595,0.08161514469951561,131.08314609144145
moving_center,8102,multisource_naive,0.3863529500401047,11030.656140844614,0.5121934283870867,0.48202648835704176,0.0,0.5787735025523372,0.0234375,0.001485985462090392,0.5674149495162827,0.07552046546920411,129.68380467646057
moving_center,8102,multisource_uncertainty,0.3880637641841062,10998.493291978639,0.5130465922032322,0.4817443957591319,0.0,0.6198893762026272,0.1484375,0.0014951334371039794,0.5637512618633637,0.08002041749386332,129.79682265813608
moving_center,8102,rain_risk,0.38191728614398035,11125.217694403227,0.5111017480109478,0.4742802770090068,0.0,0.4751488391939509,0.0,0.001485985462090392,0.5710833869268941,0.07226939382472773,129.10241875215434
moving_center,8102,shortest,0.39908137887186806,10950.795041533209,0.523009133891312,0.4957913691028044,0.00040370852780751424,1.0,0.0,0.0017605939462092238,0.561570878256207,0.08094245394215771,128.91211876558373
moving_center,8102,trusted_source_specific_tau,0.3880325717465589,11000.836443882807,0.5130614998857673,0.4817409212045379,0.0,0.6227409967197634,0.234375,0.0014951334371039794,0.5633117666541833,0.08062032400716519,129.61297421134077
moving_center,8102,trusted_universal_tau,0.3880677914206491,11001.577928272447,0.5132313579452787,0.4817270229861618,0.0,0.6236550443518334,0.1875,0.0014951334371039794,0.5629662954898191,0.08112061903451215,129.8908820208453
moving_center,8103,multisource_naive,0.38526443054901655,11040.590407628924,0.5093537229486608,0.4790939386514518,0.0,0.5604825687912509,0.015625,0.0006671741248804485,0.5681731948149379,0.07491780331253056,130.04043203181936
moving_center,8103,multisource_uncertainty,0.3873581125139201,11000.778552178519,0.510268252311899,0.47869746705237554,0.0,0.6148190372849726,0.15625,0.0006733492560368425,0.5639960752823835,0.08020933177148475,129.9975640622506
moving_center,8103,rain_risk,0.38275526105465807,11085.831410347031,0.5091468013851032,0.4770549293959051,0.0,0.4941283688670575,0.0,0.0006671741248804485,0.5707031745670685,0.07286377112379913,129.96258750354173
moving_center,8103,shortest,0.3983786079199937,10950.795041533209,0.5219074295797823,0.49164374380779585,0.00040370852780751424,1.0,0.0,0.0007846445266416018,0.5622306939580324,0.0805202923451383,129.56085002224427
moving_center,8103,trusted_source_specific_tau,0.3873626780190296,11002.151443727433,0.5103601283403056,0.47868930342661814,0.0,0.619452417885876,0.2109375,0.0006733492560368425,0.5636222809048833,0.08067907974703778,130.1161164064979
moving_center,8103,trusted_universal_tau,0.38730115125070674,11005.070153720017,0.5106381479593914,0.4786729761751034,0.0,0.6144238751866596,0.171875,0.0006733492560368425,0.5632945438850131,0.08125089308652396,130.12647499635932
moving_center,8104,multisource_naive,0.38528819194839115,11040.69580982802,0.5102459494802319,0.48102552921020125,0.0,0.5575536472404046,0.0390625,0.0013694375959881853,0.567481306300346,0.0758412596353887,130.3846492073717
moving_center,8104,multisource_uncertainty,0.38749085811352746,10998.870422673052,0.5102907176863543,0.4810295794202745,0.0,0.6189584866755246,0.1640625,0.0013707668124521137,0.5633916036485475,0.08072305097879201,130.6770546725602
moving_center,8104,rain_risk,0.37808533195582206,11200.026564307138,0.5104163606401952,0.47021834851840666,0.0,0.43203983197415474,0.0,0.0013694375959881853,0.5735192483044975,0.06989073020313896,130.2122499619145
moving_center,8104,shortest,0.3984108529639298,10950.795041533209,0.5215869923094432,0.4936585727193704,4.032753768235004e-05,1.0,0.0,0.0009528091737721743,0.5612795177586386,0.08164076549756688,129.8579562571831
moving_center,8104,trusted_source_specific_tau,0.38737835081358785,11003.295409036484,0.5103657095068501,0.4810281696383265,0.0,0.6203803392651647,0.203125,0.0013707668124521137,0.56276898047227,0.08151792933248703,130.74852655699942
moving_center,8104,trusted_universal_tau,0.387317724244905,11006.630634133297,0.5104773462065286,0.4810281696383265,0.0,0.6188586033004574,0.15625,0.0013707668124521137,0.5622783211690254,0.0823112561923031,130.43681326416845
moving_center,8105,multisource_naive,0.3851812031987338,11040.277242246973,0.5098278486793412,0.4794452497697794,0.0,0.5558248822199933,0.0234375,0.0014248119512873518,0.5672121592212263,0.07629221604927562,131.19467032265675
moving_center,8105,multisource_uncertainty,0.3871863845700155,11000.946525816098,0.5098871796202437,0.47937015394565885,0.0,0.6088419610919574,0.1171875,0.0014365466443207297,0.5638112174797932,0.08044987196299888,131.44137656217936
moving_center,8105,rain_risk,0.3826852158667987,11098.492919520904,0.5080180309535872,0.47533724818164125,0.0,0.49487336544444954,0.0,0.0014248119512873518,0.5703400312208908,0.07312256135961918,130.66481873829616
moving_center,8105,shortest,0.39825219209699286,10950.795041533209,0.5211561836552953,0.49236261683026944,4.032753768235004e-05,1.0,0.0,0.0022400314156867155,0.5612474028215085,0.081609891259771,130.91546252690023
moving_center,8105,trusted_source_specific_tau,0.38727623179709747,11001.113052511419,0.5099339316655562,0.47937601802256447,0.0,0.6170444342921068,0.1875,0.0014365466443207297,0.5630515961191144,0.08120860583035477,131.61706407936435
moving_center,8105,trusted_universal_tau,0.38711649660308406,11006.577507442289,0.5100621977073954,0.47936260326057056,0.0,0.6120062550020191,0.1328125,0.0014365466443207297,0.5625576919609311,0.0820238580293992,131.76595156619442
moving_center,8106,multisource_naive,0.38616970504763803,11030.307841396298,0.510158623362215,0.4825602492585366,0.0,0.5750921231646949,0.0390625,0.0005029926177006071,0.5666152706280685,0.07699725694200457,128.37270233649178
moving_center,8106,multisource_uncertainty,0.38783936104517913,10999.89752937746,0.5099783453479778,0.48232376525370413,0.0,0.6143177363598525,0.1484375,0.0005603965599734946,0.5636337404812188,0.0805719007239342,128.40418983614654
moving_center,8106,rain_risk,0.37834780817333424,11200.026564307138,0.5122976606125448,0.470800193488481,0.0,0.43203983197415474,0.0,0.0005029926177006071,0.5742256140861387,0.0692264567018279,127.66351248865249
moving_center,8106,shortest,0.39891583790303703,10950.795041533209,0.5207582814812177,0.49517862885262454,4.032753768235004e-05,1.0,0.0,0.002006959035393953,0.5612153094564319,0.08154558418109342,128.10874376737047
moving_center,8106,trusted_source_specific_tau,0.3878864632236957,11001.720462005444,0.5100112940626903,0.48227772464421487,0.0,0.6232879420907601,0.21875,0.0005603965599734946,0.5627380245190444,0.08158046763229362,128.38155781264504
moving_center,8106,trusted_universal_tau,0.38796037052122234,11001.539681808717,0.510179901535222,0.482266591443317,0.0,0.6235576028006912,0.1640625,0.0005603965599734946,0.5624622349445415,0.08200410349371183,128.50628437263367
moving_center,8107,multisource_naive,0.3850471932403346,11040.277242246973,0.509757233180235,0.48031160140676055,0.0,0.5558248822199933,0.0234375,0.0014236541595921053,0.5668439462627971,0.07668971359414045,130.2549148513208
moving_center,8107,multisource_uncertainty,0.38703118916400775,11001.963874461357,0.5094860309837621,0.48009847171874287,0.0,0.6113458974296262,0.1484375,0.001428249404283226,0.5637447007003125,0.08058150848104288,130.42741094977828
moving_center,8107,rain_risk,0.37781767450903025,11200.026564307138,0.5094659064088274,0.46997052116930016,0.0,0.43203983197415474,0.0,0.0014217235366750585,0.5739707744880609,0.06967287583264006,129.97038749745116
moving_center,8107,shortest,0.39825952518345437,10950.795041533209,0.520315365463967,0.4932813712610273,4.032753768235004e-05,1.0,0.0,0.0038712632383300556,0.5614277187636713,0.08142419566251743,129.47193127911305
moving_center,8107,trusted_source_specific_tau,0.38702565872112615,11003.773907674318,0.5094208892957374,0.480088370107283,0.0,0.6174556584060981,0.2109375,0.001428249404283226,0.5631093583581395,0.08125090089976314,130.13408282222372
moving_center,8107,trusted_universal_tau,0.3870277563716159,11004.529861858007,0.5095301625193369,0.480088370107283,0.0,0.6148612745965155,0.1953125,0.001428249404283226,0.5629849455824221,0.08148710556357003,130.41899687777914
moving_center,8108,multisource_naive,0.385344116860338,11040.066437848782,0.5098443184509093,0.48150795636072424,0.0,0.5616827253216858,0.0078125,0.0011693732465648816,0.5672310133897693,0.07578532739663155,133.21188828194863
moving_center,8108,multisource_uncertainty,0.3874147641774624,11001.218685987858,0.5101476231058139,0.4810186991289306,0.0,0.6126332956288028,0.15625,0.0011704735388510246,0.5632192428705333,0.08096518160566472,133.1940929630946
moving_center,8108,rain_risk,0.3812326791688296,11125.217694403227,0.5092576127084872,0.47314977864662094,0.0,0.4751488391939509,0.0,0.001166721651032569,0.5703341723582338,0.07325567041619319,132.93576875003055
moving_center,8108,shortest,0.39841654465209614,10950.795041533209,0.520602852126576,0.4939820675595976,4.032753768235004e-05,1.0,0.0,0.0005888592610187077,0.5614653821402977,0.0813107121099886,131.4526250207564
moving_center,8108,trusted_source_specific_tau,0.38737461743549245,11002.752331567775,0.5100972183156666,0.48099197272323096,0.0,0.6184357042304424,0.21875,0.0011704735388510246,0.5628667438065463,0.08126398402450585,132.93311718825862
moving_center,8108,trusted_universal_tau,0.3872907431726987,11006.129395667704,0.510318106764641,0.48099197272323096,0.0,0.6127575501368657,0.171875,0.001169972913619385,0.5625400281264143,0.08186834186809985,132.84901016140793
moving_center,8109,multisource_naive,0.38558869498469045,11031.180110624757,0.5095886671811549,0.4800490768665662,0.0,0.5775733460219021,0.03125,0.0007507301140857218,0.5674257757524498,0.0757127065285041,134.00626796283177
moving_center,8109,multisource_uncertainty,0.3871654196566611,11002.699399658863,0.5109077510152517,0.47973931151345794,0.0,0.6074867413876586,0.1640625,0.0007520593305496501,0.56396338639339,0.08023689379021472,133.87562889784022
moving_center,8109,rain_risk,0.37787967982111637,11200.026564307138,0.5093963453068999,0.4695068967972257,0.0,0.43203983197415474,0.0,0.0007507301140857218,0.5737591561356244,0.06954731675540815,134.00844374700682
moving_center,8109,shortest,0.398384831018376,10950.795041533209,0.5218973173531968,0.492665669590224,0.00040370852780751424,1.0,0.0,9.202328802322874e-05,0.5619072187680317,0.08078984666015325,133.05070626665838
moving_center,8109,trusted_source_specific_tau,0.38727656079512957,11002.35957647795,0.5109108157547725,0.47972867644269435,0.0,0.6188911060081999,0.21875,0.0007520593305496501,0.563270403859004,0.08090979482597337,134.23568671532848
moving_center,8109,trusted_universal_tau,0.38723364487944445,11005.062794021394,0.5111378236795642,0.47972867644269435,0.0,0.6138633756625553,0.171875,0.0007520593305496501,0.5629304047323913,0.08150304264257754,134.1691164052463
moving_center,8110,multisource_naive,0.3854903722131296,11040.730943894385,0.5106299046928487,0.482360249221595,0.0,0.5565773400567892,0.046875,0.001333218640680119,0.568217923120928,0.07533810422015813,132.0648093624186
moving_center,8110,multisource_uncertainty,0.38755083329586126,11002.39059201003,0.5104615326723525,0.4822318214306089,0.0,0.607862434395933,0.1484375,0.0015338991810406179,0.5645795650490949,0.07997469967835755,132.1102585816334
moving_center,8110,rain_risk,0.37811106179012066,11200.026564307138,0.5098849479901673,0.4700128884783805,0.0,0.43203983197415474,0.0,0.001333218640680119,0.5742090935805405,0.06948731825607919,132.0497687192983
moving_center,8110,shortest,0.3985902667207876,10950.795041533209,0.5220316443540466,0.4945936474841076,4.032753768235004e-05,1.0,0.0,0.0013039428883142943,0.5624141261998755,0.08058642820902089,131.46235000749584
moving_center,8110,trusted_source_specific_tau,0.38768754722434795,11001.517650137912,0.510449521570461,0.4821831972551969,0.0,0.6226510724959357,0.21875,0.0015338991810406179,0.563746172114405,0.08071713992238501,132.19889373522165
moving_center,8110,trusted_universal_tau,0.387686079608696,11003.472256541014,0.5106345713965715,0.48209640912278784,0.0,0.6211345610034499,0.203125,0.0015338991810406179,0.563307355458172,0.08140135753030488,132.23190467488166
moving_center,8111,multisource_naive,0.38648335522318467,11031.279604959222,0.512245014763872,0.4834301077904282,0.0,0.57062005870703,0.0703125,0.002036858393182023,0.5678054408901612,0.0757294032589485,130.82400940675143
moving_center,8111,multisource_uncertainty,0.3882502661888664,11000.512143613856,0.5119533070441005,0.48321322107996095,0.0,0.6135206608714678,0.140625,0.0020416144152796863,0.5642148361244173,0.07988679679596766,130.8564640912664
moving_center,8111,rain_risk,0.3787487353221189,11200.026564307138,0.5131265512263137,0.47222454328185615,0.0,0.43203983197415474,0.0,0.0020343578582783127,0.574574123663065,0.06872906626009069,130.0209000473842
moving_center,8111,shortest,0.39927812064693396,10950.795041533209,0.5224371023665555,0.49647974143706847,4.032753768235004e-05,1.0,0.0,0.0028085129466653013,0.5622135846349773,0.08050063167240917,130.18177505000494
moving_center,8111,trusted_source_specific_tau,0.38825103156745794,11001.823362044657,0.5119160413363303,0.48319657967701607,0.0,0.6209714282535574,0.2109375,0.0020416144152796863,0.5636710656832358,0.08045391922642021,130.68745550299354
moving_center,8111,trusted_universal_tau,0.38821084375575443,11003.792438241806,0.5120351714456433,0.48317318676974463,0.0,0.6159464853194191,0.1796875,0.0020416144152796863,0.5634530036142094,0.08087422418798287,130.8249008070561
moving_center,8112,multisource_naive,0.3850226574064658,11040.347510379703,0.5094711768590622,0.4791387909983091,0.0,0.5538722678527623,0.0078125,0.0006713368896094499,0.5673764323563891,0.07599874017848865,129.62250935925113
moving_center,8112,multisource_uncertainty,0.3871465506654657,11000.661323259292,0.509489534140282,0.4789272213499507,0.0,0.6096825608647796,0.140625,0.0006801198670943593,0.5639118260545446,0.0802945616879617,129.705307788754
moving_center,8112,rain_risk,0.3779649481995759,11200.026564307138,0.5103047092776084,0.4696709304273422,0.0,0.43203983197415474,0.0,0.0006713368896094499,0.5741985682542142,0.06923342055253266,129.4468249689089
moving_center,8112,shortest,0.39832859689145017,10950.795041533209,0.5208305740396373,0.49300078756428556,4.032753768235004e-05,1.0,0.0,0.0015250311365369346,0.561448353366482,0.08120009326861723,129.32611250289483
moving_center,8112,trusted_source_specific_tau,0.3872648661146553,11000.361960753196,0.5094095399079527,0.47892383356694523,0.0,0.6203955304740635,0.203125,0.0006801198670943593,0.5631261296646937,0.08103805642481515,129.67852654310263
moving_center,8112,trusted_universal_tau,0.3872616661254114,11002.316567156298,0.5094501851949823,0.47892383356694523,0.0,0.6188790189815777,0.1640625,0.0008496385053039779,0.5626825841181142,0.08173325487783403,129.75841247953213
anisotropic_band,8101,perfect_water_reference,0.43919849869144395,11104.647290696368,0.6380665722364859,0.6011290824479123,0.08775848677522535,0.450259237214389,0.0,0.0,0.0,1.0,36.29763126082253
anisotropic_band,8102,perfect_water_reference,0.43913628127970616,11112.883393790366,0.6357933662082776,0.6019687305357285,0.08679037298892348,0.439627821528627,0.0,0.0,0.0,1.0,36.33227499813074
anisotropic_band,8103,perfect_water_reference,0.439194159986643,11100.839285034945,0.6369171037527402,0.6010881646205322,0.08607056950327799,0.45026704895307756,0.0,0.0,0.0,1.0,37.01716875366401
anisotropic_band,8104,perfect_water_reference,0.43887211528102077,11100.839285034945,0.6360207493091791,0.6001815289633385,0.08700457528413691,0.45026704895307756,0.0,0.0,0.0,1.0,36.109362517890986
anisotropic_band,8105,perfect_water_reference,0.4386134903096124,11112.883393790366,0.6357265298600636,0.5996979023441047,0.08754362816908229,0.439627821528627,0.0,0.0,0.0,1.0,37.6611437604879
anisotropic_band,8106,perfect_water_reference,0.4389745180554875,11104.647290696368,0.6392174512106532,0.600657264997887,0.08789397312942093,0.450259237214389,0.0,0.0,0.0,1.0,36.56978750223061
anisotropic_band,8107,perfect_water_reference,0.4384781980789583,11109.075388128944,0.6337290303481402,0.5989183470481573,0.08598380663670604,0.43963563326731564,0.0,0.0,0.0,1.0,36.368462489917874
anisotropic_band,8108,perfect_water_reference,0.43846918297602444,11109.075388128944,0.6345611877669969,0.6001516939104193,0.08472090462539164,0.43963563326731564,0.0,0.0,0.0,1.0,38.17431250354275
anisotropic_band,8109,perfect_water_reference,0.43819549121249063,11104.647290696368,0.6335563687704908,0.599717042678205,0.08624802566687245,0.450259237214389,0.0,0.0,0.0,1.0,38.30183748505078
anisotropic_band,8110,perfect_water_reference,0.4390280368206716,11109.075388128944,0.6358103924383295,0.6003143782947713,0.08604289061519174,0.43963563326731564,0.0,0.0,0.0,1.0,37.56194999732543
anisotropic_band,8111,perfect_water_reference,0.439299900446364,11112.883393790366,0.6370602811990591,0.6016651420949641,0.08874331094171022,0.439627821528627,0.0,0.0,0.0,1.0,39.498124999227
anisotropic_band,8112,perfect_water_reference,0.43835334091255224,11109.075388128944,0.6348969283424327,0.5995833141793996,0.08421289533838602,0.43963563326731564,0.0,0.0,0.0,1.0,35.79136248299619
dual_center,8101,perfect_water_reference,0.4433340914514373,11251.203536246914,0.6044280141776405,0.5655551170551144,0.08399804056658737,0.3961380306354306,0.0,0.0,0.0,1.0,39.28557498147711
dual_center,8102,perfect_water_reference,0.4437193409184402,11251.203536246914,0.605960690659397,0.5651583887075508,0.083947589570003,0.3961380306354306,0.0,0.0,0.0,1.0,34.16870623914292
dual_center,8103,perfect_water_reference,0.44406978895477767,11251.203536246914,0.6059147152603084,0.5654657931810059,0.08992025971538545,0.3961380306354306,0.0,0.0,0.0,1.0,34.63956874475116
dual_center,8104,perfect_water_reference,0.44303850704464565,11251.203536246914,0.6041761700432153,0.565677035340489,0.08789342845489467,0.3961380306354306,0.0,0.0,0.0,1.0,33.92828124196967
dual_center,8105,perfect_water_reference,0.4431177470372582,11263.60767602817,0.605480688755635,0.5649468111795197,0.0842590812291322,0.39607883802815697,0.0,0.0,0.0,1.0,32.90282501257025
dual_center,8106,perfect_water_reference,0.44337785131023477,11251.203536246914,0.6047543271461335,0.5647357894369697,0.0855029787935245,0.3961380306354306,0.0,0.0,0.0,1.0,35.493050010700244
dual_center,8107,perfect_water_reference,0.44302352012829255,11252.506441494175,0.6039903255426776,0.5636432627345562,0.08710963294331983,0.39613166598391614,0.0,0.0,0.0,1.0,34.64931250346126
dual_center,8108,perfect_water_reference,0.4433862592818318,11251.203536246914,0.6064508482795048,0.5653840684494561,0.08595253282930583,0.3961380306354306,0.0,0.0,0.0,1.0,34.51721251622075
dual_center,8109,perfect_water_reference,0.4432846562117763,11251.203536246914,0.603775467343506,0.564933980034801,0.08721138722954183,0.3961380306354306,0.0,0.0,0.0,1.0,34.13999373879051
dual_center,8110,perfect_water_reference,0.4430050102157675,11248.186133888568,0.6056498277337052,0.5650613011955284,0.08608291823316441,0.39850781523546563,0.0,0.0,0.0,1.0,33.7304187414702
dual_center,8111,perfect_water_reference,0.44323839918637853,11260.590273669824,0.6041948732721754,0.5639475415404575,0.08801055906665406,0.39844862262819203,0.0,0.0,0.0,1.0,36.863843743049074
dual_center,8112,perfect_water_reference,0.4429062251732601,11248.186133888568,0.6071419212644144,0.5663880369562836,0.08657738633015141,0.39850781523546563,0.0,0.0,0.0,1.0,32.83631250815233
moving_center,8101,perfect_water_reference,0.3797915630259362,11160.640280250942,0.5120345977365243,0.4749082661741096,0.0,0.4510193616472614,0.0,0.0,0.0,1.0,35.52679375570733
moving_center,8102,perfect_water_reference,0.3834274808688619,11085.831410347031,0.5118149291585918,0.4788994612521854,0.0,0.4941283688670575,0.0,0.0,0.0,1.0,35.22075000364566
moving_center,8103,perfect_water_reference,0.38275526105465807,11085.831410347031,0.5091468013851032,0.4770549293959051,0.0,0.4941283688670575,0.0,0.0,0.0,1.0,35.21383748011431
moving_center,8104,perfect_water_reference,0.37808533195582206,11200.026564307138,0.5104163606401952,0.4702183485184067,0.0,0.43203983197415474,0.0,0.0,0.0,1.0,34.74926250055432
moving_center,8105,perfect_water_reference,0.38253471774014547,11098.773992051825,0.5082553547171974,0.4750985543246043,0.0,0.48706290797552604,0.0,0.0,0.0,1.0,35.71124999871245
moving_center,8106,perfect_water_reference,0.37834780817333424,11200.026564307138,0.5122976606125448,0.470800193488481,0.0,0.43203983197415474,0.0,0.0,0.0,1.0,35.217850003391504
moving_center,8107,perfect_water_reference,0.37781767450903025,11200.026564307138,0.5094659064088274,0.46997052116930016,0.0,0.43203983197415474,0.0,0.0,0.0,1.0,35.18046249519102
moving_center,8108,perfect_water_reference,0.3812326791688296,11125.217694403227,0.5092576127084872,0.47314977864662094,0.0,0.4751488391939509,0.0,0.0,0.0,1.0,35.314781256602146
moving_center,8109,perfect_water_reference,0.37787967982111637,11200.026564307138,0.5093963453068999,0.4695068967972257,0.0,0.43203983197415474,0.0,0.0,0.0,1.0,35.22449373122072
moving_center,8110,perfect_water_reference,0.37811106179012066,11200.026564307138,0.5098849479901673,0.4700128884783805,0.0,0.43203983197415474,0.0,0.0,0.0,1.0,36.5758687548805
moving_center,8111,perfect_water_reference,0.3787487353221189,11200.026564307138,0.5131265512263137,0.47222454328185615,0.0,0.43203983197415474,0.0,0.0,0.0,1.0,36.277006242016796
moving_center,8112,perfect_water_reference,0.3793208750147487,11173.301789424815,0.5095456412838894,0.47270246423249096,0.0,0.45176435822465344,0.0,0.0,0.0,1.0,35.97340001579141
