scenario_family,seed,stress_case,od_id,policy,mean_truth_exposure,mean_rain_only_truth_exposure,final_replan_count,final_route_change_count,planner_calls,total_computation_ms,missed_useful_replan,stale_source_induced_bad_route,unnecessary_replan,route_oscillation
moving_center,8101,rain_down_water_high,OD01,never,0.37297809881609384,0.3531080787826311,0,0,1,269.9265000410378,False,False,False,False
moving_center,8101,rain_down_water_high,OD01,always,0.3711202136718212,0.3531080787826311,11,6,12,738.8336998410523,False,False,True,False
moving_center,8101,rain_down_water_high,OD01,triggered,0.39603308331205805,0.3531080787826311,1,1,2,310.55249995552003,True,False,False,False
moving_center,8101,rain_down_water_high,OD02,never,0.34585037456942463,0.34292935852061834,0,0,1,231.39619978610426,False,False,False,False
moving_center,8101,rain_down_water_high,OD02,always,0.3430981784736485,0.34292935852061834,11,2,12,437.0432998985052,False,False,True,True
moving_center,8101,rain_down_water_high,OD02,triggered,0.34585037456942463,0.34292935852061834,0,0,1,230.31839972827584,False,False,False,False
moving_center,8101,water_delay,OD01,never,0.37297809881609384,0.3531080787826311,0,0,1,269.1452003782615,False,False,False,False
moving_center,8101,water_delay,OD01,always,0.3668964354752218,0.3531080787826311,11,6,12,728.2609002431855,False,False,True,False
moving_center,8101,water_delay,OD01,triggered,0.39603308331205805,0.3531080787826311,1,1,2,307.9296000069007,True,False,False,False
moving_center,8101,water_delay,OD02,never,0.34585037456942463,0.34292935852061834,0,0,1,249.18049992993474,False,False,False,False
moving_center,8101,water_delay,OD02,always,0.34585037456942463,0.34292935852061834,11,0,12,457.9578001284972,False,False,False,False
moving_center,8101,water_delay,OD02,triggered,0.34585037456942463,0.34292935852061834,0,0,1,247.6678000530228,False,False,False,False
moving_center,8101,water_block_missing,OD01,never,0.37297809881609384,0.3531080787826311,0,0,1,266.8794997734949,False,False,False,False
moving_center,8101,water_block_missing,OD01,always,0.3711202136718212,0.3531080787826311,11,6,12,742.3321994720027,False,False,True,False
moving_center,8101,water_block_missing,OD01,triggered,0.39603308331205805,0.3531080787826311,1,1,2,304.86489995382726,True,False,False,False
moving_center,8101,water_block_missing,OD02,never,0.34585037456942463,0.34292935852061834,0,0,1,256.9975000806153,False,False,False,False
moving_center,8101,water_block_missing,OD02,always,0.3430981784736485,0.34292935852061834,11,2,12,469.9651999399066,False,False,True,True
moving_center,8101,water_block_missing,OD02,triggered,0.34585037456942463,0.34292935852061834,0,0,1,258.05990025401115,False,False,False,False
moving_center,8101,water_recovery,OD01,never,0.37297809881609384,0.3531080787826311,0,0,1,267.529200646095,False,False,False,False
moving_center,8101,water_recovery,OD01,always,0.3711202136718212,0.3531080787826311,11,6,12,735.6050002854317,False,False,True,False
moving_center,8101,water_recovery,OD01,triggered,0.39603308331205805,0.3531080787826311,1,1,2,307.11370008066297,True,False,False,False
moving_center,8101,water_recovery,OD02,never,0.34585037456942463,0.34292935852061834,0,0,1,242.71010025404394,False,False,False,False
moving_center,8101,water_recovery,OD02,always,0.3430981784736485,0.34292935852061834,11,2,12,451.58320025075227,False,False,True,True
moving_center,8101,water_recovery,OD02,triggered,0.34585037456942463,0.34292935852061834,0,0,1,242.94600042048842,False,False,False,False
moving_center,8101,water_stale_rain_fresh,OD01,never,0.37297809881609384,0.3531080787826311,0,0,1,277.3831997765228,False,False,False,False
moving_center,8101,water_stale_rain_fresh,OD01,always,0.38217092789865664,0.3531080787826311,11,5,12,744.9891999131069,False,False,True,False
moving_center,8101,water_stale_rain_fresh,OD01,triggered,0.39603308331205805,0.3531080787826311,1,1,2,312.91069998405874,True,True,False,False
moving_center,8101,water_stale_rain_fresh,OD02,never,0.34585037456942463,0.34292935852061834,0,0,1,245.08920032531023,False,False,False,False
moving_center,8101,water_stale_rain_fresh,OD02,always,0.34585037456942463,0.34292935852061834,11,0,12,449.75679996423423,False,False,False,False
moving_center,8101,water_stale_rain_fresh,OD02,triggered,0.34585037456942463,0.34292935852061834,0,0,1,242.28790029883385,False,False,False,False
moving_center,8101,rain_stale_water_fresh,OD01,never,0.40387913329774916,0.3791916063737351,0,0,1,277.09610015153885,False,False,False,False
moving_center,8101,rain_stale_water_fresh,OD01,always,0.3939417284611855,0.3791916063737351,11,3,12,739.8193998960778,False,False,True,False
moving_center,8101,rain_stale_water_fresh,OD01,triggered,0.40387913329774916,0.3791916063737351,1,0,2,321.801999816671,False,False,False,False
moving_center,8101,rain_stale_water_fresh,OD02,never,0.3456321653424726,0.34380121618302356,0,0,1,239.74799958523363,False,False,False,False
moving_center,8101,rain_stale_water_fresh,OD02,always,0.3438902917660868,0.34380121618302356,11,3,12,454.08519939519465,False,False,True,True
moving_center,8101,rain_stale_water_fresh,OD02,triggered,0.3456321653424726,0.34380121618302356,0,0,1,239.01999951340258,False,False,False,False
moving_center,8101,source_disagreement,OD01,never,0.37297809881609384,0.3531080787826311,0,0,1,267.45359995402396,False,False,False,False
moving_center,8101,source_disagreement,OD01,always,0.3711202136718212,0.3531080787826311,11,6,12,730.4184001404792,False,False,True,False
moving_center,8101,source_disagreement,OD01,triggered,0.39603308331205805,0.3531080787826311,1,1,2,303.0732001643628,True,False,False,False
moving_center,8101,source_disagreement,OD02,never,0.34585037456942463,0.34292935852061834,0,0,1,240.3921999502927,False,False,False,False
moving_center,8101,source_disagreement,OD02,always,0.3430981784736485,0.34292935852061834,11,2,12,446.2164002470672,False,False,True,True
moving_center,8101,source_disagreement,OD02,triggered,0.34585037456942463,0.34292935852061834,0,0,1,238.96459979005158,False,False,False,False
moving_center,8106,rain_down_water_high,OD01,never,0.3722584729294713,0.3528898370208287,0,0,1,281.5052003134042,False,False,False,False
moving_center,8106,rain_down_water_high,OD01,always,0.3708195093064348,0.3528898370208287,11,6,12,784.6381004201248,False,False,True,False
moving_center,8106,rain_down_water_high,OD01,triggered,0.3961110958641541,0.3528898370208287,1,1,2,340.29580000787973,True,False,False,False
moving_center,8106,rain_down_water_high,OD02,never,0.3469101241421211,0.3409155829549373,0,0,1,235.04770023282617,False,False,False,False
moving_center,8106,rain_down_water_high,OD02,always,0.343974196935065,0.3409155829549373,11,2,12,441.6127004660666,False,False,True,True
moving_center,8106,rain_down_water_high,OD02,triggered,0.3469101241421211,0.3409155829549373,0,0,1,235.84980005398393,False,False,False,False
moving_center,8106,water_delay,OD01,never,0.3722584729294713,0.3528898370208287,0,0,1,271.2886999361217,False,False,False,False
moving_center,8106,water_delay,OD01,always,0.36659457082151675,0.3528898370208287,11,6,12,748.0362004134804,False,False,True,False
moving_center,8106,water_delay,OD01,triggered,0.3961110958641541,0.3528898370208287,1,1,2,308.89830051455647,True,False,False,False
moving_center,8106,water_delay,OD02,never,0.3469101241421211,0.3409155829549373,0,0,1,253.65050020627677,False,False,False,False
moving_center,8106,water_delay,OD02,always,0.343974196935065,0.3409155829549373,11,2,12,464.41730041988194,False,False,True,True
moving_center,8106,water_delay,OD02,triggered,0.3469101241421211,0.3409155829549373,0,0,1,247.61620035860687,False,False,False,False
moving_center,8106,water_block_missing,OD01,never,0.3722584729294713,0.3528898370208287,0,0,1,271.7522996244952,False,False,False,False
moving_center,8106,water_block_missing,OD01,always,0.3708195093064348,0.3528898370208287,11,6,12,739.0859000151977,False,False,True,False
moving_center,8106,water_block_missing,OD01,triggered,0.3961110958641541,0.3528898370208287,1,1,2,305.0679996376857,True,False,False,False
moving_center,8106,water_block_missing,OD02,never,0.3469101241421211,0.3409155829549373,0,0,1,237.32949991244823,False,False,False,False
moving_center,8106,water_block_missing,OD02,always,0.343974196935065,0.3409155829549373,11,2,12,439.32089989539236,False,False,True,True
moving_center,8106,water_block_missing,OD02,triggered,0.3469101241421211,0.3409155829549373,0,0,1,236.31820001173764,False,False,False,False
moving_center,8106,water_recovery,OD01,never,0.3722584729294713,0.3528898370208287,0,0,1,269.58290045149624,False,False,False,False
moving_center,8106,water_recovery,OD01,always,0.3708195093064348,0.3528898370208287,11,6,12,743.3529004920274,False,False,True,False
moving_center,8106,water_recovery,OD01,triggered,0.3961110958641541,0.3528898370208287,1,1,2,305.9010002762079,True,False,False,False
moving_center,8106,water_recovery,OD02,never,0.3469101241421211,0.3409155829549373,0,0,1,237.55199974402785,False,False,False,False
moving_center,8106,water_recovery,OD02,always,0.3410843104127319,0.3409155829549373,11,2,12,437.77780036907643,False,False,True,False
moving_center,8106,water_recovery,OD02,triggered,0.3469101241421211,0.3409155829549373,0,0,1,233.4157001459971,False,False,False,False
moving_center,8106,water_stale_rain_fresh,OD01,never,0.3722584729294713,0.3528898370208287,0,0,1,264.0421995893121,False,False,False,False
moving_center,8106,water_stale_rain_fresh,OD01,always,0.36659457082151675,0.3528898370208287,11,6,12,734.8551994655281,False,False,True,False
moving_center,8106,water_stale_rain_fresh,OD01,triggered,0.3961110958641541,0.3528898370208287,1,1,2,301.75299965776503,True,True,False,False
moving_center,8106,water_stale_rain_fresh,OD02,never,0.3469101241421211,0.3409155829549373,0,0,1,260.0284005748108,False,False,False,False
moving_center,8106,water_stale_rain_fresh,OD02,always,0.343974196935065,0.3409155829549373,11,2,12,463.7400002684444,False,False,True,True
moving_center,8106,water_stale_rain_fresh,OD02,triggered,0.3469101241421211,0.3409155829549373,0,0,1,261.3384001888335,False,False,False,False
moving_center,8106,rain_stale_water_fresh,OD01,never,0.40398072934368695,0.37905625335820625,0,0,1,257.808499969542,False,False,False,False
moving_center,8106,rain_stale_water_fresh,OD01,always,0.3939416096135806,0.37905625335820625,11,3,12,717.4353998852894,False,False,True,False
moving_center,8106,rain_stale_water_fresh,OD01,triggered,0.40398072934368695,0.37905625335820625,1,0,2,312.5058001605794,True,False,False,False
moving_center,8106,rain_stale_water_fresh,OD02,never,0.34669286239379077,0.3432240188291636,0,0,1,240.5383001314476,False,False,False,False
moving_center,8106,rain_stale_water_fresh,OD02,always,0.34488295159052457,0.3432240188291636,11,3,12,445.1534004183486,False,False,True,True
moving_center,8106,rain_stale_water_fresh,OD02,triggered,0.34669286239379077,0.3432240188291636,0,0,1,242.8796001477167,False,False,False,False
moving_center,8106,source_disagreement,OD01,never,0.3722584729294713,0.3528898370208287,0,0,1,266.77929935976863,False,False,False,False
moving_center,8106,source_disagreement,OD01,always,0.3708195093064348,0.3528898370208287,11,6,12,740.9636998781934,False,False,True,False
moving_center,8106,source_disagreement,OD01,triggered,0.3961110958641541,0.3528898370208287,1,1,2,306.65959988255054,True,False,False,False
moving_center,8106,source_disagreement,OD02,never,0.3469101241421211,0.3409155829549373,0,0,1,243.52379993069917,False,False,False,False
moving_center,8106,source_disagreement,OD02,always,0.343974196935065,0.3409155829549373,11,2,12,451.37240015901625,False,False,True,True
moving_center,8106,source_disagreement,OD02,triggered,0.3469101241421211,0.3409155829549373,0,0,1,244.23840001691133,False,False,False,False
moving_center,8112,rain_down_water_high,OD01,never,0.3718925185585292,0.3527732445230632,0,0,1,271.64420031476766,False,False,False,False
moving_center,8112,rain_down_water_high,OD01,always,0.37047984138455275,0.3527732445230632,11,6,12,745.3503001015633,False,False,True,False
moving_center,8112,rain_down_water_high,OD01,triggered,0.3955473210465042,0.3527732445230632,2,1,3,369.9802001938224,True,False,False,False
moving_center,8112,rain_down_water_high,OD02,never,0.34633450993088055,0.3404192971078544,0,0,1,242.80410003848374,False,False,False,False
moving_center,8112,rain_down_water_high,OD02,always,0.3405877173650287,0.3404192971078544,11,2,12,447.6921003079042,False,False,True,False
moving_center,8112,rain_down_water_high,OD02,triggered,0.34633450993088055,0.3404192971078544,0,0,1,240.94909999985248,False,False,False,False
moving_center,8112,water_delay,OD01,never,0.3718925185585292,0.3527732445230632,0,0,1,269.84120020642877,False,False,False,False
moving_center,8112,water_delay,OD01,always,0.3662542140003073,0.3527732445230632,11,6,12,739.0412000240758,False,False,True,False
moving_center,8112,water_delay,OD01,triggered,0.3955473210465042,0.3527732445230632,2,1,3,370.4514001728967,True,False,False,False
moving_center,8112,water_delay,OD02,never,0.34633450993088055,0.3404192971078544,0,0,1,248.19159996695817,False,False,False,False
moving_center,8112,water_delay,OD02,always,0.3434559094208127,0.3404192971078544,11,2,12,451.4776001451537,False,False,True,True
moving_center,8112,water_delay,OD02,triggered,0.34633450993088055,0.3404192971078544,0,0,1,246.66369974147528,False,False,False,False
moving_center,8112,water_block_missing,OD01,never,0.3718925185585292,0.3527732445230632,0,0,1,277.02909999061376,False,False,False,False
moving_center,8112,water_block_missing,OD01,always,0.37047984138455275,0.3527732445230632,11,6,12,750.3396001411602,False,False,True,False
moving_center,8112,water_block_missing,OD01,triggered,0.3955473210465042,0.3527732445230632,2,1,3,372.40450002718717,True,False,False,False
moving_center,8112,water_block_missing,OD02,never,0.34633450993088055,0.3404192971078544,0,0,1,243.0536998435855,False,False,False,False
moving_center,8112,water_block_missing,OD02,always,0.3434559094208127,0.3404192971078544,11,2,12,445.8615001058206,False,False,True,True
moving_center,8112,water_block_missing,OD02,triggered,0.34633450993088055,0.3404192971078544,0,0,1,238.5269998339936,False,False,False,False
moving_center,8112,water_recovery,OD01,never,0.3718925185585292,0.3527732445230632,0,0,1,264.9285002844408,False,False,False,False
moving_center,8112,water_recovery,OD01,always,0.37047984138455275,0.3527732445230632,11,6,12,734.5354002900422,False,False,True,False
moving_center,8112,water_recovery,OD01,triggered,0.3955473210465042,0.3527732445230632,2,1,3,358.12610026914626,True,False,False,False
moving_center,8112,water_recovery,OD02,never,0.34633450993088055,0.3404192971078544,0,0,1,232.6247999444604,False,False,False,False
moving_center,8112,water_recovery,OD02,always,0.3405877173650287,0.3404192971078544,11,2,12,436.19630008470267,False,False,True,False
moving_center,8112,water_recovery,OD02,triggered,0.34633450993088055,0.3404192971078544,0,0,1,229.04030024074018,False,False,False,False
moving_center,8112,water_stale_rain_fresh,OD01,never,0.3718925185585292,0.3527732445230632,0,0,1,276.32029994856566,False,False,False,False
moving_center,8112,water_stale_rain_fresh,OD01,always,0.3662542140003073,0.3527732445230632,11,6,12,748.7063996959478,False,False,True,False
moving_center,8112,water_stale_rain_fresh,OD01,triggered,0.3955473210465042,0.3527732445230632,1,1,2,314.5950000034645,True,True,False,False
moving_center,8112,water_stale_rain_fresh,OD02,never,0.34633450993088055,0.3404192971078544,0,0,1,238.08119993191212,False,False,False,False
moving_center,8112,water_stale_rain_fresh,OD02,always,0.3434559094208127,0.3404192971078544,11,2,12,435.5216999538243,False,False,True,True
moving_center,8112,water_stale_rain_fresh,OD02,triggered,0.34633450993088055,0.3404192971078544,0,0,1,239.02120010461658,False,False,False,False
moving_center,8112,rain_stale_water_fresh,OD01,never,0.4034262431822846,0.37881846691909904,0,0,1,264.9244999047369,False,False,False,False
moving_center,8112,rain_stale_water_fresh,OD01,always,0.393431967190302,0.37881846691909904,11,3,12,729.3707999633625,False,False,True,False
moving_center,8112,rain_stale_water_fresh,OD01,triggered,0.4034262431822846,0.37881846691909904,1,0,2,320.6058999057859,False,False,False,False
moving_center,8112,rain_stale_water_fresh,OD02,never,0.34611790796647174,0.3426531429154918,0,0,1,245.13530009426177,False,False,False,False
moving_center,8112,rain_stale_water_fresh,OD02,always,0.34430655164444324,0.3426531429154918,11,3,12,449.1179999895394,False,False,True,True
moving_center,8112,rain_stale_water_fresh,OD02,triggered,0.34611790796647174,0.3426531429154918,0,0,1,240.41570024564862,False,False,False,False
moving_center,8112,source_disagreement,OD01,never,0.3718925185585292,0.3527732445230632,0,0,1,262.44760025292635,False,False,False,False
moving_center,8112,source_disagreement,OD01,always,0.37047984138455275,0.3527732445230632,11,6,12,752.7901004068553,False,False,True,False
moving_center,8112,source_disagreement,OD01,triggered,0.3955473210465042,0.3527732445230632,2,1,3,359.4493003329262,True,False,False,False
moving_center,8112,source_disagreement,OD02,never,0.34633450993088055,0.3404192971078544,0,0,1,242.63980041723698,False,False,False,False
moving_center,8112,source_disagreement,OD02,always,0.3405877173650287,0.3404192971078544,11,2,12,444.89050027914345,False,False,True,False
moving_center,8112,source_disagreement,OD02,triggered,0.34633450993088055,0.3404192971078544,0,0,1,235.8279002364725,False,False,False,False
dual_center,8101,rain_down_water_high,OD01,never,0.4977253324412267,0.4987301313225057,0,0,1,262.9235996864736,False,False,False,False
dual_center,8101,rain_down_water_high,OD01,always,0.5062416635537564,0.4987301313225057,11,2,12,714.874199940823,False,False,True,False
dual_center,8101,rain_down_water_high,OD01,triggered,0.4977253324412267,0.4987301313225057,1,0,2,303.22880018502474,False,False,False,False
dual_center,8101,rain_down_water_high,OD02,never,0.530195263025162,0.5301398972712251,0,0,1,234.12940045818686,False,False,False,False
dual_center,8101,rain_down_water_high,OD02,always,0.530195263025162,0.5301398972712251,11,0,12,445.8365999162197,False,False,False,False
dual_center,8101,rain_down_water_high,OD02,triggered,0.530195263025162,0.5301398972712251,1,0,2,254.42470016423613,False,False,False,False
dual_center,8101,water_delay,OD01,never,0.4977253324412267,0.4987301313225057,0,0,1,266.57219999469817,False,False,False,False
dual_center,8101,water_delay,OD01,always,0.49925985425088104,0.4987301313225057,11,1,12,701.7835002625361,False,False,True,False
dual_center,8101,water_delay,OD01,triggered,0.4977253324412267,0.4987301313225057,1,0,2,302.70489992108196,False,False,False,False
dual_center,8101,water_delay,OD02,never,0.530195263025162,0.5301398972712251,0,0,1,239.53650053590536,False,False,False,False
dual_center,8101,water_delay,OD02,always,0.530195263025162,0.5301398972712251,11,0,12,448.2764999847859,False,False,False,False
dual_center,8101,water_delay,OD02,triggered,0.530195263025162,0.5301398972712251,1,0,2,256.7485002800822,False,False,False,False
dual_center,8101,water_block_missing,OD01,never,0.4977253324412267,0.4987301313225057,0,0,1,265.96699992660433,False,False,False,False
dual_center,8101,water_block_missing,OD01,always,0.5062416635537564,0.4987301313225057,11,2,12,699.6988999890164,False,False,True,False
dual_center,8101,water_block_missing,OD01,triggered,0.4977253324412267,0.4987301313225057,1,0,2,303.4681002609432,False,False,False,False
dual_center,8101,water_block_missing,OD02,never,0.530195263025162,0.5301398972712251,0,0,1,235.06709991488606,False,False,False,False
dual_center,8101,water_block_missing,OD02,always,0.530195263025162,0.5301398972712251,11,0,12,434.8079999908805,False,False,False,False
dual_center,8101,water_block_missing,OD02,triggered,0.530195263025162,0.5301398972712251,1,0,2,251.37299997732043,False,False,False,False
dual_center,8101,water_recovery,OD01,never,0.4977253324412267,0.4987301313225057,0,0,1,264.12779989186674,False,False,False,False
dual_center,8101,water_recovery,OD01,always,0.5062416635537564,0.4987301313225057,11,2,12,704.4674993958324,False,False,True,False
dual_center,8101,water_recovery,OD01,triggered,0.4977253324412267,0.4987301313225057,1,0,2,302.6546996552497,False,False,False,False
dual_center,8101,water_recovery,OD02,never,0.530195263025162,0.5301398972712251,0,0,1,241.563499905169,False,False,False,False
dual_center,8101,water_recovery,OD02,always,0.530195263025162,0.5301398972712251,11,0,12,453.29810003750026,False,False,False,False
dual_center,8101,water_recovery,OD02,triggered,0.530195263025162,0.5301398972712251,1,0,2,256.6753999562934,False,False,False,False
dual_center,8101,water_stale_rain_fresh,OD01,never,0.4977253324412267,0.4987301313225057,0,0,1,267.7545996848494,False,False,False,False
dual_center,8101,water_stale_rain_fresh,OD01,always,0.49925985425088104,0.4987301313225057,11,1,12,704.4705998850986,False,False,True,False
dual_center,8101,water_stale_rain_fresh,OD01,triggered,0.4977253324412267,0.4987301313225057,1,0,2,304.72340004052967,False,False,False,False
dual_center,8101,water_stale_rain_fresh,OD02,never,0.530195263025162,0.5301398972712251,0,0,1,247.33980023302138,False,False,False,False
dual_center,8101,water_stale_rain_fresh,OD02,always,0.530195263025162,0.5301398972712251,11,0,12,459.8995002452284,False,False,False,False
dual_center,8101,water_stale_rain_fresh,OD02,triggered,0.530195263025162,0.5301398972712251,1,0,2,263.87909974437207,False,False,False,False
dual_center,8101,rain_stale_water_fresh,OD01,never,0.5385752306439283,0.4984763382236954,0,0,1,265.1161998510361,False,False,False,False
dual_center,8101,rain_stale_water_fresh,OD01,always,0.51491332215445,0.4984763382236954,11,1,12,692.1113000717014,False,False,False,False
dual_center,8101,rain_stale_water_fresh,OD01,triggered,0.5385752306439283,0.4984763382236954,1,0,2,300.66300032194704,True,False,False,False
dual_center,8101,rain_stale_water_fresh,OD02,never,0.5299539364988906,0.5301397578928163,0,0,1,234.72529998980463,False,False,False,False
dual_center,8101,rain_stale_water_fresh,OD02,always,0.5301583896809695,0.5301397578928163,11,1,12,436.8621996836737,False,False,True,False
dual_center,8101,rain_stale_water_fresh,OD02,triggered,0.5299539364988906,0.5301397578928163,1,0,2,253.38859972544014,False,False,False,False
dual_center,8101,source_disagreement,OD01,never,0.4977253324412267,0.4987301313225057,0,0,1,268.0519000859931,False,False,False,False
dual_center,8101,source_disagreement,OD01,always,0.5062416635537564,0.4987301313225057,11,2,12,709.8544999025762,False,False,True,False
dual_center,8101,source_disagreement,OD01,triggered,0.4977253324412267,0.4987301313225057,1,0,2,308.8407999603078,False,False,False,False
dual_center,8101,source_disagreement,OD02,never,0.530195263025162,0.5301398972712251,0,0,1,241.07030034065247,False,False,False,False
dual_center,8101,source_disagreement,OD02,always,0.530195263025162,0.5301398972712251,11,0,12,446.8489002902061,False,False,False,False
dual_center,8101,source_disagreement,OD02,triggered,0.530195263025162,0.5301398972712251,1,0,2,260.3069001343101,False,False,False,False
dual_center,8106,rain_down_water_high,OD01,never,0.4963765982119705,0.497377903945587,0,0,1,271.77829993888736,False,False,False,False
dual_center,8106,rain_down_water_high,OD01,always,0.5024450684591958,0.497377903945587,11,2,12,716.6940000606701,False,False,True,False
dual_center,8106,rain_down_water_high,OD01,triggered,0.4963765982119705,0.497377903945587,1,0,2,311.94730021525174,False,False,False,False
dual_center,8106,rain_down_water_high,OD02,never,0.5346421698135632,0.5345869969667351,0,0,1,234.7809000639245,False,False,False,False
dual_center,8106,rain_down_water_high,OD02,always,0.5346421698135632,0.5345869969667351,11,0,12,438.82190017029643,False,False,False,False
dual_center,8106,rain_down_water_high,OD02,triggered,0.5346421698135632,0.5345869969667351,1,0,2,252.26430024486035,False,False,False,False
dual_center,8106,water_delay,OD01,never,0.4963765982119705,0.497377903945587,0,0,1,280.8853997848928,False,False,False,False
dual_center,8106,water_delay,OD01,always,0.4979029135704856,0.497377903945587,11,1,12,717.9745002649724,False,False,True,False
dual_center,8106,water_delay,OD01,triggered,0.4963765982119705,0.497377903945587,1,0,2,328.1135002616793,False,False,False,False
dual_center,8106,water_delay,OD02,never,0.5346421698135632,0.5345869969667351,0,0,1,234.18810043949634,False,False,False,False
dual_center,8106,water_delay,OD02,always,0.5346421698135632,0.5345869969667351,11,0,12,435.25760050397366,False,False,False,False
dual_center,8106,water_delay,OD02,triggered,0.5346421698135632,0.5345869969667351,1,0,2,252.9388003749773,False,False,False,False
dual_center,8106,water_block_missing,OD01,never,0.4963765982119705,0.497377903945587,0,0,1,266.238100011833,False,False,False,False
dual_center,8106,water_block_missing,OD01,always,0.5024450684591958,0.497377903945587,11,2,12,694.459900027141,False,False,True,False
dual_center,8106,water_block_missing,OD01,triggered,0.4963765982119705,0.497377903945587,1,0,2,299.63980009779334,False,False,False,False
dual_center,8106,water_block_missing,OD02,never,0.5346421698135632,0.5345869969667351,0,0,1,235.38379976525903,False,False,False,False
dual_center,8106,water_block_missing,OD02,always,0.5346421698135632,0.5345869969667351,11,0,12,445.6796998856589,False,False,False,False
dual_center,8106,water_block_missing,OD02,triggered,0.5346421698135632,0.5345869969667351,1,0,2,251.8383003771305,False,False,False,False
dual_center,8106,water_recovery,OD01,never,0.4963765982119705,0.497377903945587,0,0,1,262.59259949438274,False,False,False,False
dual_center,8106,water_recovery,OD01,always,0.5024450684591958,0.497377903945587,11,2,12,698.4213002724573,False,False,True,False
dual_center,8106,water_recovery,OD01,triggered,0.4963765982119705,0.497377903945587,1,0,2,301.8697998486459,False,False,False,False
dual_center,8106,water_recovery,OD02,never,0.5346421698135632,0.5345869969667351,0,0,1,238.83150005713105,False,False,False,False
dual_center,8106,water_recovery,OD02,always,0.5346421698135632,0.5345869969667351,11,0,12,447.33539957087487,False,False,False,False
dual_center,8106,water_recovery,OD02,triggered,0.5346421698135632,0.5345869969667351,1,0,2,253.2445000251755,False,False,False,False
dual_center,8106,water_stale_rain_fresh,OD01,never,0.4963765982119705,0.497377903945587,0,0,1,266.2682000081986,False,False,False,False
dual_center,8106,water_stale_rain_fresh,OD01,always,0.4979029135704856,0.497377903945587,11,1,12,701.1971002211794,False,False,True,False
dual_center,8106,water_stale_rain_fresh,OD01,triggered,0.4963765982119705,0.497377903945587,1,0,2,304.82189997565,False,False,False,False
dual_center,8106,water_stale_rain_fresh,OD02,never,0.5346421698135632,0.5345869969667351,0,0,1,240.11769995559007,False,False,False,False
dual_center,8106,water_stale_rain_fresh,OD02,always,0.5346421698135632,0.5345869969667351,11,0,12,445.7572001265362,False,False,False,False
dual_center,8106,water_stale_rain_fresh,OD02,triggered,0.5346421698135632,0.5345869969667351,1,0,2,258.35479982197285,False,False,False,False
dual_center,8106,rain_stale_water_fresh,OD01,never,0.5394425450734905,0.4971279225666714,0,0,1,261.15990011021495,False,False,False,False
dual_center,8106,rain_stale_water_fresh,OD01,always,0.5142975957594927,0.4971279225666714,11,1,12,692.4472993705422,False,False,False,False
dual_center,8106,rain_stale_water_fresh,OD01,triggered,0.5394425450734905,0.4971279225666714,1,0,2,300.3367998171598,True,False,False,False
dual_center,8106,rain_stale_water_fresh,OD02,never,0.5344011746241316,0.5345873611527137,0,0,1,250.91029983013868,False,False,False,False
dual_center,8106,rain_stale_water_fresh,OD02,always,0.5346053739171167,0.5345873611527137,11,1,12,465.11619980446994,False,False,True,False
dual_center,8106,rain_stale_water_fresh,OD02,triggered,0.5344011746241316,0.5345873611527137,1,0,2,266.56149979680777,False,False,False,False
dual_center,8106,source_disagreement,OD01,never,0.4963765982119705,0.497377903945587,0,0,1,260.1265001576394,False,False,False,False
dual_center,8106,source_disagreement,OD01,always,0.5024450684591958,0.497377903945587,11,2,12,696.954499813728,False,False,True,False
dual_center,8106,source_disagreement,OD01,triggered,0.4963765982119705,0.497377903945587,1,0,2,301.7739001661539,False,False,False,False
dual_center,8106,source_disagreement,OD02,never,0.5346421698135632,0.5345869969667351,0,0,1,245.8169999299571,False,False,False,False
dual_center,8106,source_disagreement,OD02,always,0.5346421698135632,0.5345869969667351,11,0,12,466.0541000775993,False,False,False,False
dual_center,8106,source_disagreement,OD02,triggered,0.5346421698135632,0.5345869969667351,1,0,2,266.445699846372,False,False,False,False
dual_center,8112,rain_down_water_high,OD01,never,0.49628864320002936,0.49728957811494595,0,0,1,265.6334999483079,False,False,False,False
dual_center,8112,rain_down_water_high,OD01,always,0.5048973399541647,0.49728957811494595,11,2,12,706.5761997364461,False,False,True,False
dual_center,8112,rain_down_water_high,OD01,triggered,0.49628864320002936,0.49728957811494595,1,0,2,299.8411998851225,False,False,False,False
dual_center,8112,rain_down_water_high,OD02,never,0.5314500613692541,0.531395186407266,0,0,1,230.56169936899096,False,False,False,False
dual_center,8112,rain_down_water_high,OD02,always,0.5314500613692541,0.531395186407266,11,0,12,436.94409960880876,False,False,False,False
dual_center,8112,rain_down_water_high,OD02,triggered,0.5314500613692541,0.531395186407266,1,0,2,247.95079964678735,False,False,False,False
dual_center,8112,water_delay,OD01,never,0.49628864320002936,0.49728957811494595,0,0,1,270.84010012913495,False,False,False,False
dual_center,8112,water_delay,OD01,always,0.49781591789508445,0.49728957811494595,11,1,12,704.6754998154938,False,False,True,False
dual_center,8112,water_delay,OD01,triggered,0.49628864320002936,0.49728957811494595,1,0,2,307.1875998284668,False,False,False,False
dual_center,8112,water_delay,OD02,never,0.5314500613692541,0.531395186407266,0,0,1,244.3568998714909,False,False,False,False
dual_center,8112,water_delay,OD02,always,0.5314500613692541,0.531395186407266,11,0,12,449.33740026317537,False,False,False,False
dual_center,8112,water_delay,OD02,triggered,0.5314500613692541,0.531395186407266,1,0,2,257.28140014689416,False,False,False,False
dual_center,8112,water_block_missing,OD01,never,0.49628864320002936,0.49728957811494595,0,0,1,265.131400199607,False,False,False,False
dual_center,8112,water_block_missing,OD01,always,0.5048973399541647,0.49728957811494595,11,2,12,700.7986998651177,False,False,True,False
dual_center,8112,water_block_missing,OD01,triggered,0.49628864320002936,0.49728957811494595,1,0,2,301.9422999350354,False,False,False,False
dual_center,8112,water_block_missing,OD02,never,0.5314500613692541,0.531395186407266,0,0,1,238.8190997298807,False,False,False,False
dual_center,8112,water_block_missing,OD02,always,0.5314500613692541,0.531395186407266,11,0,12,441.59729953389615,False,False,False,False
dual_center,8112,water_block_missing,OD02,triggered,0.5314500613692541,0.531395186407266,1,0,2,257.87849980406463,False,False,False,False
dual_center,8112,water_recovery,OD01,never,0.49628864320002936,0.49728957811494595,0,0,1,271.55429974664,False,False,False,False
dual_center,8112,water_recovery,OD01,always,0.5048973399541647,0.49728957811494595,11,2,12,706.8699997616932,False,False,True,False
dual_center,8112,water_recovery,OD01,triggered,0.49628864320002936,0.49728957811494595,1,0,2,310.6628997484222,False,False,False,False
dual_center,8112,water_recovery,OD02,never,0.5314500613692541,0.531395186407266,0,0,1,241.84030026663095,False,False,False,False
dual_center,8112,water_recovery,OD02,always,0.5314500613692541,0.531395186407266,11,0,12,453.98650027345866,False,False,False,False
dual_center,8112,water_recovery,OD02,triggered,0.5314500613692541,0.531395186407266,1,0,2,261.13830017857254,False,False,False,False
dual_center,8112,water_stale_rain_fresh,OD01,never,0.49628864320002936,0.49728957811494595,0,0,1,267.16049993410707,False,False,False,False
dual_center,8112,water_stale_rain_fresh,OD01,always,0.49781591789508445,0.49728957811494595,11,1,12,700.7221000967547,False,False,True,False
dual_center,8112,water_stale_rain_fresh,OD01,triggered,0.49628864320002936,0.49728957811494595,1,0,2,305.3360002813861,False,False,False,False
dual_center,8112,water_stale_rain_fresh,OD02,never,0.5314500613692541,0.531395186407266,0,0,1,244.17950038332492,False,False,False,False
dual_center,8112,water_stale_rain_fresh,OD02,always,0.5314500613692541,0.531395186407266,11,0,12,455.3697000956163,False,False,False,False
dual_center,8112,water_stale_rain_fresh,OD02,triggered,0.5314500613692541,0.531395186407266,1,0,2,261.16070011630654,False,False,False,False
dual_center,8112,rain_stale_water_fresh,OD01,never,0.5384971735198315,0.49703922312547494,0,0,1,268.57600011862814,False,False,False,False
dual_center,8112,rain_stale_water_fresh,OD01,always,0.5138424303835925,0.49703922312547494,11,1,12,696.0350000299513,False,False,False,False
dual_center,8112,rain_stale_water_fresh,OD01,triggered,0.5384971735198315,0.49703922312547494,1,0,2,303.3846002072096,True,False,False,False
dual_center,8112,rain_stale_water_fresh,OD02,never,0.5312139850731901,0.5313962816029708,0,0,1,242.39119957201183,False,False,False,False
dual_center,8112,rain_stale_water_fresh,OD02,always,0.5314133872347071,0.5313962816029708,11,1,12,443.2568997144699,False,False,True,False
dual_center,8112,rain_stale_water_fresh,OD02,triggered,0.5312139850731901,0.5313962816029708,1,0,2,258.0775998067111,False,False,False,False
dual_center,8112,source_disagreement,OD01,never,0.49628864320002936,0.49728957811494595,0,0,1,266.54580037575215,False,False,False,False
dual_center,8112,source_disagreement,OD01,always,0.5048973399541647,0.49728957811494595,11,2,12,707.7422000002116,False,False,True,False
dual_center,8112,source_disagreement,OD01,triggered,0.49628864320002936,0.49728957811494595,1,0,2,302.5699000572786,False,False,False,False
dual_center,8112,source_disagreement,OD02,never,0.5314500613692541,0.531395186407266,0,0,1,238.35500027053058,False,False,False,False
dual_center,8112,source_disagreement,OD02,always,0.5314500613692541,0.531395186407266,11,0,12,445.43040031567216,False,False,False,False
dual_center,8112,source_disagreement,OD02,triggered,0.5314500613692541,0.531395186407266,1,0,2,253.2826003152877,False,False,False,False
anisotropic_band,8101,rain_down_water_high,OD01,never,0.4377518997052141,0.43947570617031756,0,0,1,267.5829000072554,False,False,False,False
anisotropic_band,8101,rain_down_water_high,OD01,always,0.4608225116850792,0.43947570617031756,11,3,12,791.6800999082625,False,False,True,True
anisotropic_band,8101,rain_down_water_high,OD01,triggered,0.4377518997052141,0.43947570617031756,0,0,1,264.1734997741878,False,False,False,False
anisotropic_band,8101,rain_down_water_high,OD02,never,0.3984907339384928,0.36555351067041447,0,0,1,246.79760006256402,False,False,False,False
anisotropic_band,8101,rain_down_water_high,OD02,always,0.3674703806386676,0.36555351067041447,11,3,12,457.0214000996202,False,False,False,False
anisotropic_band,8101,rain_down_water_high,OD02,triggered,0.37693952749258175,0.36555351067041447,2,1,3,281.1579004628584,False,False,False,False
anisotropic_band,8101,water_delay,OD01,never,0.4377518997052141,0.43947570617031756,0,0,1,264.93359997402877,False,False,False,False
anisotropic_band,8101,water_delay,OD01,always,0.44863340731008217,0.43947570617031756,11,4,12,792.7998998202384,False,False,True,True
anisotropic_band,8101,water_delay,OD01,triggered,0.4377518997052141,0.43947570617031756,0,0,1,266.3694998482242,False,False,False,False
anisotropic_band,8101,water_delay,OD02,never,0.3984907339384928,0.36555351067041447,0,0,1,239.74309989716858,False,False,False,False
anisotropic_band,8101,water_delay,OD02,always,0.3674703806386676,0.36555351067041447,11,3,12,448.34269990678877,False,False,False,False
anisotropic_band,8101,water_delay,OD02,triggered,0.37693952749258175,0.36555351067041447,2,1,3,278.7131000077352,False,False,False,False
anisotropic_band,8101,water_block_missing,OD01,never,0.4377518997052141,0.43947570617031756,0,0,1,266.5470001520589,False,False,False,False
anisotropic_band,8101,water_block_missing,OD01,always,0.4608225116850792,0.43947570617031756,11,3,12,787.8935002954677,False,False,True,True
anisotropic_band,8101,water_block_missing,OD01,triggered,0.4377518997052141,0.43947570617031756,0,0,1,264.16080037597567,False,False,False,False
anisotropic_band,8101,water_block_missing,OD02,never,0.3984907339384928,0.36555351067041447,0,0,1,240.62039994169027,False,False,False,False
anisotropic_band,8101,water_block_missing,OD02,always,0.3674703806386676,0.36555351067041447,11,3,12,448.4032002510503,False,False,False,False
anisotropic_band,8101,water_block_missing,OD02,triggered,0.37693952749258175,0.36555351067041447,2,1,3,277.110300026834,False,False,False,False
anisotropic_band,8101,water_recovery,OD01,never,0.4377518997052141,0.43947570617031756,0,0,1,272.4045002833009,False,False,False,False
anisotropic_band,8101,water_recovery,OD01,always,0.4608225116850792,0.43947570617031756,11,3,12,793.1133997626603,False,False,True,True
anisotropic_band,8101,water_recovery,OD01,triggered,0.4377518997052141,0.43947570617031756,0,0,1,274.9464998487383,False,False,False,False
anisotropic_band,8101,water_recovery,OD02,never,0.3984907339384928,0.36555351067041447,0,0,1,241.8045001104474,False,False,False,False
anisotropic_band,8101,water_recovery,OD02,always,0.3674703806386676,0.36555351067041447,11,3,12,443.4002001071349,False,False,False,False
anisotropic_band,8101,water_recovery,OD02,triggered,0.37693952749258175,0.36555351067041447,2,1,3,278.57680001761764,False,False,False,False
anisotropic_band,8101,water_stale_rain_fresh,OD01,never,0.4377518997052141,0.43947570617031756,0,0,1,270.80809976905584,False,False,False,False
anisotropic_band,8101,water_stale_rain_fresh,OD01,always,0.4466404038747916,0.43947570617031756,11,4,12,799.2540003033355,False,False,True,True
anisotropic_band,8101,water_stale_rain_fresh,OD01,triggered,0.4377518997052141,0.43947570617031756,0,0,1,271.79269993212074,False,False,False,False
anisotropic_band,8101,water_stale_rain_fresh,OD02,never,0.3984907339384928,0.36555351067041447,0,0,1,241.72119970899075,False,False,False,False
anisotropic_band,8101,water_stale_rain_fresh,OD02,always,0.3674703806386676,0.36555351067041447,11,3,12,449.35929984785616,False,False,False,False
anisotropic_band,8101,water_stale_rain_fresh,OD02,triggered,0.37693952749258175,0.36555351067041447,2,1,3,279.1880997829139,False,True,False,False
anisotropic_band,8101,rain_stale_water_fresh,OD01,never,0.4658167300352028,0.4406983799558053,0,0,1,269.00700002443045,False,False,False,False
anisotropic_band,8101,rain_stale_water_fresh,OD01,always,0.4646969449467651,0.4406983799558053,11,2,12,786.600399762392,False,False,True,True
anisotropic_band,8101,rain_stale_water_fresh,OD01,triggered,0.4658167300352028,0.4406983799558053,0,0,1,269.28819983731955,False,False,False,False
anisotropic_band,8101,rain_stale_water_fresh,OD02,never,0.3982968974110153,0.3755281002799001,0,0,1,242.5655999686569,False,False,False,False
anisotropic_band,8101,rain_stale_water_fresh,OD02,always,0.37957365049999386,0.3755281002799001,11,3,12,448.0248998152092,False,False,True,False
anisotropic_band,8101,rain_stale_water_fresh,OD02,triggered,0.38780987595745814,0.3755281002799001,1,1,2,262.93869968503714,False,False,False,False
anisotropic_band,8101,source_disagreement,OD01,never,0.4377518997052141,0.43947570617031756,0,0,1,268.59060022979975,False,False,False,False
anisotropic_band,8101,source_disagreement,OD01,always,0.4608225116850792,0.43947570617031756,11,3,12,786.9892996968701,False,False,True,True
anisotropic_band,8101,source_disagreement,OD01,triggered,0.4377518997052141,0.43947570617031756,0,0,1,269.7351003298536,False,False,False,False
anisotropic_band,8101,source_disagreement,OD02,never,0.3984907339384928,0.36555351067041447,0,0,1,244.68180013354868,False,False,False,False
anisotropic_band,8101,source_disagreement,OD02,always,0.3674703806386676,0.36555351067041447,11,3,12,447.1368002705276,False,False,False,False
anisotropic_band,8101,source_disagreement,OD02,triggered,0.37693952749258175,0.36555351067041447,2,1,3,277.7865002863109,False,False,False,False
anisotropic_band,8106,rain_down_water_high,OD01,never,0.43708144550264444,0.43898710459237916,0,0,1,270.25379973929375,False,False,False,False
anisotropic_band,8106,rain_down_water_high,OD01,always,0.4614373245800312,0.43898710459237916,11,3,12,790.9750996623188,False,False,True,True
anisotropic_band,8106,rain_down_water_high,OD01,triggered,0.43708144550264444,0.43898710459237916,0,0,1,270.3528000274673,False,False,False,False
anisotropic_band,8106,rain_down_water_high,OD02,never,0.40100140843643967,0.36720468329215733,0,0,1,238.81130013614893,False,False,False,False
anisotropic_band,8106,rain_down_water_high,OD02,always,0.3688400265158835,0.36720468329215733,11,3,12,444.09130013082176,False,False,False,False
anisotropic_band,8106,rain_down_water_high,OD02,triggered,0.37845037481617155,0.36720468329215733,2,1,3,272.55610027350485,False,False,False,False
anisotropic_band,8106,water_delay,OD01,never,0.43708144550264444,0.43898710459237916,0,0,1,268.41109979432076,False,False,False,False
anisotropic_band,8106,water_delay,OD01,always,0.4465088270187099,0.43898710459237916,11,4,12,785.9960997011513,False,False,True,True
anisotropic_band,8106,water_delay,OD01,triggered,0.43708144550264444,0.43898710459237916,0,0,1,266.7554998770356,False,False,False,False
anisotropic_band,8106,water_delay,OD02,never,0.40100140843643967,0.36720468329215733,0,0,1,246.19859992526472,False,False,False,False
anisotropic_band,8106,water_delay,OD02,always,0.3688400265158835,0.36720468329215733,11,3,12,458.7603001855314,False,False,False,False
anisotropic_band,8106,water_delay,OD02,triggered,0.37845037481617155,0.36720468329215733,2,1,3,285.11039982549846,False,False,False,False
anisotropic_band,8106,water_block_missing,OD01,never,0.43708144550264444,0.43898710459237916,0,0,1,265.1781002059579,False,False,False,False
anisotropic_band,8106,water_block_missing,OD01,always,0.458609859040131,0.43898710459237916,11,5,12,790.8021002076566,False,False,True,True
anisotropic_band,8106,water_block_missing,OD01,triggered,0.43708144550264444,0.43898710459237916,0,0,1,267.6709002116695,False,False,False,False
anisotropic_band,8106,water_block_missing,OD02,never,0.40100140843643967,0.36720468329215733,0,0,1,238.103800220415,False,False,False,False
anisotropic_band,8106,water_block_missing,OD02,always,0.3688400265158835,0.36720468329215733,11,3,12,450.151200289838,False,False,False,False
anisotropic_band,8106,water_block_missing,OD02,triggered,0.37845037481617155,0.36720468329215733,2,1,3,278.8480002200231,False,False,False,False
anisotropic_band,8106,water_recovery,OD01,never,0.43708144550264444,0.43898710459237916,0,0,1,273.17439997568727,False,False,False,False
anisotropic_band,8106,water_recovery,OD01,always,0.4614373245800312,0.43898710459237916,11,3,12,787.0191995752975,False,False,True,True
anisotropic_band,8106,water_recovery,OD01,triggered,0.43708144550264444,0.43898710459237916,0,0,1,270.5538998125121,False,False,False,False
anisotropic_band,8106,water_recovery,OD02,never,0.40100140843643967,0.36720468329215733,0,0,1,233.28970035072416,False,False,False,False
anisotropic_band,8106,water_recovery,OD02,always,0.3688400265158835,0.36720468329215733,11,3,12,437.74740013759583,False,False,False,False
anisotropic_band,8106,water_recovery,OD02,triggered,0.37845037481617155,0.36720468329215733,2,1,3,273.1190000195056,False,False,False,False
anisotropic_band,8106,water_stale_rain_fresh,OD01,never,0.43708144550264444,0.43898710459237916,0,0,1,272.04239973798394,False,False,False,False
anisotropic_band,8106,water_stale_rain_fresh,OD01,always,0.44873923103461816,0.43898710459237916,11,4,12,792.743599973619,False,False,True,True
anisotropic_band,8106,water_stale_rain_fresh,OD01,triggered,0.43708144550264444,0.43898710459237916,0,0,1,273.02429953124374,False,False,False,False
anisotropic_band,8106,water_stale_rain_fresh,OD02,never,0.40100140843643967,0.36720468329215733,0,0,1,242.236299905926,False,False,False,False
anisotropic_band,8106,water_stale_rain_fresh,OD02,always,0.3688400265158835,0.36720468329215733,11,3,12,450.1437997678295,False,False,False,False
anisotropic_band,8106,water_stale_rain_fresh,OD02,triggered,0.37845037481617155,0.36720468329215733,2,1,3,277.7007998665795,False,True,False,False
anisotropic_band,8106,rain_stale_water_fresh,OD01,never,0.46655632346264236,0.4401462696162906,0,0,1,270.6484996015206,False,False,False,False
anisotropic_band,8106,rain_stale_water_fresh,OD01,always,0.4652490344447746,0.4401462696162906,11,2,12,779.7924996120855,False,False,True,True
anisotropic_band,8106,rain_stale_water_fresh,OD01,triggered,0.46655632346264236,0.4401462696162906,0,0,1,268.93759961239994,False,False,False,False
anisotropic_band,8106,rain_stale_water_fresh,OD02,never,0.400852936945836,0.377344642175164,0,0,1,240.4919998953119,False,False,False,False
anisotropic_band,8106,rain_stale_water_fresh,OD02,always,0.38138715195824685,0.377344642175164,11,3,12,438.63989983219653,False,False,True,False
anisotropic_band,8106,rain_stale_water_fresh,OD02,triggered,0.389749760004894,0.377344642175164,1,1,2,256.360900006257,False,False,False,False
anisotropic_band,8106,source_disagreement,OD01,never,0.43708144550264444,0.43898710459237916,0,0,1,262.72529968991876,False,False,False,False
anisotropic_band,8106,source_disagreement,OD01,always,0.45632089853889596,0.43898710459237916,11,5,12,777.6359997224063,False,False,True,True
anisotropic_band,8106,source_disagreement,OD01,triggered,0.43708144550264444,0.43898710459237916,0,0,1,261.3817995879799,False,False,False,False
anisotropic_band,8106,source_disagreement,OD02,never,0.40100140843643967,0.36720468329215733,0,0,1,258.8527997722849,False,False,False,False
anisotropic_band,8106,source_disagreement,OD02,always,0.3688400265158835,0.36720468329215733,11,3,12,476.21289954986423,False,False,False,False
anisotropic_band,8106,source_disagreement,OD02,triggered,0.37845037481617155,0.36720468329215733,2,1,3,294.48620008770376,False,False,False,False
anisotropic_band,8112,rain_down_water_high,OD01,never,0.4363035082322604,0.43818383205352623,0,0,1,267.0698998263106,False,False,False,False
anisotropic_band,8112,rain_down_water_high,OD01,always,0.4582758719915722,0.43818383205352623,11,5,12,774.2009996436536,False,False,True,True
anisotropic_band,8112,rain_down_water_high,OD01,triggered,0.4363035082322604,0.43818383205352623,0,0,1,264.3181001767516,False,False,False,False
anisotropic_band,8112,rain_down_water_high,OD02,never,0.39914230827194475,0.365387917499411,0,0,1,228.713299613446,False,False,False,False
anisotropic_band,8112,rain_down_water_high,OD02,always,0.3673074191079087,0.365387917499411,11,3,12,433.66469955071807,False,False,False,False
anisotropic_band,8112,rain_down_water_high,OD02,triggered,0.3769766697101498,0.365387917499411,2,1,3,267.5454997224733,False,False,False,False
anisotropic_band,8112,water_delay,OD01,never,0.4363035082322604,0.43818383205352623,0,0,1,260.71350008714944,False,False,False,False
anisotropic_band,8112,water_delay,OD01,always,0.44771415830536054,0.43818383205352623,11,4,12,763.6850002454594,False,False,True,True
anisotropic_band,8112,water_delay,OD01,triggered,0.4363035082322604,0.43818383205352623,0,0,1,259.68949997331947,False,False,False,False
anisotropic_band,8112,water_delay,OD02,never,0.39914230827194475,0.365387917499411,0,0,1,248.49610030651093,False,False,False,False
anisotropic_band,8112,water_delay,OD02,always,0.3673074191079087,0.365387917499411,11,3,12,457.1193001465872,False,False,False,False
anisotropic_band,8112,water_delay,OD02,triggered,0.3769766697101498,0.365387917499411,2,1,3,287.5316001009196,False,False,False,False
anisotropic_band,8112,water_block_missing,OD01,never,0.4363035082322604,0.43818383205352623,0,0,1,260.6904999120161,False,False,False,False
anisotropic_band,8112,water_block_missing,OD01,always,0.4574005459255209,0.43818383205352623,11,5,12,770.6814000848681,False,False,True,True
anisotropic_band,8112,water_block_missing,OD01,triggered,0.4363035082322604,0.43818383205352623,0,0,1,261.5064001874998,False,False,False,False
anisotropic_band,8112,water_block_missing,OD02,never,0.39914230827194475,0.365387917499411,0,0,1,229.23369950149208,False,False,False,False
anisotropic_band,8112,water_block_missing,OD02,always,0.3673074191079087,0.365387917499411,11,3,12,434.28089935332537,False,False,False,False
anisotropic_band,8112,water_block_missing,OD02,triggered,0.3769766697101498,0.365387917499411,2,1,3,265.4492995934561,False,False,False,False
anisotropic_band,8112,water_recovery,OD01,never,0.4363035082322604,0.43818383205352623,0,0,1,266.9076001038775,False,False,False,False
anisotropic_band,8112,water_recovery,OD01,always,0.46024517860156067,0.43818383205352623,11,3,12,781.5260996576399,False,False,True,True
anisotropic_band,8112,water_recovery,OD01,triggered,0.4363035082322604,0.43818383205352623,0,0,1,266.7729997774586,False,False,False,False
anisotropic_band,8112,water_recovery,OD02,never,0.39914230827194475,0.365387917499411,0,0,1,236.75459995865822,False,False,False,False
anisotropic_band,8112,water_recovery,OD02,always,0.3673074191079087,0.365387917499411,11,3,12,442.87329993676394,False,False,False,False
anisotropic_band,8112,water_recovery,OD02,triggered,0.3769766697101498,0.365387917499411,2,1,3,273.55389995500445,False,False,False,False
anisotropic_band,8112,water_stale_rain_fresh,OD01,never,0.4363035082322604,0.43818383205352623,0,0,1,289.64539989829063,False,False,False,False
anisotropic_band,8112,water_stale_rain_fresh,OD01,always,0.44771415830536054,0.43818383205352623,11,4,12,821.4922999031842,False,False,True,True
anisotropic_band,8112,water_stale_rain_fresh,OD01,triggered,0.4363035082322604,0.43818383205352623,0,0,1,285.14220006763935,False,False,False,False
anisotropic_band,8112,water_stale_rain_fresh,OD02,never,0.39914230827194475,0.365387917499411,0,0,1,243.90690005384386,False,False,False,False
anisotropic_band,8112,water_stale_rain_fresh,OD02,always,0.3673074191079087,0.365387917499411,11,3,12,453.3106000162661,False,False,False,False
anisotropic_band,8112,water_stale_rain_fresh,OD02,triggered,0.3769766697101498,0.365387917499411,2,1,3,280.5801999056712,False,True,False,False
anisotropic_band,8112,rain_stale_water_fresh,OD01,never,0.4652864462072277,0.439385716923329,0,0,1,263.33210023585707,False,False,False,False
anisotropic_band,8112,rain_stale_water_fresh,OD01,always,0.4640045585609198,0.439385716923329,11,2,12,774.9304000753909,False,False,True,True
anisotropic_band,8112,rain_stale_water_fresh,OD01,triggered,0.4652864462072277,0.439385716923329,0,0,1,261.5661001764238,False,False,False,False
anisotropic_band,8112,rain_stale_water_fresh,OD02,never,0.398965341939532,0.37573230017998654,0,0,1,238.26310015283525,False,False,False,False
anisotropic_band,8112,rain_stale_water_fresh,OD02,always,0.3797860890488202,0.37573230017998654,11,3,12,443.3065000921488,False,False,True,False
anisotropic_band,8112,rain_stale_water_fresh,OD02,triggered,0.3881522200133222,0.37573230017998654,1,1,2,255.68490009754896,False,False,False,False
anisotropic_band,8112,source_disagreement,OD01,never,0.4363035082322604,0.43818383205352623,0,0,1,274.32520024012774,False,False,False,False
anisotropic_band,8112,source_disagreement,OD01,always,0.4574005459255209,0.43818383205352623,11,5,12,793.7836003256962,False,False,True,True
anisotropic_band,8112,source_disagreement,OD01,triggered,0.4363035082322604,0.43818383205352623,0,0,1,267.38510036375374,False,False,False,False
anisotropic_band,8112,source_disagreement,OD02,never,0.39914230827194475,0.365387917499411,0,0,1,236.7844998370856,False,False,False,False
anisotropic_band,8112,source_disagreement,OD02,always,0.3673074191079087,0.365387917499411,11,3,12,442.2399998875335,False,False,False,False
anisotropic_band,8112,source_disagreement,OD02,triggered,0.3769766697101498,0.365387917499411,2,1,3,276.342099881731,False,False,False,False
