u,v,key,rain,static,water,local,residual
12333484726,12333484729,0,0.0711355793737107,0.4055811598729449,0.3624064326286316,0.6849747812293928,0.24984894443192077
12333484729,12333484726,0,0.0711355793737107,0.4055811598729449,0.3624064326286316,0.6849747812293928,0.24984894443192077
12333484729,5903376064,0,0.0711355793737107,0.4055811598729449,0.3623749017715454,0.6841549484039994,0.24981741357483458
5903376064,12333484729,0,0.0711355793737107,0.4055811598729449,0.3623749017715454,0.6841549484039994,0.24981741357483458
9422950959,13891709997,0,0.0323699285992405,0.4190423080179806,0.3595810532569885,0.48480190343795115,0.2470235650602777
13891709997,9422950959,0,0.0323699285992405,0.4190423080179806,0.3595810532569885,0.48480190343795115,0.2470235650602777
8338346355,8338346356,0,0.0323699285992405,0.42450035832638394,0.3580211400985718,0.4853187545670035,0.24546365190186095
8338346356,8338346355,0,0.0323699285992405,0.42450035832638394,0.3580211400985718,0.4853187545670035,0.24546365190186095
13527768314,5567121743,0,0.0787805005750162,0.3864478819441981,0.41429603099823,0.6155295941827514,0.24409466168715638
5567121743,13527768314,0,0.0787805005750162,0.3864478819441981,0.41429603099823,0.6155295941827514,0.24409466168715638
13390679425,13390679427,0,0.0711355793737107,0.4069687202870914,0.3556177020072937,0.6703336363150296,0.24306021381058288
13390679427,13390679425,0,0.0711355793737107,0.4069687202870914,0.3556177020072937,0.6703336363150296,0.24306021381058288
13390679427,13390679426,0,0.0711355793737107,0.4069687202870914,0.35561081767082214,0.6694246912260066,0.24305332947411132
13390679426,13390679427,0,0.0711355793737107,0.4069687202870914,0.35561081767082214,0.6694246912260066,0.24305332947411132
11991756545,13390679427,0,0.0711355793737107,0.4069687202870914,0.3555923104286194,0.6698524300914291,0.24303482223190856
13390679427,11991756545,0,0.0711355793737107,0.4069687202870914,0.3555923104286194,0.6698524300914291,0.24303482223190856
9422950949,13948158709,0,0.0323699285992405,0.4276331273981402,0.35339343547821045,0.4841692063661801,0.24083594728149962
13948158709,9422950949,0,0.0323699285992405,0.4276331273981402,0.35339343547821045,0.4841692063661801,0.24083594728149962
13948158768,9422950959,0,0.0323699285992405,0.4235063800241617,0.3489759564399719,0.4845969452316028,0.2364184682432611
9422950959,13948158768,0,0.0323699285992405,0.4235063800241617,0.3489759564399719,0.4845969452316028,0.2364184682432611
13948158767,9422950959,0,0.0323699285992405,0.4235063800241617,0.34886327385902405,0.4844721880625212,0.23630578566231322
9422950959,13948158767,0,0.0323699285992405,0.4235063800241617,0.34886327385902405,0.4844721880625212,0.23630578566231322
2550435228,2550435205,0,0.06919332503339748,0.4012442635817228,0.3481519818305969,0.6133374324974603,0.2355944936338861
2550435205,2550435228,0,0.0691933250333975,0.4012442635817228,0.3481519818305969,0.6133374324974603,0.2355944936338861
12336602020,12336602021,0,0.047784481698088396,0.40497576132754953,0.3455212712287903,0.6600099805735266,0.23296378303207946
5169912244,5169911631,0,0.047784481698088396,0.3667569725417185,0.4024633467197418,0.7012511361813613,0.23226197740866822
2959075605,2959075606,0,0.0711355793737107,0.42666845703242195,0.34463614225387573,0.627305779821419,0.2320786540571649
5567121504,13527768314,0,0.0787805005750162,0.4243279347533957,0.3442225158214569,0.6179534477534798,0.23166502762474608
13527768314,5567121504,0,0.0787805005750162,0.4243279347533957,0.3442225158214569,0.6179534477534798,0.23166502762474608
13527768314,13527768313,0,0.0787805005750162,0.4243279347533957,0.34417417645454407,0.6178554242634872,0.23161668825783324
13527768313,13527768314,0,0.0787805005750162,0.4243279347533957,0.34417417645454407,0.6178554242634872,0.23161668825783324
13948158743,13948158742,0,0.0323699285992405,0.43102359299948756,0.34325477480888367,0.48441872070434333,0.23069728661217284
13948158742,13948158743,0,0.0323699285992405,0.43102359299948756,0.34325477480888367,0.48441872070434333,0.23069728661217284
9422950942,13948158743,0,0.0323699285992405,0.43102359299948756,0.34324347972869873,0.4841424726870912,0.2306859915319879
13948158743,9422950942,0,0.0323699285992405,0.43102359299948756,0.34324347972869873,0.4841424726870912,0.2306859915319879
5169912244,6942405310,0,0.047784481698088396,0.3706531950158496,0.4006771445274353,0.7019684899035805,0.2304757752163617
6942405310,5169912244,0,0.047784481698088396,0.3706531950158496,0.4006771445274353,0.7019684899035805,0.2304757752163617
8588501329,2552445036,0,0.0787805005750162,0.4528114474901201,0.34299159049987793,0.6278939207613752,0.2304341023031671
5567121743,5567121742,0,0.0787805005750162,0.31692615010782726,0.4000399112701416,0.6128384038211339,0.229838541959068
5567121742,5567121743,0,0.0787805005750162,0.31692615010782726,0.4000399112701416,0.6128384038211339,0.229838541959068
13527768313,13527768320,0,0.0787805005750162,0.3880908931297073,0.4000193774700165,0.6269270527009927,0.22981800815894288
13527768320,13527768313,0,0.0787805005750162,0.3880908931297073,0.4000193774700165,0.6269270527009927,0.22981800815894288
5903376055,13390679456,0,0.0711355793737107,0.4184626149387388,0.3402441740036011,0.6327995508741913,0.22768668580689025
13390679456,5903376055,0,0.0711355793737107,0.4184626149387388,0.3402441740036011,0.6327995508741913,0.22768668580689025
5567121672,5567121637,0,0.0787805005750162,0.4747905592831372,0.33999526500701904,0.609786308791816,0.22743777681030822
11538729773,6942405310,0,0.047784481698088396,0.3732719939374604,0.3974975049495697,0.699909996613734,0.2272961356384961
6942405310,11538729773,0,0.047784481698088396,0.3732719939374604,0.3974975049495697,0.699909996613734,0.2272961356384961
7097821721,13390285485,0,0.1895614566072629,0.3157640057396644,0.43233463168144226,0.8741779393680158,0.226891670384353
13390285485,7097821721,0,0.1895614566072629,0.3157640057396644,0.43233463168144226,0.8741779393680158,0.226891670384353
13390285491,13390295422,0,0.11219392255572891,0.3311856948285998,0.43228885531425476,0.7733563242973498,0.2268458940171655
13390295422,13390285491,0,0.11219392255572891,0.3311856948285998,0.43228885531425476,0.7733563242973498,0.2268458940171655
1116415270,9199555712,0,0.047784481698088396,0.40504153167756696,0.33830782771110535,0.667998895007931,0.22575033951439452
9199555712,1116415270,0,0.047784481698088396,0.40504153167756696,0.33830782771110535,0.667998895007931,0.22575033951439452
8485193545,8485193552,0,0.0323699285992405,0.40187596994411984,0.33816102147102356,0.5079800032080415,0.22560353327431273
8485193552,8485193545,0,0.0323699285992405,0.40187596994411984,0.33816102147102356,0.5079800032080415,0.22560353327431273
8285753074,1116415353,0,0.0711355793737107,0.38206237298037293,0.3957812190055847,0.6237769341816821,0.22557984969451111
11991836076,11991836077,0,0.0711355793737107,0.4258305833315881,0.3379601836204529,0.6847787342494074,0.22540269542374206
11991836077,11991836076,0,0.0711355793737107,0.4258305833315881,0.3379601836204529,0.6847787342494074,0.22540269542374206
8485193697,3890290932,0,0.03770874261714163,0.40903600297917275,0.33769088983535767,0.5364335489850113,0.22513340163864684
3890290932,8485193697,0,0.03770874261714163,0.40903600297917275,0.33769088983535767,0.5364335489850113,0.22513340163864684
5187649754,8591803421,0,0.026912875341344823,0.43712537231153026,0.3370647132396698,0.45688303124275964,0.22450722504295897
8591803421,5187649754,0,0.026912875341344823,0.43712537231153026,0.3370647132396698,0.45688303124275964,0.22450722504295897
8591803421,2397991653,0,0.026912875341344823,0.43712537231153026,0.33700621128082275,0.45662906129141495,0.22444872308411193
13891709997,8338346355,0,0.0323699285992405,0.4605560557352567,0.33624839782714844,0.48527419843518865,0.2236909096304376
8338346355,13891709997,0,0.0323699285992405,0.4605560557352567,0.33624839782714844,0.48527419843518865,0.2236909096304376
13390709843,13390709846,0,0.0323699285992405,0.43569003652070143,0.3356810510158539,0.49791922864424604,0.22312356281914306
13390709846,13390709843,0,0.0323699285992405,0.43569003652070143,0.3356810510158539,0.49791922864424604,0.22312356281914306
13390709843,13390709845,0,0.0323699285992405,0.43569003652070143,0.3356214165687561,0.4981152756242314,0.22306392837204528
13390709845,13390709843,0,0.0323699285992405,0.43569003652070143,0.3356214165687561,0.4981152756242314,0.22306392837204528
4848372868,4848372870,0,0.06319453063688193,0.3369781801508087,0.3932334780693054,0.7718592382683704,0.22303210875823182
4848372870,4848372868,0,0.06319453063688193,0.3369781801508087,0.3932334780693054,0.7718592382683704,0.22303210875823182
13142401569,13142401568,0,0.09375939477562627,0.40484550867459956,0.33556243777275085,0.9946309861163093,0.22300494957604003
13142401568,13142401569,0,0.09375939477562627,0.40484550867459956,0.33556243777275085,0.9946309861163093,0.22300494957604003
4471841889,4471841899,0,0.06319453063688193,0.33268046852718725,0.3922230899333954,0.764658967367089,0.22202172062232178
4471841899,4471841889,0,0.06319453063688193,0.33268046852718725,0.3922230899333954,0.764658967367089,0.22202172062232178
5567121784,5567121783,0,0.0787805005750162,0.4002899943143954,0.3340175747871399,0.663543281826445,0.22146008659042907
5567121783,5567121784,0,0.0787805005750162,0.4002899943143954,0.3340175747871399,0.663543281826445,0.22146008659042907
8494014293,8485168408,0,0.044969250680825704,0.4177385094562526,0.3337080180644989,0.5175506603218735,0.22115052986778808
8485168408,8494014293,0,0.044969250680825704,0.4177385094562526,0.3337080180644989,0.5175506603218735,0.22115052986778808
11841287740,5187649754,0,0.026912875341344823,0.44277974845031143,0.33220258355140686,0.4573375037872712,0.21964509535469603
5187649754,11841287740,0,0.026912875341344823,0.44277974845031143,0.33220258355140686,0.4573375037872712,0.21964509535469603
9422950959,8338346355,0,0.0323699285992405,0.3933780551941829,0.3898366391658783,0.4849355718333957,0.2196352698548047
8338346355,9422950959,0,0.0323699285992405,0.3933780551941829,0.3898366391658783,0.4849355718333957,0.2196352698548047
2184437907,5169912244,0,0.047784481698088396,0.42009937881150694,0.3320426344871521,0.7034611203193784,0.21948514629044127
8338346356,9422950949,0,0.0323699285992405,0.4496814708076033,0.3319673240184784,0.48495339428612166,0.21940983582176757
9422950949,8338346356,0,0.0323699285992405,0.4496814708076033,0.3319673240184784,0.48495339428612166,0.21940983582176757
5799495205,5799495165,0,0.036141979662552295,0.3254358658426305,0.3892430067062378,0.6230684916858258,0.2190416373951642
5799495165,5799495205,0,0.036141979662552295,0.3254358658426305,0.3892430067062378,0.6230684916858258,0.2190416373951642
4848372768,4848372775,0,0.06319453063688193,0.3116461597736272,0.3892114758491516,0.7792555561496373,0.219010106538078
4848372775,4848372768,0,0.06319453063688193,0.3116461597736272,0.3892114758491516,0.7792555561496373,0.219010106538078
2397989549,2704680854,0,0.027600862802237114,0.4696641072565977,0.33023300766944885,0.4618287618742091,0.21767551947273803
2704680854,2397989549,0,0.027600862802237114,0.4696641072565977,0.33023300766944885,0.4618287618742091,0.21767551947273803
8591803537,662290657,0,0.026912875341344823,0.4474581661104098,0.3301422595977783,0.4651259156285088,0.2175847714010675
662290657,8591803537,0,0.026912875341344823,0.4474581661104098,0.3301422595977783,0.4651259156285088,0.2175847714010675
6942405230,6942405231,0,0.036141979662552295,0.3364625525638961,0.38777509331703186,0.5759548379047924,0.21757372400595826
6942405231,6942405230,0,0.036141979662552295,0.3364625525638961,0.38777509331703186,0.5759548379047924,0.21757372400595826
2550435205,2550435281,0,0.06135440271599839,0.3296280313090303,0.38772672414779663,0.6093674811527563,0.21752535483672303
13111321798,13111322154,0,0.0711355793737107,0.4829832883925374,0.33001381158828735,0.6775071735372222,0.21745632339157653
13111322154,13111321798,0,0.0711355793737107,0.4829832883925374,0.33001381158828735,0.6775071735372222,0.21745632339157653
4848372870,4848372874,0,0.06319453063688193,0.3018174155526937,0.38720422983169556,0.7761366269225971,0.21700286052062195
4848372874,4848372870,0,0.06319453063688193,0.3018174155526937,0.38720422983169556,0.7761366269225971,0.21700286052062195
4848372768,4848372763,0,0.06319453063688193,0.29628171078647925,0.38648486137390137,0.7819734801903439,0.21628349206282776
4848372763,4848372768,0,0.06319453063688193,0.29628171078647925,0.38648486137390137,0.7819734801903439,0.21628349206282776
13948158760,13948158758,0,0.0323699285992405,0.4392079917277814,0.32873082160949707,0.4834473970307794,0.21617333341278624
13948158758,13948158760,0,0.0323699285992405,0.4392079917277814,0.32873082160949707,0.4834473970307794,0.21617333341278624
13948158754,13948158758,0,0.0323699285992405,0.4392079917277814,0.32861068844795227,0.4839820706125577,0.21605320025124145
13948158758,13948158754,0,0.0323699285992405,0.4392079917277814,0.32861068844795227,0.4839820706125577,0.21605320025124145
5195247203,4337209490,0,0.047784481698088396,0.4165440356670188,0.32839256525039673,0.6592302482667665,0.2158350770536859
4337209490,5195247203,0,0.047784481698088396,0.4165440356670188,0.32839256525039673,0.6592302482667665,0.2158350770536859
2576921216,3890290932,0,0.0323699285992405,0.4185662241549035,0.32780298590660095,0.526666844891194,0.21524549770989013
3890290932,2576921216,0,0.0323699285992405,0.4185662241549035,0.32780298590660095,0.526666844891194,0.21524549770989013
13948158744,13948158768,0,0.0323699285992405,0.4445751057243296,0.32776138186454773,0.48407118287618744,0.2152038936678369
13948158768,13948158744,0,0.0323699285992405,0.4445751057243296,0.32776138186454773,0.48407118287618744,0.2152038936678369
10964965605,8494014288,1,0.03556522519034975,0.4672426200294766,0.32775890827178955,0.5073027500044556,0.21520142007507873
8494014288,10964965605,1,0.03556522519034975,0.4672426200294766,0.32775890827178955,0.5073027500044556,0.21520142007507873
6942405234,6942405237,0,0.036141979662552295,0.3253597757783655,0.38534605503082275,0.5787262293036768,0.21514468571974915
6942405237,6942405234,0,0.036141979662552295,0.3253597757783655,0.38534605503082275,0.5787262293036768,0.21514468571974915
6942405233,6942405234,0,0.036141979662552295,0.3253597757783655,0.3853456974029541,0.5780935322319057,0.2151443280918805
6942405234,6942405233,0,0.036141979662552295,0.3253597757783655,0.3853456974029541,0.5780935322319057,0.2151443280918805
6942405230,6942405233,0,0.036141979662552295,0.3253597757783655,0.38528871536254883,0.5771934983692456,0.21508734605147523
6942405233,6942405230,0,0.036141979662552295,0.3253597757783655,0.38528871536254883,0.5771934983692456,0.21508734605147523
662290655,11841287740,0,0.026912875341344823,0.44843412458909254,0.3274708390235901,0.4579791120854052,0.21491335082687926
11841287740,662290655,0,0.026912875341344823,0.44843412458909254,0.3274708390235901,0.4579791120854052,0.21491335082687926
7227417507,7227417509,0,0.08940128533811324,0.41521171900936976,0.3270029127597809,0.9273913275945036,0.21444542456307006
13948158709,13891709959,0,0.0323699285992405,0.457206408167104,0.32696595788002014,0.48245825090448946,0.21440846968330932
13891709959,13948158709,0,0.0323699285992405,0.457206408167104,0.32696595788002014,0.48245825090448946,0.21440846968330932
8591803539,662290657,0,0.026912875341344823,0.44976258167410654,0.32674771547317505,0.46890427560640896,0.21419022727646422
662290657,8591803539,0,0.026912875341344823,0.44976258167410654,0.32674771547317505,0.46890427560640896,0.21419022727646422
8591803545,8591803452,0,0.03224097588038429,0.4583750376165866,0.3267270624637604,0.48601383022331535,0.21416957426704955
8591803452,8591803545,0,0.03224097588038429,0.4583750376165866,0.3267270624637604,0.48601383022331535,0.21416957426704955
1116415307,5773763285,0,0.04589164588813767,0.44495770056568534,0.32660067081451416,0.5989636243739863,0.21404318261780333
5773763285,1116415307,0,0.04589164588813767,0.44495770056568534,0.32660067081451416,0.5989636243739863,0.21404318261780333
4848372892,4848372868,0,0.06319453063688193,0.2952632672763673,0.3842020630836487,0.7667798392414764,0.21400069377257508
4848372868,4848372892,0,0.06319453063688193,0.2952632672763673,0.3842020630836487,0.7667798392414764,0.21400069377257508
8586433250,8586433245,0,0.0787805005750162,0.47148801344252567,0.3255607783794403,0.58473239587232,0.21300329018272948
8586433245,8586433250,0,0.0787805005750162,0.47148801344252567,0.3255607783794403,0.58473239587232,0.21300329018272948
13390679427,11991756546,0,0.0711355793737107,0.432992938017396,0.3255366384983063,0.6701465005614072,0.21297915030159545
11991756546,13390679427,0,0.0711355793737107,0.432992938017396,0.3255366384983063,0.6701465005614072,0.21297915030159545
8485193543,8485193545,0,0.0323699285992405,0.4199294905287303,0.32539626955986023,0.5133802063840026,0.2128387813631494
8485193545,8485193543,0,0.0323699285992405,0.4199294905287303,0.32539626955986023,0.5133802063840026,0.2128387813631494
6942405236,6942405237,0,0.036141979662552295,0.31245580998358663,0.3818190395832062,0.5783163128909801,0.21161767027213257
6942405237,6942405236,0,0.036141979662552295,0.31245580998358663,0.3818190395832062,0.5783163128909801,0.21161767027213257
5567121783,2550450288,0,0.0787805005750162,0.40657185133354556,0.32405734062194824,0.664167067671853,0.21149985242523742
2550450288,5567121783,0,0.0787805005750162,0.40657185133354556,0.32405734062194824,0.664167067671853,0.21149985242523742
6942405234,6942405235,0,0.036141979662552295,0.3108428142592393,0.38140276074409485,0.5777103494982979,0.21120139143302125
6942405235,6942405234,0,0.036141979662552295,0.3108428142592393,0.38140276074409485,0.5777103494982979,0.21120139143302125
664103793,2528997133,0,0.1622527007549346,0.42355121748037683,0.3633219599723816,0.8006736887130407,0.211155003495746
6942405232,6942405233,0,0.036141979662552295,0.3108428142592393,0.3813325762748718,0.5767033809192821,0.21113120696379822
6942405233,6942405232,0,0.036141979662552295,0.3108428142592393,0.3813325762748718,0.5767033809192821,0.21113120696379822
13527768320,13527768323,0,0.0787805005750162,0.4229443417958625,0.3236042857170105,0.6389126521591901,0.21104679752029967
13527768323,13527768320,0,0.0787805005750162,0.4229443417958625,0.3236042857170105,0.6389126521591901,0.21104679752029967
3890290932,8485193573,0,0.0323699285992405,0.35951313465424417,0.3811928331851959,0.5341611862624535,0.21099146387412232
8485193573,3890290932,0,0.0323699285992405,0.35951313465424417,0.3811928331851959,0.5341611862624535,0.21099146387412232
8591803452,8591803539,0,0.026912875341344823,0.45428649216393335,0.3235161006450653,0.4792591206401825,0.21095861244835448
8591803539,8591803452,0,0.026912875341344823,0.45428649216393335,0.3235161006450653,0.4792591206401825,0.21095861244835448
9393473355,12098191741,0,0.08940128533811324,0.45059261361588,0.3234330415725708,0.9839464257071058,0.21087555337585998
12098191741,9393473355,0,0.08940128533811324,0.45059261361588,0.3234330415725708,0.9839464257071058,0.21087555337585998
8589396298,13914681256,0,0.03178228837690964,0.40152811357674334,0.32327064871788025,0.5349186405033061,0.21071316052116942
13914681256,8589396298,0,0.03178228837690964,0.40152811357674334,0.32327064871788025,0.5349186405033061,0.21071316052116942
13948158706,13948129447,0,0.026912875341344823,0.4559876642497081,0.3232429623603821,0.4788402930011228,0.21068547416367125
13948129447,13948158706,0,0.026912875341344823,0.4559876642497081,0.3232429623603821,0.4788402930011228,0.21068547416367125
13444796343,8338346366,0,0.026912875341344823,0.4559876642497081,0.323207288980484,0.47959774724197546,0.21064980078377318
8338346366,13444796343,0,0.026912875341344823,0.4559876642497081,0.323207288980484,0.47959774724197546,0.21064980078377318
13444796343,13948158706,0,0.026912875341344823,0.4559876642497081,0.3231726288795471,0.4791343634711009,0.2106151406828363
13948158706,13444796343,0,0.026912875341344823,0.4559876642497081,0.3231726288795471,0.4791343634711009,0.2106151406828363
4325010797,4325010806,0,0.030231753515290165,0.4346228283964536,0.32260021567344666,0.5201705608725873,0.21004272747673583
4325010806,4325010797,0,0.030231753515290165,0.4346228283964536,0.32260021567344666,0.5201705608725873,0.21004272747673583
9422950952,9422950949,0,0.0323699285992405,0.45725182988404994,0.3225097358226776,0.48412465023436524,0.2099522476259668
9422950949,9422950952,0,0.0323699285992405,0.45725182988404994,0.3225097358226776,0.48412465023436524,0.2099522476259668
7977056074,4027293759,0,0.08940128533811324,0.4029405510602003,0.3222975730895996,0.9872747687536759,0.20974008489288878
6942405236,6942405235,0,0.036141979662552295,0.3060038270861972,0.3798854351043701,0.5772113208219716,0.20968406579329651
6942405235,6942405236,0,0.036141979662552295,0.3060038270861972,0.3798854351043701,0.5772113208219716,0.20968406579329651
6942405235,6942405232,0,0.036141979662552295,0.3060038270861972,0.379840612411499,0.5763647543174891,0.20963924310042542
6942405232,6942405235,0,0.036141979662552295,0.3060038270861972,0.379840612411499,0.5763647543174891,0.20963924310042542
6942405232,6942405231,0,0.036141979662552295,0.3060038270861972,0.3798205554485321,0.5756162113029996,0.2096191861374585
6942405231,6942405232,0,0.036141979662552295,0.3060038270861972,0.3798205554485321,0.5756162113029996,0.2096191861374585
9393473353,9393473355,0,0.08940128533811324,0.3224758050533131,0.3795035481452942,0.9845702115525139,0.2093021788342206
9393473355,9393473353,0,0.08940128533811324,0.3224758050533131,0.3795035481452942,0.9845702115525139,0.2093021788342206
13942573433,2699550407,0,0.047784481698088396,0.42575973112286325,0.3215908408164978,0.6773334046231443,0.20903335261978698
2428797669,5178935595,0,0.025687374987486956,0.4053396474110619,0.3215053677558899,0.4238045589834073,0.20894787955917907
5178935595,2428797669,0,0.025687374987486956,0.4053396474110619,0.3215053677558899,0.4238045589834073,0.20894787955917907
8485193626,8485193553,0,0.0323699285992405,0.4218715751236529,0.32120490074157715,0.5202062057780392,0.20864741254486632
8485193553,8485193626,0,0.0323699285992405,0.4218715751236529,0.32120490074157715,0.5202062057780392,0.20864741254486632
8408716847,5358077842,0,0.030231753515290165,0.45600088312779563,0.32011762261390686,0.5003341709886114,0.20756013441719603
5358077842,8408716847,0,0.030231753515290165,0.45600088312779563,0.32011762261390686,0.5003341709886114,0.20756013441719603
4848372912,5771506781,0,0.06319453063688193,0.2782464238911917,0.3772129714488983,0.7510604359371936,0.2070116021378247
5771506781,4848372912,0,0.06319453063688193,0.2782464238911917,0.3772129714488983,0.7510604359371936,0.2070116021378247
1116415353,2959075437,0,0.0711355793737107,0.44188891783274165,0.31932127475738525,0.6261384091678697,0.20676378656067443
4848372874,4848372763,0,0.06319453063688193,0.24965445150983953,0.3766094148159027,0.7796209164305191,0.2064080455048291
4848372763,4848372874,0,0.06319453063688193,0.24965445150983953,0.3766094148159027,0.7796209164305191,0.2064080455048291
5771506826,4848372764,0,0.06319453063688193,0.25282534810089907,0.3764835298061371,0.775860378905345,0.20628216049506348
4848372764,5771506826,0,0.06319453063688193,0.25282534810089907,0.3764835298061371,0.775860378905345,0.20628216049506348
8285753073,1116415353,0,0.0711355793737107,0.3950278083930989,0.37637364864349365,0.6214778377800353,0.20617227933242005
4848372912,4848372642,0,0.06319453063688193,0.26745869078250817,0.3755044937133789,0.7540991641269672,0.2053031244023053
4848372642,4848372912,0,0.06319453063688193,0.26745869078250817,0.3755044937133789,0.7540991641269672,0.2053031244023053
8591803539,8591803540,0,0.026912875341344823,0.4639639871782629,0.3171283006668091,0.4737787164269547,0.20457081247009826
8591803540,8591803539,0,0.026912875341344823,0.4639639871782629,0.3171283006668091,0.4737787164269547,0.20457081247009826
9470754974,9470754957,0,0.025687374987486956,0.4463574505153192,0.316974014043808,0.43847243757685933,0.20441652584709716
9470754957,9470754974,0,0.025687374987486956,0.4463574505153192,0.316974014043808,0.43847243757685933,0.20441652584709716
2528898676,2943670267,0,0.07576126334951425,0.31497993496586213,0.37439265847206116,0.7925243722041028,0.20419128916098755
2943670267,2528898676,0,0.07576126334951425,0.31497993496586213,0.37439265847206116,0.7925243722041028,0.20419128916098755
4848372642,5771506781,0,0.06319453063688193,0.2645760794848481,0.37431174516677856,0.7519961147053057,0.20411037585570496
5771506781,4848372642,0,0.06319453063688193,0.2645760794848481,0.37431174516677856,0.7519961147053057,0.20411037585570496
13390679456,13390679458,0,0.0711355793737107,0.4459082543142045,0.31666406989097595,0.6343055481295335,0.20410658169426513
13390679458,13390679456,0,0.0711355793737107,0.4459082543142045,0.31666406989097595,0.6343055481295335,0.20410658169426513
2550463263,2550463148,1,0.2675039097909218,0.40546865364054224,0.3829484283924103,0.772349355718334,0.20366349424068247
2550463148,2550463263,1,0.2675039097909218,0.40546865364054224,0.3829484283924103,0.772349355718334,0.20366349424068247
13390285485,13390285486,0,0.16563181955499845,0.25450434548694684,0.4090515375137329,0.823063144950008,0.20360857621664366
13390285486,13390285485,0,0.16563181955499845,0.25450434548694684,0.4090515375137329,0.823063144950008,0.20360857621664366
10964963004,13390709845,0,0.03293033500868643,0.46314014062643116,0.3161306083202362,0.5021698836193838,0.20357312012352538
13390709845,10964963004,0,0.03293033500868643,0.46314014062643116,0.3161306083202362,0.5021698836193838,0.20357312012352538
8349563498,8349563594,0,0.025687374987486956,0.43130205041874914,0.31572121381759644,0.417825126093853,0.2031637256208856
8349563594,8349563498,0,0.025687374987486956,0.43130205041874914,0.31572121381759644,0.417825126093853,0.2031637256208856
8485193526,8485193530,0,0.044969250680825704,0.35905517115529206,0.37334415316581726,0.5254192732003778,0.20314278385474366
8485193530,8485193526,0,0.044969250680825704,0.35905517115529206,0.37334415316581726,0.5254192732003778,0.20314278385474366
5177210666,8349563498,0,0.025687374987486956,0.43130205041874914,0.3156192898750305,0.4176469015665936,0.2030618016783197
8349563498,5177210666,0,0.025687374987486956,0.43130205041874914,0.3156192898750305,0.4176469015665936,0.2030618016783197
8349563497,5177210666,0,0.025687374987486956,0.43130205041874914,0.31539878249168396,0.41689835855210394,0.20284129429497313
5177210666,8349563497,0,0.025687374987486956,0.43130205041874914,0.31539878249168396,0.41689835855210394,0.20284129429497313
5358077841,8408716847,0,0.030231753515290165,0.46604559412571167,0.31495201587677,0.4999688107077296,0.2023945276800592
8408716847,5358077841,0,0.030231753515290165,0.46604559412571167,0.31495201587677,0.4999688107077296,0.2023945276800592
2184437899,2528898696,0,0.028741036143862687,0.4033677266417798,0.31494078040122986,0.6627234490010515,0.20238329220451903
2528898696,2184437899,0,0.028741036143862687,0.4033677266417798,0.31494078040122986,0.6627234490010515,0.20238329220451903
2217511551,8408716847,0,0.030231753515290165,0.46604559412571167,0.31489095091819763,0.49995098825500367,0.2023334627214868
8408716847,2217511551,0,0.030231753515290165,0.46604559412571167,0.31489095091819763,0.49995098825500367,0.2023334627214868
4848372642,5771506825,0,0.06319453063688193,0.25018002441018833,0.3723152279853821,0.7571289810903776,0.20211385867430848
5771506825,4848372642,0,0.06319453063688193,0.25018002441018833,0.3723152279853821,0.7571289810903776,0.20211385867430848
3890290863,8485193697,0,0.044969250680825704,0.433797437141637,0.3144361972808838,0.5382692616157836,0.20187870908417296
8485193697,3890290863,0,0.044969250680825704,0.433797437141637,0.3144361972808838,0.5382692616157836,0.20187870908417296
8338346356,8338346366,0,0.031750522891462664,0.47302152493162386,0.3144277334213257,0.48450783296797306,0.20187024522461486
8338346366,8338346356,0,0.031750522891462664,0.47302152493162386,0.3144277334213257,0.48450783296797306,0.20187024522461486
7510401662,2756922916,0,0.14223992021235796,0.25606998488733757,0.4072664678096771,0.7845844695146946,0.20182350651258787
2756922916,7510401662,0,0.14223992021235796,0.25606998488733757,0.4072664678096771,0.7845844695146946,0.20182350651258787
8488210071,8485193531,0,0.036926437861631446,0.3409345443715881,0.37193605303764343,0.5092453973515835,0.20173468372656983
8485193531,8488210071,0,0.036926437861631446,0.3409345443715881,0.37193605303764343,0.5092453973515835,0.20173468372656983
5903376055,1116457378,0,0.0711355793737107,0.4489577698003673,0.3142520785331726,0.6339312766222888,0.20169459033646178
1116457378,5903376055,0,0.0711355793737107,0.4489577698003673,0.3142520785331726,0.6339312766222888,0.20169459033646178
2550320454,2552456950,0,0.14103919355874256,0.27890958446434483,0.4069652855396271,0.7177057156605892,0.20152232424253783
2552456950,2550320454,0,0.14103919355874256,0.27890958446434483,0.4069652855396271,0.7177057156605892,0.20152232424253783
5430452891,5430452903,0,0.026912875341344823,0.45961905002797754,0.31402379274368286,0.4714172414407671,0.20146630454697204
5430452903,5430452891,0,0.026912875341344823,0.45961905002797754,0.31402379274368286,0.4714172414407671,0.20146630454697204
10969046220,10969046240,0,0.19061853329286513,0.3243405118855276,0.4066743850708008,0.8083150653192892,0.20123142377371153
10969046240,10969046220,0,0.19061853329286513,0.3243405118855276,0.4066743850708008,0.8083150653192892,0.20123142377371153
12092206289,12092206290,0,0.03644289352162602,0.44012154530117364,0.3134901821613312,0.8215482364683028,0.20093269396462035
12092206290,12092206289,0,0.03644289352162602,0.44012154530117364,0.3134901821613312,0.8215482364683028,0.20093269396462035
8591803452,8591803504,0,0.026912875341344823,0.46572839585241355,0.31338030099868774,0.4831087704289864,0.20082281280197692
8591803504,8591803452,0,0.026912875341344823,0.46572839585241355,0.31338030099868774,0.4831087704289864,0.20082281280197692
7965696350,2525990694,0,0.07722879935487045,0.36908825894769337,0.3709076941013336,0.9579924789249497,0.20070632479026002
3890290932,8485193572,0,0.0323699285992405,0.3711065922037141,0.3707748055458069,0.5334393769270527,0.20057343623473328
8485193572,3890290932,0,0.0323699285992405,0.3711065922037141,0.3707748055458069,0.5334393769270527,0.20057343623473328
5771506825,5771506826,0,0.06319453063688193,0.2347171868194808,0.37055331468582153,0.7646411449143631,0.20035194537474793
5771506826,5771506825,0,0.06319453063688193,0.2347171868194808,0.37055331468582153,0.7646411449143631,0.20035194537474793
13948158767,13948158760,0,0.0323699285992405,0.4580755334487839,0.31267794966697693,0.4840355379707355,0.2001204614702661
13948158760,13948158767,0,0.0323699285992405,0.4580755334487839,0.31267794966697693,0.4840355379707355,0.2001204614702661
2704680841,7314280807,0,0.027600862802237114,0.4494519296824221,0.31263282895088196,0.4732975102033542,0.20007534075417113
7314280807,2704680841,0,0.027600862802237114,0.4494519296824221,0.31263282895088196,0.4732975102033542,0.20007534075417113
2533191675,5773763288,0,0.04589164588813767,0.46266423328266904,0.3125700354576111,0.5847012065800495,0.20001254726090026
13142404935,13142401569,0,0.09375939477562627,0.38096339871667484,0.3700813949108124,0.9948626780017465,0.19988002559973878
13142401569,13142404935,0,0.09375939477562627,0.38096339871667484,0.3700813949108124,0.9948626780017465,0.19988002559973878
6942405226,6942405229,0,0.036141979662552295,0.3585366569543369,0.3694310784339905,0.5756340337557254,0.19922970912291688
6942405229,6942405226,0,0.036141979662552295,0.3585366569543369,0.3694310784339905,0.5756340337557254,0.19922970912291688
9649087668,11538729813,0,0.028741036143862687,0.4116847873375141,0.3117811381816864,0.6661186262453439,0.19922364998497558
11538729813,9649087668,0,0.028741036143862687,0.4116847873375141,0.3117811381816864,0.6661186262453439,0.19922364998497558
6942405229,6942405230,0,0.036141979662552295,0.3585366569543369,0.3694241940975189,0.5764538665811189,0.19922282478644532
6942405230,6942405229,0,0.036141979662552295,0.3585366569543369,0.3694241940975189,0.5764538665811189,0.19922282478644532
6942405197,6942405226,0,0.036141979662552295,0.3585366569543369,0.3693910539150238,0.5744666631021761,0.1991896846039502
6942405226,6942405197,0,0.036141979662552295,0.3585366569543369,0.3693910539150238,0.5744666631021761,0.1991896846039502
4549561620,4549561659,0,0.14103919355874256,0.2643671504888389,0.4046270251274109,0.7348241815038585,0.19918406383032164
4549561659,4549561620,0,0.14103919355874256,0.2643671504888389,0.4046270251274109,0.7348241815038585,0.19918406383032164
9649087666,9649087668,0,0.028741036143862687,0.4116847873375141,0.31173086166381836,0.6662567502539699,0.19917337346710753
11538729809,9649087668,0,0.028741036143862687,0.4116847873375141,0.311697393655777,0.6656195975690175,0.19913990545906615
9649087668,11538729809,0,0.028741036143862687,0.4116847873375141,0.311697393655777,0.6656195975690175,0.19913990545906615
11538729809,9649087665,0,0.028741036143862687,0.4116847873375141,0.31164562702178955,0.665423550589032,0.19908813882507873
9649087665,11538729809,0,0.028741036143862687,0.4116847873375141,0.31164562702178955,0.665423550589032,0.19908813882507873
3890290932,8488210067,0,0.04483447887783495,0.3198919339215739,0.3692520558834076,0.541299078579194,0.199050686572334
8488210067,3890290932,0,0.04483447887783495,0.3198919339215739,0.3692520558834076,0.541299078579194,0.199050686572334
13306541909,4549561620,0,0.14103919355874256,0.26702953893654474,0.4044250249862671,0.7290497068206526,0.19898206368917784
4549561620,13306541909,0,0.14103919355874256,0.26702953893654474,0.4044250249862671,0.7290497068206526,0.19898206368917784
662290657,8591803484,0,0.026912875341344823,0.46912176456473265,0.31138038635253906,0.4621495660232761,0.19882289815582824
8591803484,662290657,0,0.026912875341344823,0.46912176456473265,0.31138038635253906,0.4621495660232761,0.19882289815582824
8485168408,8485168411,0,0.044969250680825704,0.3454411497593938,0.36897194385528564,0.5164902243846798,0.19877057454421204
8485168411,8485168408,0,0.044969250680825704,0.3454411497593938,0.36897194385528564,0.5164902243846798,0.19877057454421204
9653865293,6225323916,0,0.03652325598357486,0.3671492135839004,0.3686428666114807,0.9425894241565524,0.1984414973004071
6225323916,9653865293,0,0.03652325598357486,0.3671492135839004,0.3686428666114807,0.9425894241565524,0.1984414973004071
13527768312,13527768314,0,0.0787805005750162,0.45825901611343733,0.3109629452228546,0.6171514373808124,0.1984054570261438
13527768314,13527768312,0,0.0787805005750162,0.45825901611343733,0.3109629452228546,0.6171514373808124,0.1984054570261438
2756922916,13942601381,0,0.11219392255572891,0.24135734286912844,0.40373918414115906,0.7683393038549965,0.1982962228440698
13942601381,2756922916,0,0.11219392255572891,0.24135734286912844,0.40373918414115906,0.7683393038549965,0.1982962228440698
5169911696,5169911625,0,0.04720415984979056,0.43770253225750744,0.31085172295570374,0.6486882674793705,0.1982942347589929
5169911625,5169911696,0,0.04720415984979056,0.43770253225750744,0.31085172295570374,0.6486882674793705,0.1982942347589929
2550320454,2553916743,0,0.14103919355874256,0.2726959281474775,0.4036918580532074,0.7127956299345916,0.19824889675611815
2553916743,2550320454,0,0.14103919355874256,0.2726959281474775,0.4036918580532074,0.7127956299345916,0.19824889675611815
4549561620,13306541930,0,0.14103919355874256,0.26408718470191855,0.40354791283607483,0.7300388529469426,0.19810495153898558
13306541930,4549561620,0,0.14103919355874256,0.26408718470191855,0.40354791283607483,0.7300388529469426,0.19810495153898558
5192128645,5771506825,0,0.06319453063688193,0.22566880466546388,0.36819684505462646,0.7632866385071914,0.19799547574355286
5771506825,5192128645,0,0.06319453063688193,0.22566880466546388,0.36819684505462646,0.7632866385071914,0.19799547574355286
4549552505,4549552491,0,0.036141979662552295,0.43631123205890665,0.3101467788219452,0.6152533461654993,0.19758929062523437
4549552491,4549552505,0,0.036141979662552295,0.43631123205890665,0.3101467788219452,0.6152533461654993,0.19758929062523437
6942405311,4549552533,0,0.047784481698088396,0.43662323945848724,0.3098999559879303,0.6602372168457823,0.19734246779121947
4549552533,6942405311,0,0.047784481698088396,0.43662323945848724,0.3098999559879303,0.6602372168457823,0.19734246779121947
13306541933,13306541909,0,0.14103919355874256,0.2627656367093551,0.40276995301246643,0.7281140280525406,0.19732699171537718
13306541909,13306541933,0,0.14103919355874256,0.2627656367093551,0.40276995301246643,0.7281140280525406,0.19732699171537718
5771506826,5192128649,0,0.06319453063688193,0.21536978101708903,0.36736008524894714,0.770094815448502,0.19715871593787354
5192128649,5771506826,0,0.06319453063688193,0.21536978101708903,0.36736008524894714,0.770094815448502,0.19715871593787354
13306541933,13306541922,0,0.14103919355874256,0.2627656367093551,0.40259361267089844,0.7273833074907768,0.1971506513738092
13306541922,13306541933,0,0.14103919355874256,0.2627656367093551,0.40259361267089844,0.7273833074907768,0.1971506513738092
13306541930,13306541909,0,0.14103919355874256,0.2616850992146466,0.40259167551994324,0.7295041793651642,0.197148714222854
13306541909,13306541930,0,0.14103919355874256,0.2616850992146466,0.40259167551994324,0.7295041793651642,0.197148714222854
5799495165,5799495186,0,0.036141979662552295,0.4067235342016822,0.30969515442848206,0.6170266802117308,0.19713766623177123
5799495186,5799495165,0,0.036141979662552295,0.4067235342016822,0.30969515442848206,0.6170266802117308,0.19713766623177123
6225323916,12089996915,0,0.03652325598357486,0.32513662295141066,0.3672880530357361,0.9431597426437827,0.19708668372466248
12089996915,6225323916,0,0.03652325598357486,0.32513662295141066,0.3672880530357361,0.9431597426437827,0.19708668372466248
13948129473,13948129479,0,0.026912875341344823,0.4632062419610471,0.3095455467700958,0.4774412304621362,0.196988058573385
13948129479,13948129473,0,0.026912875341344823,0.4632062419610471,0.3095455467700958,0.4774412304621362,0.196988058573385
13948129446,13948129473,0,0.026912875341344823,0.4632062419610471,0.3095306158065796,0.47783332442210696,0.19697312760986876
13948129473,13948129446,0,0.026912875341344823,0.4632062419610471,0.3095306158065796,0.47783332442210696,0.19697312760986876
13948129467,13948129479,0,0.026912875341344823,0.4632062419610471,0.30947425961494446,0.47696002423853573,0.19691677141823363
13948129479,13948129467,0,0.026912875341344823,0.4632062419610471,0.30947425961494446,0.47696002423853573,0.19691677141823363
13306541917,13306541933,0,0.14103919355874256,0.26227755716414664,0.402337908744812,0.7265634746653834,0.19689494744772276
13306541933,13306541917,0,0.14103919355874256,0.26227755716414664,0.402337908744812,0.7265634746653834,0.19689494744772276
2552456976,13306541917,0,0.14103919355874256,0.26345674597912677,0.4022950828075409,0.7239703077937586,0.19685212151045164
13306541917,2552456976,0,0.14103919355874256,0.26345674597912677,0.4022950828075409,0.7239703077937586,0.19685212151045164
13306541922,13306541917,0,0.14103919355874256,0.26227755716414664,0.40225470066070557,0.7264832736281167,0.19681173936361632
13306541917,13306541922,0,0.14103919355874256,0.26227755716414664,0.40225470066070557,0.7264832736281167,0.19681173936361632
5773763285,4549552540,0,0.04589164588813767,0.46724924101525844,0.30936387181282043,0.5970209770268584,0.1968063836161096
4549552540,5773763285,0,0.04589164588813767,0.46724924101525844,0.30936387181282043,0.5970209770268584,0.1968063836161096
4549552519,4549552540,0,0.04589164588813767,0.46724924101525844,0.30936095118522644,0.5969051310841398,0.19680346298851562
4549552540,4549552519,0,0.04589164588813767,0.46724924101525844,0.30936095118522644,0.5969051310841398,0.19680346298851562
2552456950,2552456976,0,0.14103919355874256,0.2628919098198002,0.4017923176288605,0.7207087989449108,0.19634935633177122
2552456976,2552456950,0,0.14103919355874256,0.2628919098198002,0.4017923176288605,0.7207087989449108,0.19634935633177122
13306541930,13306541922,0,0.14103919355874256,0.2595171256467899,0.4016941487789154,0.7292190201215492,0.19625118748182616
13306541922,13306541930,0,0.14103919355874256,0.2595171256467899,0.4016941487789154,0.7292190201215492,0.19625118748182616
11076523116,12471037569,0,0.03644289352162602,0.4230700078614882,0.30877140164375305,0.8876517136288296,0.19621391344704223
12471037569,11076523116,0,0.03644289352162602,0.4230700078614882,0.30877140164375305,0.8876517136288296,0.19621391344704223
8485193572,8485193626,0,0.0323699285992405,0.42802362561475105,0.3086766302585602,0.5292332780837299,0.19611914206184936
8485193626,8485193572,0,0.0323699285992405,0.42802362561475105,0.3086766302585602,0.5292332780837299,0.19611914206184936
13948129472,13948129467,0,0.026912875341344823,0.46480501622104,0.30856698751449585,0.476541196599476,0.19600949931778502
13948129467,13948129472,0,0.026912875341344823,0.46480501622104,0.30856698751449585,0.476541196599476,0.19600949931778502
8591803545,8591803546,0,0.0323699285992405,0.48358694009757053,0.3085505962371826,0.4872970468195833,0.1959931080404718
8591803546,8591803545,0,0.0323699285992405,0.48358694009757053,0.3085505962371826,0.4872970468195833,0.1959931080404718
8408716929,11538729735,0,0.026912875341344823,0.4572187677308116,0.308508962392807,0.4780471938548183,0.19595147419609618
11538729735,8408716929,0,0.026912875341344823,0.4572187677308116,0.308508962392807,0.4780471938548183,0.19595147419609618
8494014288,8494014275,0,0.044969250680825704,0.32395726072278425,0.36593860387802124,0.5089691493343313,0.19573723456694764
8494014275,8494014288,0,0.044969250680825704,0.32395726072278425,0.36593860387802124,0.5089691493343313,0.19573723456694764
8591803461,8591803545,0,0.0323699285992405,0.48074413461242327,0.30805590748786926,0.48973872284303765,0.19549841929115844
8591803545,8591803461,0,0.0323699285992405,0.48074413461242327,0.30805590748786926,0.48973872284303765,0.19549841929115844
12430762397,12430762308,0,0.07576126334951425,0.4025304037059259,0.30781495571136475,0.8283831470887023,0.19525746751465392
12430762308,12430762397,0,0.07576126334951425,0.4025304037059259,0.30781495571136475,0.8283831470887023,0.19525746751465392
8485193581,8488210067,0,0.044969250680825704,0.41301517741129534,0.30781280994415283,0.5279500614874619,0.195255321747442
8488210067,8485193581,0,0.044969250680825704,0.41301517741129534,0.30781280994415283,0.5279500614874619,0.195255321747442
8485193573,8485193572,0,0.0323699285992405,0.42380989901734945,0.30740344524383545,0.5324680532534888,0.19484595704712462
8485193572,8485193573,0,0.0323699285992405,0.42380989901734945,0.30740344524383545,0.5324680532534888,0.19484595704712462
9422950942,13948158768,0,0.0323699285992405,0.46752313466832907,0.3073166012763977,0.4842761410825358,0.19475911307968688
13948158768,9422950942,0,0.0323699285992405,0.46752313466832907,0.3073166012763977,0.4842761410825358,0.19475911307968688
13948129472,13444796341,0,0.026912875341344823,0.46720317761102936,0.3073160648345947,0.4759708781122458,0.1947585766378839
13444796341,13948129472,0,0.026912875341344823,0.46720317761102936,0.3073160648345947,0.4759708781122458,0.1947585766378839
13948129479,13948129472,0,0.026912875341344823,0.46720317761102936,0.30731117725372314,0.4767194211267355,0.19475368905701232
13948129472,13948129479,0,0.026912875341344823,0.46720317761102936,0.30731117725372314,0.4767194211267355,0.19475368905701232
13342492390,7097821747,0,0.16361141786310526,0.2203441371293016,0.40014103055000305,0.8319209039548022,0.1946980692529138
7097821747,13342492390,0,0.16361141786310526,0.2203441371293016,0.40014103055000305,0.8319209039548022,0.1946980692529138
8494014288,8488210071,0,0.044969250680825704,0.31751284587843187,0.36468976736068726,0.5092097524461316,0.19448839804961365
8488210071,8494014288,0,0.044969250680825704,0.31751284587843187,0.36468976736068726,0.5092097524461316,0.19448839804961365
1944044527,6302207459,0,0.026912875341344823,0.4633633536673425,0.30702266097068787,0.4791833752160972,0.19446517277397704
8485168411,8488210071,0,0.044969250680825704,0.3218082796649156,0.36439988017082214,0.513255449214921,0.19419851085974854
8488210071,8485168411,0,0.044969250680825704,0.3218082796649156,0.36439988017082214,0.513255449214921,0.19419851085974854
12475474488,9909777486,0,0.03644289352162602,0.3743282310685229,0.3639097511768341,0.8852991498690049,0.1937083818657605
9909777486,12475474488,0,0.03644289352162602,0.3743282310685229,0.3639097511768341,0.8852991498690049,0.1937083818657605
5436498597,5436498596,0,0.026912875341344823,0.4754908485893605,0.3061724007129669,0.4820037783599779,0.1936149125162561
5436498596,5436498597,0,0.026912875341344823,0.4754908485893605,0.3061724007129669,0.4820037783599779,0.1936149125162561
7979256648,7979256649,0,0.08940128533811324,0.4129691723333891,0.30609631538391113,0.9821775472740558,0.1935388271872003
2550450288,2550450299,0,0.0787805005750162,0.4234531179574017,0.3060458302497864,0.6660428808212586,0.19348834205307555
5567121743,5567121710,0,0.0787805005750162,0.6365422049278235,0.280548095703125,0.613105740612023,0.1934716107181032
5567121710,5567121743,0,0.0787805005750162,0.6365422049278235,0.280548095703125,0.613105740612023,0.1934716107181032
9470754978,5177210952,0,0.025687374987486956,0.46021419511473594,0.30601367354393005,0.4398180327576681,0.19345618534721923
5177210952,9470754978,0,0.025687374987486956,0.46021419511473594,0.30601367354393005,0.4398180327576681,0.19345618534721923
5177210952,9470754974,0,0.025687374987486956,0.46021419511473594,0.3059801459312439,0.43949722860860113,0.19342265773453307
9470754974,5177210952,0,0.025687374987486956,0.46021419511473594,0.3059801459312439,0.43949722860860113,0.19342265773453307
5194055688,9907679316,0,0.15081351308350763,0.47970520645311593,0.3455846905708313,0.7711641626120587,0.19341773409419571
9907679316,5194055688,0,0.15081351308350763,0.47970520645311593,0.3455846905708313,0.7711641626120587,0.19341773409419571
9470754973,9470754974,0,0.025687374987486956,0.46021419511473594,0.30596378445625305,0.43933682653406764,0.19340629625954223
9470754974,9470754973,0,0.025687374987486956,0.46021419511473594,0.30596378445625305,0.43933682653406764,0.19340629625954223
5436498587,12735541005,0,0.0323699285992405,0.47645748592415743,0.3059621751308441,0.5030788287084068,0.1934046869341333
12735541005,5436498587,0,0.0323699285992405,0.47645748592415743,0.3059621751308441,0.5030788287084068,0.1934046869341333
8591803484,662290655,0,0.026912875341344823,0.47525410700033605,0.305889368057251,0.45940490830348074,0.19333187986054015
662290655,8591803484,0,0.026912875341344823,0.47525410700033605,0.305889368057251,0.45940490830348074,0.19333187986054015
11076523116,11076523116,0,0.03644289352162602,0.3743282310685229,0.36353251338005066,0.8833431356823326,0.19333114406897706
5567121721,5567121672,0,0.0787805005750162,0.5776973550355686,0.30586376786231995,0.6140369637669536,0.19330627966560912
5356262783,5362487474,0,0.02532513263100906,0.42446384981125584,0.3057670295238495,0.4670596517492737,0.19320954132713866
5362487474,5356262783,0,0.02532513263100906,0.42446384981125584,0.3057670295238495,0.4670596517492737,0.19320954132713866
8408716888,5356262794,0,0.02532513263100906,0.42446384981125584,0.3057611286640167,0.4677101712737707,0.1932036404673059
5356262794,8408716888,0,0.02532513263100906,0.42446384981125584,0.3057611286640167,0.4677101712737707,0.1932036404673059
5362487474,8408716888,0,0.02532513263100906,0.42446384981125584,0.3057427704334259,0.4673269885401629,0.19318528223671508
8408716888,5362487474,0,0.02532513263100906,0.42446384981125584,0.3057427704334259,0.4673269885401629,0.19318528223671508
8485193531,8485193552,0,0.0323699285992405,0.3768583543168188,0.36334162950515747,0.5066878753854105,0.19314026019408387
8485193552,8485193531,0,0.0323699285992405,0.3768583543168188,0.36334162950515747,0.5066878753854105,0.19314026019408387
1916783463,2458960421,0,0.026937481932383617,0.4146825417560465,0.3056424856185913,0.5827140031011068,0.19308499742188048
5169909909,1116415419,0,0.047784481698088396,0.46221063034330145,0.3053532838821411,0.6910611488353027,0.1927957956854303
1116415419,5169909909,0,0.047784481698088396,0.46221063034330145,0.3053532838821411,0.6910611488353027,0.1927957956854303
8338346366,13444796340,0,0.026912875341344823,0.4787460823674076,0.3050222396850586,0.47802937140209234,0.19246475148834777
13444796340,8338346366,0,0.026912875341344823,0.4787460823674076,0.3050222396850586,0.47802937140209234,0.19246475148834777
1116457076,13390679547,0,0.04589164588813767,0.46358412343031047,0.30460813641548157,0.6127492915575041,0.19205064821877074
13390679547,1116457076,0,0.04589164588813767,0.46358412343031047,0.30460813641548157,0.6127492915575041,0.19205064821877074
13390679547,13390679546,0,0.04589164588813767,0.46358412343031047,0.3045743405818939,0.612793847689319,0.1920168523851831
13390679546,13390679547,0,0.04589164588813767,0.46358412343031047,0.3045743405818939,0.612793847689319,0.1920168523851831
13390679545,13390679547,0,0.04589164588813767,0.46358412343031047,0.30456894636154175,0.6132037641020157,0.19201145816483092
13390679547,13390679545,0,0.04589164588813767,0.46358412343031047,0.30456894636154175,0.6132037641020157,0.19201145816483092
4848372870,4471841899,0,0.06319453063688193,0.40533175798130994,0.3040961027145386,0.769791833752161,0.19153861451782775
4471841899,4848372870,0,0.06319453063688193,0.40533175798130994,0.3040961027145386,0.769791833752161,0.19153861451782775
12089337066,12089337057,0,0.03644289352162602,0.32157779828263733,0.36159852147102356,0.8886675934342084,0.19139715215994996
12089337057,12089337066,0,0.03644289352162602,0.32157779828263733,0.36159852147102356,0.8886675934342084,0.19139715215994996
13444796341,9453216143,0,0.026912875341344823,0.47338886845392014,0.3037463426589966,0.4750886667023116,0.19118885446228576
9453216143,13444796341,0,0.026912875341344823,0.47338886845392014,0.3037463426589966,0.4750886667023116,0.19118885446228576
6942405067,277183713,0,0.028741036143862687,0.4124100312820178,0.30363139510154724,0.6473916840435581,0.19107390690483642
8485193573,8485193569,0,0.0323699285992405,0.4282738260822377,0.30348479747772217,0.5318442674080807,0.19092730928101134
8485193569,8485193573,0,0.0323699285992405,0.4282738260822377,0.30348479747772217,0.5318442674080807,0.19092730928101134
8589396298,13948077246,0,0.03178228837690964,0.4188316622725301,0.3031088709831238,0.5365939510595448,0.19055138278641295
13948077246,8589396298,0,0.03178228837690964,0.4188316622725301,0.3031088709831238,0.5365939510595448,0.19055138278641295
1116457378,5903376056,0,0.0711355793737107,0.46420534723118156,0.30280736088752747,0.6353036054821865,0.19024987269081664
5903376056,1116457378,0,0.0711355793737107,0.46420534723118156,0.30280736088752747,0.6353036054821865,0.19024987269081664
5903376056,13390679458,0,0.0711355793737107,0.46420534723118156,0.30280017852783203,0.6359006576485056,0.1902426903311212
13390679458,5903376056,0,0.0711355793737107,0.46420534723118156,0.30280017852783203,0.6359006576485056,0.1902426903311212
9453271348,9453271349,0,0.0323699285992405,0.47702656586940684,0.30260804295539856,0.49187741717015093,0.19005055475868773
9453271349,9453271348,0,0.0323699285992405,0.47702656586940684,0.30260804295539856,0.49187741717015093,0.19005055475868773
13390295422,13390295424,0,0.11219392255572891,0.40269122558541903,0.3421818017959595,0.7707988023311768,0.1900148453193239
13390295424,13390295422,0,0.11219392255572891,0.40269122558541903,0.3421818017959595,0.7707988023311768,0.1900148453193239
13390295424,13390295423,0,0.11219392255572891,0.40269122558541903,0.3421732485294342,0.7710928728011549,0.19000629205279862
13390295423,13390295424,0,0.11219392255572891,0.40269122558541903,0.3421732485294342,0.7710928728011549,0.19000629205279862
13390295424,10969046215,0,0.11219392255572891,0.40269122558541903,0.3421643078327179,0.7702507619098541,0.1899973513560823
8485193531,3941020736,0,0.0323699285992405,0.4298180151907755,0.30239906907081604,0.5099850291397102,0.18984158087410521
3941020736,8485193531,0,0.0323699285992405,0.4298180151907755,0.30239906907081604,0.5099850291397102,0.18984158087410521
8285753073,1116415307,0,0.058516672674766165,0.4661270898291891,0.3023257553577423,0.6106551533622057,0.18976826716103148
1116415307,8285753073,0,0.058516672674766165,0.4661270898291891,0.3023257553577423,0.6106551533622057,0.18976826716103148
5773763285,1116415172,0,0.04589164588813767,0.470806108436517,0.30206820368766785,0.5976625853249924,0.18951071549095702
1116415172,5773763285,0,0.04589164588813767,0.470806108436517,0.30206820368766785,0.5976625853249924,0.18951071549095702
2699550407,2699550351,0,0.047784481698088396,0.4477474974298906,0.3018174469470978,0.6753907572760163,0.18925995875038695
2552512005,5567121784,0,0.0787805005750162,0.43388628466244333,0.3018135130405426,0.6697989627332513,0.18925602484383178
5567121784,2552512005,0,0.0787805005750162,0.43388628466244333,0.3018135130405426,0.6697989627332513,0.18925602484383178
13444796341,13444796340,0,0.026912875341344823,0.47710028295965456,0.3017351031303406,0.47550749434137124,0.18917761493362975
13444796340,13444796341,0,0.026912875341344823,0.47710028295965456,0.3017351031303406,0.47550749434137124,0.18917761493362975
12475474488,12471037566,0,0.03644289352162602,0.4291627299606089,0.3016519546508789,0.8881061861733411,0.18909446645416808
12471037566,12475474488,0,0.03644289352162602,0.4291627299606089,0.3016519546508789,0.8881061861733411,0.18909446645416808
2530284917,7899265557,0,0.07722879935487045,0.4225133599965587,0.3015906810760498,0.9721301395498049,0.18903319287933898
7899265557,2530284917,0,0.07722879935487045,0.4225133599965587,0.3015906810760498,0.9721301395498049,0.18903319287933898
8285753081,4549552519,0,0.05728318879340051,0.47124895048798887,0.3014655113220215,0.6152889910709511,0.18890802312531066
4549552519,8285753081,0,0.05728318879340051,0.47124895048798887,0.3014655113220215,0.6152889910709511,0.18890802312531066
9909777486,9909777496,0,0.03644289352162602,0.4291627299606089,0.30145180225372314,0.8866001889179989,0.18889431405701232
9909777496,9909777486,0,0.03644289352162602,0.4291627299606089,0.30145180225372314,0.8866001889179989,0.18889431405701232
8591803402,8591803420,0,0.026912875341344823,0.48953003209422247,0.3009408414363861,0.4519105669322212,0.18838335323967528
8591803420,8591803402,0,0.026912875341344823,0.48953003209422247,0.3009408414363861,0.4519105669322212,0.18838335323967528
5567121792,2552512018,0,0.0787805005750162,0.44932261262420614,0.30061081051826477,0.6670810386925449,0.18805332232155395
2552512018,5567121792,0,0.0787805005750162,0.44932261262420614,0.30061081051826477,0.6670810386925449,0.18805332232155395
662290686,10964963004,0,0.044969250680825704,0.4831398789519935,0.3002573549747467,0.5098780944233545,0.18769986677803588
10964963004,662290686,0,0.044969250680825704,0.4831398789519935,0.3002573549747467,0.5098780944233545,0.18769986677803588
8485242633,8485262958,0,0.0323699285992405,0.46482255319082105,0.2997877299785614,0.5099672066869843,0.18723024178185058
8485262958,8485242633,0,0.0323699285992405,0.46482255319082105,0.2997877299785614,0.5099672066869843,0.18723024178185058
5194055713,5195247204,0,0.047784481698088396,0.4449616085865475,0.2997712194919586,0.6643943039441088,0.1872137312952478
13390285486,13390295427,0,0.1606574710664467,0.37839041610772595,0.3924526870250702,0.80582883316402,0.18700972572798094
13390295427,13390285486,0,0.1606574710664467,0.37839041610772595,0.3924526870250702,0.80582883316402,0.18700972572798094
8485168408,8485193526,0,0.044969250680825704,0.39248057427222305,0.35711950063705444,0.5197784669126165,0.18691813132598084
8485193526,8485168408,0,0.044969250680825704,0.39248057427222305,0.35711950063705444,0.5197784669126165,0.18691813132598084
662290686,8588501624,0,0.044969250680825704,0.4703157028943792,0.29921308159828186,0.5135406084585361,0.18665559340157103
8588501624,662290686,0,0.044969250680825704,0.4703157028943792,0.29921308159828186,0.5135406084585361,0.18665559340157103
2458958756,2699876452,0,0.030231753515290165,0.45116256438157587,0.2990451455116272,0.5155723680692937,0.18648765731491637
2699876452,2458958756,0,0.030231753515290165,0.45116256438157587,0.2990451455116272,0.5155723680692937,0.18648765731491637
6496420821,6496420820,0,0.03110212827300287,0.4077873982615471,0.2989451587200165,0.8044565043041223,0.18638767052330565
6496420820,6496420821,0,0.03110212827300287,0.4077873982615471,0.2989451587200165,0.8044565043041223,0.18638767052330565
12045069233,2400351128,0,0.025196017805792705,0.40293314449799855,0.2988133728504181,0.3714421928745834,0.18625588465370727
2400351128,12045069233,0,0.025196017805792705,0.40293314449799855,0.2988133728504181,0.3714421928745834,0.18625588465370727
8167985664,6438778593,0,0.025999032003941724,0.42439043039137925,0.2986740469932556,0.7870796128963268,0.1861165587965448
6438778593,8167985664,0,0.025999032003941724,0.42439043039137925,0.2986740469932556,0.7870796128963268,0.1861165587965448
13311015077,2428797676,0,0.027600862802237114,0.4176949169977121,0.2986198365688324,0.44018339303855,0.18606234837212157
2428797676,13311015077,0,0.027600862802237114,0.4176949169977121,0.2986198365688324,0.44018339303855,0.18606234837212157
499236944,6410194513,0,0.025999032003941724,0.43424673615914156,0.2984285056591034,0.7852305334260101,0.18587101746239257
8591803484,8591803537,0,0.026912875341344823,0.48650202882109483,0.2983962893486023,0.4623010568714466,0.18583880115189147
8591803537,8591803484,0,0.026912875341344823,0.48650202882109483,0.2983962893486023,0.4623010568714466,0.18583880115189147
8588501446,13891709997,0,0.0323699285992405,0.5354413637301191,0.2983759045600891,0.4857375822060632,0.18581841636337829
13891709997,8588501446,0,0.0323699285992405,0.5354413637301191,0.2983759045600891,0.4857375822060632,0.18581841636337829
2704680821,2704680956,0,0.027600862802237114,0.43356351261126486,0.29824718832969666,0.47419308845283287,0.18568970013298583
2704680798,2704680821,0,0.027600862802237114,0.43356351261126486,0.29816606640815735,0.473836639398314,0.18560857821144652
13311039927,5178935595,0,0.025687374987486956,0.4329378153383938,0.2981467843055725,0.42625514623322464,0.18558929610886168
5178935595,13311039927,0,0.025687374987486956,0.4329378153383938,0.2981467843055725,0.42625514623322464,0.18558929610886168
5178935595,13311039913,0,0.025687374987486956,0.4329378153383938,0.29814618825912476,0.426460104439573,0.18558870006241393
13311039913,5178935595,0,0.025687374987486956,0.4329378153383938,0.29814618825912476,0.426460104439573,0.18558870006241393
8852438488,2397989511,0,0.027600862802237114,0.4607235630661712,0.29813411831855774,0.492657149476911,0.1855766301218469
8298792538,3687640445,0,0.08940128533811324,0.4142740934621215,0.29806652665138245,0.961543602630594,0.18550903845467162
3687640445,8298792538,0,0.08940128533811324,0.4142740934621215,0.29806652665138245,0.961543602630594,0.18550903845467162
7975286516,1116492708,0,0.08940128533811324,0.41707225694360517,0.2980369031429291,0.9652417615712274,0.18547941494621825
1116492708,7975286516,0,0.08940128533811324,0.41707225694360517,0.2980369031429291,0.9652417615712274,0.18547941494621825
3687640445,7899265511,0,0.08940128533811324,0.4142740934621215,0.2980290353298187,0.9612049760288011,0.1854715471331079
7899265511,3687640445,0,0.08940128533811324,0.4142740934621215,0.2980290353298187,0.9612049760288011,0.1854715471331079
2704680855,2704680798,0,0.027600862802237114,0.43356351261126486,0.29801464080810547,0.47435349052736636,0.18545715261139464
7899265511,8298792540,0,0.08940128533811324,0.4142740934621215,0.29800131916999817,0.9609554616906378,0.18544383097328734
8298792540,7899265511,0,0.08940128533811324,0.4142740934621215,0.29800131916999817,0.9609554616906378,0.18544383097328734
6942405228,6942405229,0,0.036141979662552295,0.37111358858522414,0.35539761185646057,0.5753043183802955,0.18519624254538697
6942405229,6942405228,0,0.036141979662552295,0.37111358858522414,0.35539761185646057,0.5753043183802955,0.18519624254538697
6942405226,6942405227,0,0.036141979662552295,0.37111358858522414,0.3553478717803955,0.5740478354631164,0.1851465024693219
6942405227,6942405226,0,0.036141979662552295,0.37111358858522414,0.3553478717803955,0.5740478354631164,0.1851465024693219
5799495305,5799495268,0,0.037523880352926045,0.4051165838161611,0.297648161649704,0.6140146857010462,0.18509067345299315
5799495268,5799495305,0,0.037523880352926045,0.4051165838161611,0.297648161649704,0.6140146857010462,0.18509067345299315
2704680855,2704680924,0,0.027600862802237114,0.4310403403182242,0.29757553339004517,0.4755609616995491,0.18501804519333434
