scenario_family,seed,decision_step,timestamp,od_id,route_changed,route_overlap,rain_only_truth_exposure,perfect_water_truth_exposure,difference,global_edge_risk_rank_spearman
anisotropic_band,8101,4,2023-09-07 13:00:00+08:00,OD01,False,1.0,0.4129974106577159,0.4129974106577159,0.0,0.9995023551068538
anisotropic_band,8101,4,2023-09-07 13:00:00+08:00,OD02,False,1.0,0.3247337174207863,0.3247337174207863,0.0,0.9995023551068538
anisotropic_band,8101,4,2023-09-07 13:00:00+08:00,OD03,False,1.0,0.3843917512446342,0.3843917512446342,0.0,0.9995023551068538
anisotropic_band,8101,4,2023-09-07 13:00:00+08:00,OD04,True,0.41585136676841783,0.43860391508488816,0.4403740810554905,0.001770165970602311,0.9995023551068538
anisotropic_band,8101,4,2023-09-07 13:00:00+08:00,OD05,False,1.0,0.406429776741972,0.406429776741972,0.0,0.9995023551068538
anisotropic_band,8101,4,2023-09-07 13:00:00+08:00,OD06,False,1.0,0.45273975743226047,0.45273975743226047,0.0,0.9995023551068538
anisotropic_band,8101,4,2023-09-07 13:00:00+08:00,OD07,True,0.9249436157487171,0.3426107954419894,0.34302689145689796,0.0004160960149085513,0.9995023551068538
anisotropic_band,8101,4,2023-09-07 13:00:00+08:00,OD08,True,0.20818411212739546,0.427951104809547,0.4586550747108139,0.030703969901266892,0.9995023551068538
anisotropic_band,8101,8,2023-09-07 14:00:00+08:00,OD01,False,1.0,0.5513024904208922,0.5513024904208922,0.0,0.9927850856860663
anisotropic_band,8101,8,2023-09-07 14:00:00+08:00,OD02,False,1.0,0.36794107982565116,0.36794107982565116,0.0,0.9927850856860663
anisotropic_band,8101,8,2023-09-07 14:00:00+08:00,OD03,False,1.0,0.42539225588719237,0.42539225588719237,0.0,0.9927850856860663
anisotropic_band,8101,8,2023-09-07 14:00:00+08:00,OD04,False,1.0,0.4120545391539038,0.4120545391539038,0.0,0.9927850856860663
anisotropic_band,8101,8,2023-09-07 14:00:00+08:00,OD05,False,1.0,0.39198506726181964,0.39198506726181964,0.0,0.9927850856860663
anisotropic_band,8101,8,2023-09-07 14:00:00+08:00,OD06,False,1.0,0.6242450836528052,0.6242450836528052,0.0,0.9927850856860663
anisotropic_band,8101,8,2023-09-07 14:00:00+08:00,OD07,False,1.0,0.5285952356330329,0.5285952356330329,0.0,0.9927850856860663
anisotropic_band,8101,8,2023-09-07 14:00:00+08:00,OD08,False,1.0,0.5023117665072349,0.5023117665072349,0.0,0.9927850856860663
anisotropic_band,8102,4,2023-09-07 13:00:00+08:00,OD01,False,1.0,0.41321311690679596,0.41321311690679596,0.0,0.9995093910677789
anisotropic_band,8102,4,2023-09-07 13:00:00+08:00,OD02,False,1.0,0.32475800720737136,0.32475800720737136,0.0,0.9995093910677789
anisotropic_band,8102,4,2023-09-07 13:00:00+08:00,OD03,False,1.0,0.3850628316111672,0.3850628316111672,0.0,0.9995093910677789
anisotropic_band,8102,4,2023-09-07 13:00:00+08:00,OD04,False,1.0,0.4375330617845088,0.4375330617845088,0.0,0.9995093910677789
anisotropic_band,8102,4,2023-09-07 13:00:00+08:00,OD05,False,1.0,0.4072010214073462,0.4072010214073462,0.0,0.9995093910677789
anisotropic_band,8102,4,2023-09-07 13:00:00+08:00,OD06,False,1.0,0.4525567938350183,0.4525567938350183,0.0,0.9995093910677789
anisotropic_band,8102,4,2023-09-07 13:00:00+08:00,OD07,True,0.9249436157487171,0.34297561910668645,0.3433909225850617,0.0004153034783752618,0.9995093910677789
anisotropic_band,8102,4,2023-09-07 13:00:00+08:00,OD08,False,1.0,0.4566705174107602,0.4566705174107602,0.0,0.9995093910677789
anisotropic_band,8102,8,2023-09-07 14:00:00+08:00,OD01,False,1.0,0.5522087289949903,0.5522087289949903,0.0,0.9925622257587247
anisotropic_band,8102,8,2023-09-07 14:00:00+08:00,OD02,False,1.0,0.3689853724442421,0.3689853724442421,0.0,0.9925622257587247
anisotropic_band,8102,8,2023-09-07 14:00:00+08:00,OD03,False,1.0,0.4253741853339315,0.4253741853339315,0.0,0.9925622257587247
anisotropic_band,8102,8,2023-09-07 14:00:00+08:00,OD04,False,1.0,0.4114411897890446,0.4114411897890446,0.0,0.9925622257587247
anisotropic_band,8102,8,2023-09-07 14:00:00+08:00,OD05,False,1.0,0.39261818078053284,0.39261818078053284,0.0,0.9925622257587247
anisotropic_band,8102,8,2023-09-07 14:00:00+08:00,OD06,False,1.0,0.6251083941254525,0.6251083941254525,0.0,0.9925622257587247
anisotropic_band,8102,8,2023-09-07 14:00:00+08:00,OD07,False,1.0,0.5285268216190961,0.5285268216190961,0.0,0.9925622257587247
anisotropic_band,8102,8,2023-09-07 14:00:00+08:00,OD08,False,1.0,0.5015313546399788,0.5015313546399788,0.0,0.9925622257587247
anisotropic_band,8103,4,2023-09-07 13:00:00+08:00,OD01,False,1.0,0.41234544545360324,0.41234544545360324,0.0,0.9995070667410884
anisotropic_band,8103,4,2023-09-07 13:00:00+08:00,OD02,False,1.0,0.3247979486125953,0.3247979486125953,0.0,0.9995070667410884
anisotropic_band,8103,4,2023-09-07 13:00:00+08:00,OD03,False,1.0,0.3832471877967944,0.3832471877967944,0.0,0.9995070667410884
anisotropic_band,8103,4,2023-09-07 13:00:00+08:00,OD04,False,1.0,0.44108394674344165,0.44108394674344165,0.0,0.9995070667410884
anisotropic_band,8103,4,2023-09-07 13:00:00+08:00,OD05,False,1.0,0.4073392014041186,0.4073392014041186,0.0,0.9995070667410884
anisotropic_band,8103,4,2023-09-07 13:00:00+08:00,OD06,False,1.0,0.4518920978887344,0.4518920978887344,0.0,0.9995070667410884
anisotropic_band,8103,4,2023-09-07 13:00:00+08:00,OD07,True,0.9249436157487171,0.34205178837886213,0.3424687238854106,0.000416935506548477,0.9995070667410884
anisotropic_band,8103,4,2023-09-07 13:00:00+08:00,OD08,False,1.0,0.455740770716824,0.455740770716824,0.0,0.9995070667410884
anisotropic_band,8103,8,2023-09-07 14:00:00+08:00,OD01,False,1.0,0.5514884671946704,0.5514884671946704,0.0,0.9928141081817445
anisotropic_band,8103,8,2023-09-07 14:00:00+08:00,OD02,True,0.5354455583444488,0.36917120500371126,0.3760127731437867,0.006841568140075471,0.9928141081817445
anisotropic_band,8103,8,2023-09-07 14:00:00+08:00,OD03,False,1.0,0.4248860080432862,0.4248860080432862,0.0,0.9928141081817445
anisotropic_band,8103,8,2023-09-07 14:00:00+08:00,OD04,False,1.0,0.4120560676033996,0.4120560676033996,0.0,0.9928141081817445
anisotropic_band,8103,8,2023-09-07 14:00:00+08:00,OD05,False,1.0,0.39272038040620894,0.39272038040620894,0.0,0.9928141081817445
anisotropic_band,8103,8,2023-09-07 14:00:00+08:00,OD06,False,1.0,0.6231907999039893,0.6231907999039893,0.0,0.9928141081817445
anisotropic_band,8103,8,2023-09-07 14:00:00+08:00,OD07,False,1.0,0.5264806658192558,0.5264806658192558,0.0,0.9928141081817445
anisotropic_band,8103,8,2023-09-07 14:00:00+08:00,OD08,False,1.0,0.5013560751701689,0.5013560751701689,0.0,0.9928141081817445
anisotropic_band,8104,4,2023-09-07 13:00:00+08:00,OD01,False,1.0,0.4117115850002644,0.4117115850002644,0.0,0.9995079989413453
anisotropic_band,8104,4,2023-09-07 13:00:00+08:00,OD02,False,1.0,0.32477062839307,0.32477062839307,0.0,0.9995079989413453
anisotropic_band,8104,4,2023-09-07 13:00:00+08:00,OD03,False,1.0,0.3840482294701277,0.3840482294701277,0.0,0.9995079989413453
anisotropic_band,8104,4,2023-09-07 13:00:00+08:00,OD04,False,1.0,0.4380872063629642,0.4380872063629642,0.0,0.9995079989413453
anisotropic_band,8104,4,2023-09-07 13:00:00+08:00,OD05,False,1.0,0.40623329868554076,0.40623329868554076,0.0,0.9995079989413453
anisotropic_band,8104,4,2023-09-07 13:00:00+08:00,OD06,False,1.0,0.4514348262770666,0.4514348262770666,0.0,0.9995079989413453
anisotropic_band,8104,4,2023-09-07 13:00:00+08:00,OD07,True,0.9249436157487171,0.34297311051393636,0.343388448223331,0.00041533770939461423,0.9995079989413453
anisotropic_band,8104,4,2023-09-07 13:00:00+08:00,OD08,False,1.0,0.4555365348573713,0.4555365348573713,0.0,0.9995079989413453
anisotropic_band,8104,8,2023-09-07 14:00:00+08:00,OD01,False,1.0,0.551240743083707,0.551240743083707,0.0,0.9925194586070163
anisotropic_band,8104,8,2023-09-07 14:00:00+08:00,OD02,True,0.5354455583444488,0.3672062390641241,0.3740601935585525,0.006853954494428438,0.9925194586070163
anisotropic_band,8104,8,2023-09-07 14:00:00+08:00,OD03,False,1.0,0.42447929678273844,0.42447929678273844,0.0,0.9925194586070163
anisotropic_band,8104,8,2023-09-07 14:00:00+08:00,OD04,False,1.0,0.41048002900445346,0.41048002900445346,0.0,0.9925194586070163
anisotropic_band,8104,8,2023-09-07 14:00:00+08:00,OD05,False,1.0,0.39238524988637363,0.39238524988637363,0.0,0.9925194586070163
anisotropic_band,8104,8,2023-09-07 14:00:00+08:00,OD06,True,0.6810150847608241,0.6151357498315878,0.6245020809958101,0.009366331164222252,0.9925194586070163
anisotropic_band,8104,8,2023-09-07 14:00:00+08:00,OD07,False,1.0,0.5287101704134709,0.5287101704134709,0.0,0.9925194586070163
anisotropic_band,8104,8,2023-09-07 14:00:00+08:00,OD08,False,1.0,0.5008853235014902,0.5008853235014902,0.0,0.9925194586070163
anisotropic_band,8105,4,2023-09-07 13:00:00+08:00,OD01,False,1.0,0.41291916524111144,0.41291916524111144,0.0,0.9995091092464964
anisotropic_band,8105,4,2023-09-07 13:00:00+08:00,OD02,False,1.0,0.324765333796996,0.324765333796996,0.0,0.9995091092464964
anisotropic_band,8105,4,2023-09-07 13:00:00+08:00,OD03,False,1.0,0.38443376530431755,0.38443376530431755,0.0,0.9995091092464964
anisotropic_band,8105,4,2023-09-07 13:00:00+08:00,OD04,False,1.0,0.43612543822423466,0.43612543822423466,0.0,0.9995091092464964
anisotropic_band,8105,4,2023-09-07 13:00:00+08:00,OD05,False,1.0,0.4067092066731062,0.4067092066731062,0.0,0.9995091092464964
anisotropic_band,8105,4,2023-09-07 13:00:00+08:00,OD06,False,1.0,0.45033185175864066,0.45033185175864066,0.0,0.9995091092464964
anisotropic_band,8105,4,2023-09-07 13:00:00+08:00,OD07,True,0.9249436157487171,0.3425747705577485,0.3429926070880726,0.0004178365303241227,0.9995091092464964
anisotropic_band,8105,4,2023-09-07 13:00:00+08:00,OD08,False,1.0,0.45626642593111555,0.45626642593111555,0.0,0.9995091092464964
anisotropic_band,8105,8,2023-09-07 14:00:00+08:00,OD01,False,1.0,0.5520924285361645,0.5520924285361645,0.0,0.9927615361973688
anisotropic_band,8105,8,2023-09-07 14:00:00+08:00,OD02,False,1.0,0.3690451065139969,0.3690451065139969,0.0,0.9927615361973688
anisotropic_band,8105,8,2023-09-07 14:00:00+08:00,OD03,False,1.0,0.4247707164335173,0.4247707164335173,0.0,0.9927615361973688
anisotropic_band,8105,8,2023-09-07 14:00:00+08:00,OD04,False,1.0,0.4110266564933047,0.4110266564933047,0.0,0.9927615361973688
anisotropic_band,8105,8,2023-09-07 14:00:00+08:00,OD05,False,1.0,0.39272351003353123,0.39272351003353123,0.0,0.9927615361973688
anisotropic_band,8105,8,2023-09-07 14:00:00+08:00,OD06,False,1.0,0.623710488440988,0.623710488440988,0.0,0.9927615361973688
anisotropic_band,8105,8,2023-09-07 14:00:00+08:00,OD07,False,1.0,0.528795421682577,0.528795421682577,0.0,0.9927615361973688
anisotropic_band,8105,8,2023-09-07 14:00:00+08:00,OD08,False,1.0,0.5011077228021237,0.5011077228021237,0.0,0.9927615361973688
anisotropic_band,8106,4,2023-09-07 13:00:00+08:00,OD01,False,1.0,0.41157738427876805,0.41157738427876805,0.0,0.9995178777858069
anisotropic_band,8106,4,2023-09-07 13:00:00+08:00,OD02,False,1.0,0.3248059786298059,0.3248059786298059,0.0,0.9995178777858069
anisotropic_band,8106,4,2023-09-07 13:00:00+08:00,OD03,False,1.0,0.3828415466745568,0.3828415466745568,0.0,0.9995178777858069
anisotropic_band,8106,4,2023-09-07 13:00:00+08:00,OD04,False,1.0,0.43751259693187955,0.43751259693187955,0.0,0.9995178777858069
anisotropic_band,8106,4,2023-09-07 13:00:00+08:00,OD05,False,1.0,0.4071987505668596,0.4071987505668596,0.0,0.9995178777858069
anisotropic_band,8106,4,2023-09-07 13:00:00+08:00,OD06,False,1.0,0.45240237076947976,0.45240237076947976,0.0,0.9995178777858069
anisotropic_band,8106,4,2023-09-07 13:00:00+08:00,OD07,True,0.9249436157487171,0.34313899267855735,0.343553028210272,0.00041403553171465157,0.9995178777858069
anisotropic_band,8106,4,2023-09-07 13:00:00+08:00,OD08,False,1.0,0.4592719239241377,0.4592719239241377,0.0,0.9995178777858069
anisotropic_band,8106,8,2023-09-07 14:00:00+08:00,OD01,False,1.0,0.5536240611893266,0.5536240611893266,0.0,0.9926656862875812
anisotropic_band,8106,8,2023-09-07 14:00:00+08:00,OD02,False,1.0,0.3697920157636191,0.3697920157636191,0.0,0.9926656862875812
anisotropic_band,8106,8,2023-09-07 14:00:00+08:00,OD03,False,1.0,0.42446713823408233,0.42446713823408233,0.0,0.9926656862875812
anisotropic_band,8106,8,2023-09-07 14:00:00+08:00,OD04,False,1.0,0.4103110562541616,0.4103110562541616,0.0,0.9926656862875812
anisotropic_band,8106,8,2023-09-07 14:00:00+08:00,OD05,False,1.0,0.3922470131383513,0.3922470131383513,0.0,0.9926656862875812
anisotropic_band,8106,8,2023-09-07 14:00:00+08:00,OD06,False,1.0,0.622127886362994,0.622127886362994,0.0,0.9926656862875812
anisotropic_band,8106,8,2023-09-07 14:00:00+08:00,OD07,False,1.0,0.5298950422649553,0.5298950422649553,0.0,0.9926656862875812
anisotropic_band,8106,8,2023-09-07 14:00:00+08:00,OD08,False,1.0,0.5019644956945499,0.5019644956945499,0.0,0.9926656862875812
anisotropic_band,8107,4,2023-09-07 13:00:00+08:00,OD01,False,1.0,0.41276646953355933,0.41276646953355933,0.0,0.999512398457436
anisotropic_band,8107,4,2023-09-07 13:00:00+08:00,OD02,False,1.0,0.32474568740963783,0.32474568740963783,0.0,0.999512398457436
anisotropic_band,8107,4,2023-09-07 13:00:00+08:00,OD03,False,1.0,0.38391267772826115,0.38391267772826115,0.0,0.999512398457436
anisotropic_band,8107,4,2023-09-07 13:00:00+08:00,OD04,False,1.0,0.4366627594171198,0.4366627594171198,0.0,0.999512398457436
anisotropic_band,8107,4,2023-09-07 13:00:00+08:00,OD05,False,1.0,0.4058088565772137,0.4058088565772137,0.0,0.999512398457436
anisotropic_band,8107,4,2023-09-07 13:00:00+08:00,OD06,False,1.0,0.44997676647642515,0.44997676647642515,0.0,0.999512398457436
anisotropic_band,8107,4,2023-09-07 13:00:00+08:00,OD07,True,0.9249436157487171,0.3428323080401292,0.3432477841640933,0.00041547612396408695,0.999512398457436
anisotropic_band,8107,4,2023-09-07 13:00:00+08:00,OD08,False,1.0,0.455289266047596,0.455289266047596,0.0,0.999512398457436
anisotropic_band,8107,8,2023-09-07 14:00:00+08:00,OD01,False,1.0,0.5498850870935412,0.5498850870935412,0.0,0.9926096891267915
anisotropic_band,8107,8,2023-09-07 14:00:00+08:00,OD02,True,0.5354455583444488,0.36769019930362234,0.3745358446459949,0.0068456453423725305,0.9926096891267915
anisotropic_band,8107,8,2023-09-07 14:00:00+08:00,OD03,False,1.0,0.42507437751795324,0.42507437751795324,0.0,0.9926096891267915
anisotropic_band,8107,8,2023-09-07 14:00:00+08:00,OD04,False,1.0,0.4116200671541027,0.4116200671541027,0.0,0.9926096891267915
anisotropic_band,8107,8,2023-09-07 14:00:00+08:00,OD05,False,1.0,0.39205753125380455,0.39205753125380455,0.0,0.9926096891267915
anisotropic_band,8107,8,2023-09-07 14:00:00+08:00,OD06,False,1.0,0.6211699165567015,0.6211699165567015,0.0,0.9926096891267915
anisotropic_band,8107,8,2023-09-07 14:00:00+08:00,OD07,False,1.0,0.5283420053087753,0.5283420053087753,0.0,0.9926096891267915
anisotropic_band,8107,8,2023-09-07 14:00:00+08:00,OD08,False,1.0,0.5005560723785539,0.5005560723785539,0.0,0.9926096891267915
anisotropic_band,8108,4,2023-09-07 13:00:00+08:00,OD01,False,1.0,0.41326470615611904,0.41326470615611904,0.0,0.9994986254906306
anisotropic_band,8108,4,2023-09-07 13:00:00+08:00,OD02,False,1.0,0.3247723002627924,0.3247723002627924,0.0,0.9994986254906306
anisotropic_band,8108,4,2023-09-07 13:00:00+08:00,OD03,False,1.0,0.38463391395792806,0.38463391395792806,0.0,0.9994986254906306
anisotropic_band,8108,4,2023-09-07 13:00:00+08:00,OD04,False,1.0,0.4369017660773827,0.4369017660773827,0.0,0.9994986254906306
anisotropic_band,8108,4,2023-09-07 13:00:00+08:00,OD05,False,1.0,0.4071314890733864,0.4071314890733864,0.0,0.9994986254906306
anisotropic_band,8108,4,2023-09-07 13:00:00+08:00,OD06,False,1.0,0.44865969594117233,0.44865969594117233,0.0,0.9994986254906306
anisotropic_band,8108,4,2023-09-07 13:00:00+08:00,OD07,True,0.9249436157487171,0.34270016424757754,0.34311577540463173,0.0004156111570541854,0.9994986254906306
anisotropic_band,8108,4,2023-09-07 13:00:00+08:00,OD08,False,1.0,0.4556056470741387,0.4556056470741387,0.0,0.9994986254906306
anisotropic_band,8108,8,2023-09-07 14:00:00+08:00,OD01,False,1.0,0.5523915608369739,0.5523915608369739,0.0,0.992536630939575
anisotropic_band,8108,8,2023-09-07 14:00:00+08:00,OD02,True,0.5354455583444488,0.3679636517882031,0.37483345371954,0.006869801931336905,0.992536630939575
anisotropic_band,8108,8,2023-09-07 14:00:00+08:00,OD03,False,1.0,0.42417818905078236,0.42417818905078236,0.0,0.992536630939575
anisotropic_band,8108,8,2023-09-07 14:00:00+08:00,OD04,False,1.0,0.41100895265698284,0.41100895265698284,0.0,0.992536630939575
anisotropic_band,8108,8,2023-09-07 14:00:00+08:00,OD05,False,1.0,0.3926729770443231,0.3926729770443231,0.0,0.992536630939575
anisotropic_band,8108,8,2023-09-07 14:00:00+08:00,OD06,False,1.0,0.6183865674410944,0.6183865674410944,0.0,0.992536630939575
anisotropic_band,8108,8,2023-09-07 14:00:00+08:00,OD07,False,1.0,0.5271768671913202,0.5271768671913202,0.0,0.992536630939575
anisotropic_band,8108,8,2023-09-07 14:00:00+08:00,OD08,False,1.0,0.5007730657278233,0.5007730657278233,0.0,0.992536630939575
anisotropic_band,8109,4,2023-09-07 13:00:00+08:00,OD01,False,1.0,0.4111190093780473,0.4111190093780473,0.0,0.9995079544612597
anisotropic_band,8109,4,2023-09-07 13:00:00+08:00,OD02,False,1.0,0.32476892183140293,0.32476892183140293,0.0,0.9995079544612597
anisotropic_band,8109,4,2023-09-07 13:00:00+08:00,OD03,False,1.0,0.3832681689367467,0.3832681689367467,0.0,0.9995079544612597
anisotropic_band,8109,4,2023-09-07 13:00:00+08:00,OD04,False,1.0,0.43774719715802746,0.43774719715802746,0.0,0.9995079544612597
anisotropic_band,8109,4,2023-09-07 13:00:00+08:00,OD05,False,1.0,0.4061187496814837,0.4061187496814837,0.0,0.9995079544612597
anisotropic_band,8109,4,2023-09-07 13:00:00+08:00,OD06,False,1.0,0.45027035792160863,0.45027035792160863,0.0,0.9995079544612597
anisotropic_band,8109,4,2023-09-07 13:00:00+08:00,OD07,True,0.9249436157487171,0.3427381048909018,0.3431547169601823,0.00041661206928050865,0.9995079544612597
anisotropic_band,8109,4,2023-09-07 13:00:00+08:00,OD08,False,1.0,0.456380691470802,0.456380691470802,0.0,0.9995079544612597
anisotropic_band,8109,8,2023-09-07 14:00:00+08:00,OD01,False,1.0,0.5514495475502795,0.5514495475502795,0.0,0.9926027134535322
anisotropic_band,8109,8,2023-09-07 14:00:00+08:00,OD02,False,1.0,0.368242185517374,0.368242185517374,0.0,0.9926027134535322
anisotropic_band,8109,8,2023-09-07 14:00:00+08:00,OD03,False,1.0,0.42372159961535083,0.42372159961535083,0.0,0.9926027134535322
anisotropic_band,8109,8,2023-09-07 14:00:00+08:00,OD04,False,1.0,0.4110411397977905,0.4110411397977905,0.0,0.9926027134535322
anisotropic_band,8109,8,2023-09-07 14:00:00+08:00,OD05,False,1.0,0.39166289901446266,0.39166289901446266,0.0,0.9926027134535322
anisotropic_band,8109,8,2023-09-07 14:00:00+08:00,OD06,False,1.0,0.6221481473592136,0.6221481473592136,0.0,0.9926027134535322
anisotropic_band,8109,8,2023-09-07 14:00:00+08:00,OD07,False,1.0,0.5286903544242192,0.5286903544242192,0.0,0.9926027134535322
anisotropic_band,8109,8,2023-09-07 14:00:00+08:00,OD08,False,1.0,0.5013441727828586,0.5013441727828586,0.0,0.9926027134535322
anisotropic_band,8110,4,2023-09-07 13:00:00+08:00,OD01,False,1.0,0.4117218080884513,0.4117218080884513,0.0,0.999505949244821
anisotropic_band,8110,4,2023-09-07 13:00:00+08:00,OD02,False,1.0,0.3247499861799342,0.3247499861799342,0.0,0.999505949244821
anisotropic_band,8110,4,2023-09-07 13:00:00+08:00,OD03,False,1.0,0.38373840181599855,0.38373840181599855,0.0,0.999505949244821
anisotropic_band,8110,4,2023-09-07 13:00:00+08:00,OD04,False,1.0,0.4365739664429753,0.4365739664429753,0.0,0.999505949244821
anisotropic_band,8110,4,2023-09-07 13:00:00+08:00,OD05,False,1.0,0.40833140716889565,0.40833140716889565,0.0,0.999505949244821
anisotropic_band,8110,4,2023-09-07 13:00:00+08:00,OD06,False,1.0,0.4505195848658848,0.4505195848658848,0.0,0.999505949244821
anisotropic_band,8110,4,2023-09-07 13:00:00+08:00,OD07,True,0.9249436157487171,0.3429822584503479,0.34339644711417894,0.0004141886638310277,0.999505949244821
anisotropic_band,8110,4,2023-09-07 13:00:00+08:00,OD08,False,1.0,0.4574264188673717,0.4574264188673717,0.0,0.999505949244821
anisotropic_band,8110,8,2023-09-07 14:00:00+08:00,OD01,False,1.0,0.5514930676673288,0.5514930676673288,0.0,0.9926818356549663
anisotropic_band,8110,8,2023-09-07 14:00:00+08:00,OD02,True,0.5354455583444488,0.3680280138741889,0.3749292751927641,0.006901261318575214,0.9926818356549663
anisotropic_band,8110,8,2023-09-07 14:00:00+08:00,OD03,False,1.0,0.424198590085474,0.424198590085474,0.0,0.9926818356549663
anisotropic_band,8110,8,2023-09-07 14:00:00+08:00,OD04,False,1.0,0.41141562171876117,0.41141562171876117,0.0,0.9926818356549663
anisotropic_band,8110,8,2023-09-07 14:00:00+08:00,OD05,False,1.0,0.39346495482536614,0.39346495482536614,0.0,0.9926818356549663
anisotropic_band,8110,8,2023-09-07 14:00:00+08:00,OD06,False,1.0,0.6227953715230243,0.6227953715230243,0.0,0.9926818356549663
anisotropic_band,8110,8,2023-09-07 14:00:00+08:00,OD07,False,1.0,0.527934932661169,0.527934932661169,0.0,0.9926818356549663
anisotropic_band,8110,8,2023-09-07 14:00:00+08:00,OD08,False,1.0,0.5017587549131677,0.5017587549131677,0.0,0.9926818356549663
anisotropic_band,8111,4,2023-09-07 13:00:00+08:00,OD01,False,1.0,0.41196542652222895,0.41196542652222895,0.0,0.9995017383730995
anisotropic_band,8111,4,2023-09-07 13:00:00+08:00,OD02,False,1.0,0.3247565343920787,0.3247565343920787,0.0,0.9995017383730995
anisotropic_band,8111,4,2023-09-07 13:00:00+08:00,OD03,False,1.0,0.38359176772411796,0.38359176772411796,0.0,0.9995017383730995
anisotropic_band,8111,4,2023-09-07 13:00:00+08:00,OD04,False,1.0,0.4375459461957704,0.4375459461957704,0.0,0.9995017383730995
anisotropic_band,8111,4,2023-09-07 13:00:00+08:00,OD05,False,1.0,0.40898400503646715,0.40898400503646715,0.0,0.9995017383730995
anisotropic_band,8111,4,2023-09-07 13:00:00+08:00,OD06,False,1.0,0.453446189304553,0.453446189304553,0.0,0.9995017383730995
anisotropic_band,8111,4,2023-09-07 13:00:00+08:00,OD07,True,0.9249436157487171,0.3431788310670887,0.3435926449502511,0.0004138138831624172,0.9995017383730995
anisotropic_band,8111,4,2023-09-07 13:00:00+08:00,OD08,False,1.0,0.4594281487923053,0.4594281487923053,0.0,0.9995017383730995
anisotropic_band,8111,8,2023-09-07 14:00:00+08:00,OD01,False,1.0,0.5515871523610506,0.5515871523610506,0.0,0.9926384912638931
anisotropic_band,8111,8,2023-09-07 14:00:00+08:00,OD02,False,1.0,0.3679112874718725,0.3679112874718725,0.0,0.9926384912638931
anisotropic_band,8111,8,2023-09-07 14:00:00+08:00,OD03,False,1.0,0.42499662681402955,0.42499662681402955,0.0,0.9926384912638931
anisotropic_band,8111,8,2023-09-07 14:00:00+08:00,OD04,False,1.0,0.4114346671410139,0.4114346671410139,0.0,0.9926384912638931
anisotropic_band,8111,8,2023-09-07 14:00:00+08:00,OD05,False,1.0,0.3937636243258092,0.3937636243258092,0.0,0.9926384912638931
anisotropic_band,8111,8,2023-09-07 14:00:00+08:00,OD06,False,1.0,0.6251865415996342,0.6251865415996342,0.0,0.9926384912638931
anisotropic_band,8111,8,2023-09-07 14:00:00+08:00,OD07,False,1.0,0.528290012073694,0.528290012073694,0.0,0.9926384912638931
anisotropic_band,8111,8,2023-09-07 14:00:00+08:00,OD08,False,1.0,0.5023178324369482,0.5023178324369482,0.0,0.9926384912638931
anisotropic_band,8112,4,2023-09-07 13:00:00+08:00,OD01,False,1.0,0.4100133395999435,0.4100133395999435,0.0,0.9995008801321876
anisotropic_band,8112,4,2023-09-07 13:00:00+08:00,OD02,False,1.0,0.3247841200472552,0.3247841200472552,0.0,0.9995008801321876
anisotropic_band,8112,4,2023-09-07 13:00:00+08:00,OD03,False,1.0,0.3822205805729609,0.3822205805729609,0.0,0.9995008801321876
anisotropic_band,8112,4,2023-09-07 13:00:00+08:00,OD04,False,1.0,0.4369440119525222,0.4369440119525222,0.0,0.9995008801321876
anisotropic_band,8112,4,2023-09-07 13:00:00+08:00,OD05,False,1.0,0.40671856884764046,0.40671856884764046,0.0,0.9995008801321876
anisotropic_band,8112,4,2023-09-07 13:00:00+08:00,OD06,False,1.0,0.4482766793210292,0.4482766793210292,0.0,0.9995008801321876
anisotropic_band,8112,4,2023-09-07 13:00:00+08:00,OD07,True,0.9249436157487171,0.34255822298793204,0.34297537078432094,0.00041714779638890587,0.9995008801321876
anisotropic_band,8112,4,2023-09-07 13:00:00+08:00,OD08,True,0.20818411212739546,0.42739996293100185,0.45730835463533825,0.0299083917043364,0.9995008801321876
anisotropic_band,8112,8,2023-09-07 14:00:00+08:00,OD01,False,1.0,0.5513024440287332,0.5513024440287332,0.0,0.9926961576359381
anisotropic_band,8112,8,2023-09-07 14:00:00+08:00,OD02,True,0.5354455583444488,0.36803014405794987,0.374921766358146,0.006891622300196132,0.9926961576359381
anisotropic_band,8112,8,2023-09-07 14:00:00+08:00,OD03,False,1.0,0.4232526016428194,0.4232526016428194,0.0,0.9926961576359381
anisotropic_band,8112,8,2023-09-07 14:00:00+08:00,OD04,False,1.0,0.4109286556951156,0.4109286556951156,0.0,0.9926961576359381
anisotropic_band,8112,8,2023-09-07 14:00:00+08:00,OD05,False,1.0,0.39268516506282947,0.39268516506282947,0.0,0.9926961576359381
anisotropic_band,8112,8,2023-09-07 14:00:00+08:00,OD06,False,1.0,0.6194890554892051,0.6194890554892051,0.0,0.9926961576359381
anisotropic_band,8112,8,2023-09-07 14:00:00+08:00,OD07,False,1.0,0.5303134282828899,0.5303134282828899,0.0,0.9926961576359381
anisotropic_band,8112,8,2023-09-07 14:00:00+08:00,OD08,False,1.0,0.5015193122800868,0.5015193122800868,0.0,0.9926961576359381
dual_center,8101,4,2023-09-07 13:00:00+08:00,OD01,True,0.9298119073156934,0.43997172122396994,0.4415270352279275,0.0015553140039575863,0.9996626856280658
dual_center,8101,4,2023-09-07 13:00:00+08:00,OD02,False,1.0,0.4682736813806895,0.4682736813806895,0.0,0.9996626856280658
dual_center,8101,4,2023-09-07 13:00:00+08:00,OD03,False,1.0,0.35726068751225454,0.35726068751225454,0.0,0.9996626856280658
dual_center,8101,4,2023-09-07 13:00:00+08:00,OD04,False,1.0,0.38017600237276733,0.38017600237276733,0.0,0.9996626856280658
dual_center,8101,4,2023-09-07 13:00:00+08:00,OD05,False,1.0,0.3254954066176102,0.3254954066176102,0.0,0.9996626856280658
dual_center,8101,4,2023-09-07 13:00:00+08:00,OD06,False,1.0,0.37348216298060594,0.37348216298060594,0.0,0.9996626856280658
dual_center,8101,4,2023-09-07 13:00:00+08:00,OD07,True,0.9778095409617679,0.4076155396875051,0.40797758139025536,0.000362041702750282,0.9996626856280658
dual_center,8101,4,2023-09-07 13:00:00+08:00,OD08,False,1.0,0.36865026653365923,0.36865026653365923,0.0,0.9996626856280658
dual_center,8101,8,2023-09-07 14:00:00+08:00,OD01,False,1.0,0.6262706719446391,0.6262706719446391,0.0,0.9991940029821553
dual_center,8101,8,2023-09-07 14:00:00+08:00,OD02,False,1.0,0.6603491871346573,0.6603491871346573,0.0,0.9991940029821553
dual_center,8101,8,2023-09-07 14:00:00+08:00,OD03,False,1.0,0.4268302419890514,0.4268302419890514,0.0,0.9991940029821553
dual_center,8101,8,2023-09-07 14:00:00+08:00,OD04,False,1.0,0.4173506394545119,0.4173506394545119,0.0,0.9991940029821553
dual_center,8101,8,2023-09-07 14:00:00+08:00,OD05,False,1.0,0.3963320064884879,0.3963320064884879,0.0,0.9991940029821553
dual_center,8101,8,2023-09-07 14:00:00+08:00,OD06,False,1.0,0.44268026769227437,0.44268026769227437,0.0,0.9991940029821553
dual_center,8101,8,2023-09-07 14:00:00+08:00,OD07,False,1.0,0.5507720894812985,0.5507720894812985,0.0,0.9991940029821553
dual_center,8101,8,2023-09-07 14:00:00+08:00,OD08,False,1.0,0.44991753502230714,0.44991753502230714,0.0,0.9991940029821553
dual_center,8102,4,2023-09-07 13:00:00+08:00,OD01,True,0.9298119073156934,0.43957886124074785,0.4411273321597177,0.0015484709189698687,0.9996715042146164
dual_center,8102,4,2023-09-07 13:00:00+08:00,OD02,False,1.0,0.4707841060714933,0.4707841060714933,0.0,0.9996715042146164
dual_center,8102,4,2023-09-07 13:00:00+08:00,OD03,False,1.0,0.35746723635251115,0.35746723635251115,0.0,0.9996715042146164
dual_center,8102,4,2023-09-07 13:00:00+08:00,OD04,False,1.0,0.3806263182912026,0.3806263182912026,0.0,0.9996715042146164
dual_center,8102,4,2023-09-07 13:00:00+08:00,OD05,False,1.0,0.3262025458856568,0.3262025458856568,0.0,0.9996715042146164
dual_center,8102,4,2023-09-07 13:00:00+08:00,OD06,False,1.0,0.3735301173263756,0.3735301173263756,0.0,0.9996715042146164
dual_center,8102,4,2023-09-07 13:00:00+08:00,OD07,True,0.9778095409617679,0.4078713763271697,0.4082350331753451,0.0003636568481754088,0.9996715042146164
dual_center,8102,4,2023-09-07 13:00:00+08:00,OD08,False,1.0,0.367606598390191,0.367606598390191,0.0,0.9996715042146164
dual_center,8102,8,2023-09-07 14:00:00+08:00,OD01,False,1.0,0.626140018904332,0.626140018904332,0.0,0.9992129015327399
dual_center,8102,8,2023-09-07 14:00:00+08:00,OD02,False,1.0,0.660692438134108,0.660692438134108,0.0,0.9992129015327399
dual_center,8102,8,2023-09-07 14:00:00+08:00,OD03,False,1.0,0.4277699949037016,0.4277699949037016,0.0,0.9992129015327399
dual_center,8102,8,2023-09-07 14:00:00+08:00,OD04,False,1.0,0.4186625613645306,0.4186625613645306,0.0,0.9992129015327399
dual_center,8102,8,2023-09-07 14:00:00+08:00,OD05,False,1.0,0.39735060486707274,0.39735060486707274,0.0,0.9992129015327399
dual_center,8102,8,2023-09-07 14:00:00+08:00,OD06,False,1.0,0.44264449765374,0.44264449765374,0.0,0.9992129015327399
dual_center,8102,8,2023-09-07 14:00:00+08:00,OD07,False,1.0,0.5522807557545408,0.5522807557545408,0.0,0.9992129015327399
dual_center,8102,8,2023-09-07 14:00:00+08:00,OD08,True,0.74001629518561,0.44591862867009047,0.448389295460524,0.0024706667904335067,0.9992129015327399
dual_center,8103,4,2023-09-07 13:00:00+08:00,OD01,True,0.9298119073156934,0.44333069538228115,0.4448800512104115,0.001549355828130372,0.999659652419068
dual_center,8103,4,2023-09-07 13:00:00+08:00,OD02,False,1.0,0.4746595923466208,0.4746595923466208,0.0,0.999659652419068
dual_center,8103,4,2023-09-07 13:00:00+08:00,OD03,False,1.0,0.35732725662660286,0.35732725662660286,0.0,0.999659652419068
dual_center,8103,4,2023-09-07 13:00:00+08:00,OD04,False,1.0,0.3804601294567942,0.3804601294567942,0.0,0.999659652419068
dual_center,8103,4,2023-09-07 13:00:00+08:00,OD05,False,1.0,0.3261202467879685,0.3261202467879685,0.0,0.999659652419068
dual_center,8103,4,2023-09-07 13:00:00+08:00,OD06,False,1.0,0.3732325829360387,0.3732325829360387,0.0,0.999659652419068
dual_center,8103,4,2023-09-07 13:00:00+08:00,OD07,True,0.9778095409617679,0.4062483168304574,0.40661354974850844,0.0003652329180510172,0.999659652419068
dual_center,8103,4,2023-09-07 13:00:00+08:00,OD08,False,1.0,0.3672171026555993,0.3672171026555993,0.0,0.999659652419068
dual_center,8103,8,2023-09-07 14:00:00+08:00,OD01,False,1.0,0.6267634479000785,0.6267634479000785,0.0,0.9991790778443727
dual_center,8103,8,2023-09-07 14:00:00+08:00,OD02,False,1.0,0.666870387827133,0.666870387827133,0.0,0.9991790778443727
dual_center,8103,8,2023-09-07 14:00:00+08:00,OD03,False,1.0,0.42682263146090643,0.42682263146090643,0.0,0.9991790778443727
dual_center,8103,8,2023-09-07 14:00:00+08:00,OD04,False,1.0,0.41821969367637324,0.41821969367637324,0.0,0.9991790778443727
dual_center,8103,8,2023-09-07 14:00:00+08:00,OD05,False,1.0,0.3977253899359612,0.3977253899359612,0.0,0.9991790778443727
dual_center,8103,8,2023-09-07 14:00:00+08:00,OD06,False,1.0,0.44192065008722287,0.44192065008722287,0.0,0.9991790778443727
dual_center,8103,8,2023-09-07 14:00:00+08:00,OD07,False,1.0,0.5491601917146611,0.5491601917146611,0.0,0.9991790778443727
dual_center,8103,8,2023-09-07 14:00:00+08:00,OD08,True,0.74001629518561,0.44453554102958853,0.4471237189055622,0.002588177875973652,0.9991790778443727
dual_center,8104,4,2023-09-07 13:00:00+08:00,OD01,True,0.9298119073156934,0.4406862654376715,0.44223603254457144,0.0015497671068999685,0.9996617786095809
dual_center,8104,4,2023-09-07 13:00:00+08:00,OD02,False,1.0,0.46872458658700594,0.46872458658700594,0.0,0.9996617786095809
dual_center,8104,4,2023-09-07 13:00:00+08:00,OD03,False,1.0,0.3568717002711234,0.3568717002711234,0.0,0.9996617786095809
dual_center,8104,4,2023-09-07 13:00:00+08:00,OD04,False,1.0,0.38038731088457056,0.38038731088457056,0.0,0.9996617786095809
dual_center,8104,4,2023-09-07 13:00:00+08:00,OD05,False,1.0,0.3257655273399531,0.3257655273399531,0.0,0.9996617786095809
dual_center,8104,4,2023-09-07 13:00:00+08:00,OD06,False,1.0,0.3732121568682786,0.3732121568682786,0.0,0.9996617786095809
dual_center,8104,4,2023-09-07 13:00:00+08:00,OD07,True,0.9778095409617679,0.40601639782330023,0.4063810524714122,0.0003646546481119728,0.9996617786095809
dual_center,8104,4,2023-09-07 13:00:00+08:00,OD08,False,1.0,0.3670467981221311,0.3670467981221311,0.0,0.9996617786095809
dual_center,8104,8,2023-09-07 14:00:00+08:00,OD01,False,1.0,0.6234441746823166,0.6234441746823166,0.0,0.9991818843762986
dual_center,8104,8,2023-09-07 14:00:00+08:00,OD02,False,1.0,0.6649408833789101,0.6649408833789101,0.0,0.9991818843762986
dual_center,8104,8,2023-09-07 14:00:00+08:00,OD03,False,1.0,0.42557801727373545,0.42557801727373545,0.0,0.9991818843762986
dual_center,8104,8,2023-09-07 14:00:00+08:00,OD04,False,1.0,0.4178144637082042,0.4178144637082042,0.0,0.9991818843762986
dual_center,8104,8,2023-09-07 14:00:00+08:00,OD05,False,1.0,0.3965900527385754,0.3965900527385754,0.0,0.9991818843762986
dual_center,8104,8,2023-09-07 14:00:00+08:00,OD06,False,1.0,0.44163406085456147,0.44163406085456147,0.0,0.9991818843762986
dual_center,8104,8,2023-09-07 14:00:00+08:00,OD07,False,1.0,0.5511433393088722,0.5511433393088722,0.0,0.9991818843762986
dual_center,8104,8,2023-09-07 14:00:00+08:00,OD08,True,0.74001629518561,0.44425910944301367,0.4468459556801086,0.0025868462370949308,0.9991818843762986
dual_center,8105,4,2023-09-07 13:00:00+08:00,OD01,True,0.9298119073156934,0.4432355352018036,0.4447861390088753,0.0015506038070717265,0.9996655068926292
dual_center,8105,4,2023-09-07 13:00:00+08:00,OD02,False,1.0,0.4719579845059891,0.4719579845059891,0.0,0.9996655068926292
dual_center,8105,4,2023-09-07 13:00:00+08:00,OD03,False,1.0,0.35735226466549924,0.35735226466549924,0.0,0.9996655068926292
dual_center,8105,4,2023-09-07 13:00:00+08:00,OD04,False,1.0,0.3804606619933474,0.3804606619933474,0.0,0.9996655068926292
dual_center,8105,4,2023-09-07 13:00:00+08:00,OD05,False,1.0,0.3250377642528864,0.3250377642528864,0.0,0.9996655068926292
dual_center,8105,4,2023-09-07 13:00:00+08:00,OD06,False,1.0,0.3729095713866501,0.3729095713866501,0.0,0.9996655068926292
dual_center,8105,4,2023-09-07 13:00:00+08:00,OD07,True,0.9778095409617679,0.40738911113796744,0.4077522374549806,0.0003631263170131849,0.9996655068926292
dual_center,8105,4,2023-09-07 13:00:00+08:00,OD08,False,1.0,0.3676276089123768,0.3676276089123768,0.0,0.9996655068926292
dual_center,8105,8,2023-09-07 14:00:00+08:00,OD01,False,1.0,0.6262792791643441,0.6262792791643441,0.0,0.9991781124887897
dual_center,8105,8,2023-09-07 14:00:00+08:00,OD02,False,1.0,0.6622036093872016,0.6622036093872016,0.0,0.9991781124887897
dual_center,8105,8,2023-09-07 14:00:00+08:00,OD03,False,1.0,0.4199385141520656,0.4199385141520656,0.0,0.9991781124887897
dual_center,8105,8,2023-09-07 14:00:00+08:00,OD04,False,1.0,0.41800250122989807,0.41800250122989807,0.0,0.9991781124887897
dual_center,8105,8,2023-09-07 14:00:00+08:00,OD05,False,1.0,0.394728493507392,0.394728493507392,0.0,0.9991781124887897
dual_center,8105,8,2023-09-07 14:00:00+08:00,OD06,False,1.0,0.4405515095255334,0.4405515095255334,0.0,0.9991781124887897
dual_center,8105,8,2023-09-07 14:00:00+08:00,OD07,False,1.0,0.5518956736244954,0.5518956736244954,0.0,0.9991781124887897
dual_center,8105,8,2023-09-07 14:00:00+08:00,OD08,True,0.5754124265305961,0.4444282506430239,0.4484001398245965,0.0039718891815725965,0.9991781124887897
dual_center,8106,4,2023-09-07 13:00:00+08:00,OD01,True,0.9298119073156934,0.43842601206853454,0.43995411705048243,0.0015281049819478865,0.9996566078990239
dual_center,8106,4,2023-09-07 13:00:00+08:00,OD02,False,1.0,0.47537543997440973,0.47537543997440973,0.0,0.9996566078990239
dual_center,8106,4,2023-09-07 13:00:00+08:00,OD03,False,1.0,0.35682150252853323,0.35682150252853323,0.0,0.9996566078990239
dual_center,8106,4,2023-09-07 13:00:00+08:00,OD04,False,1.0,0.3799186871699496,0.3799186871699496,0.0,0.9996566078990239
dual_center,8106,4,2023-09-07 13:00:00+08:00,OD05,False,1.0,0.325888415994418,0.325888415994418,0.0,0.9996566078990239
dual_center,8106,4,2023-09-07 13:00:00+08:00,OD06,False,1.0,0.3734462115788498,0.3734462115788498,0.0,0.9996566078990239
dual_center,8106,4,2023-09-07 13:00:00+08:00,OD07,True,0.9778095409617679,0.4069866924368453,0.40735288286282595,0.0003661904259806281,0.9996566078990239
dual_center,8106,4,2023-09-07 13:00:00+08:00,OD08,False,1.0,0.3678812649568306,0.3678812649568306,0.0,0.9996566078990239
dual_center,8106,8,2023-09-07 14:00:00+08:00,OD01,False,1.0,0.6242000091486657,0.6242000091486657,0.0,0.9991860808655575
dual_center,8106,8,2023-09-07 14:00:00+08:00,OD02,False,1.0,0.663481401358468,0.663481401358468,0.0,0.9991860808655575
dual_center,8106,8,2023-09-07 14:00:00+08:00,OD03,False,1.0,0.42539076334779424,0.42539076334779424,0.0,0.9991860808655575
dual_center,8106,8,2023-09-07 14:00:00+08:00,OD04,False,1.0,0.4164899898043578,0.4164899898043578,0.0,0.9991860808655575
dual_center,8106,8,2023-09-07 14:00:00+08:00,OD05,False,1.0,0.3966640352986716,0.3966640352986716,0.0,0.9991860808655575
dual_center,8106,8,2023-09-07 14:00:00+08:00,OD06,False,1.0,0.4424355244025582,0.4424355244025582,0.0,0.9991860808655575
dual_center,8106,8,2023-09-07 14:00:00+08:00,OD07,False,1.0,0.5500684847735847,0.5500684847735847,0.0,0.9991860808655575
dual_center,8106,8,2023-09-07 14:00:00+08:00,OD08,False,1.0,0.44867689071335665,0.44867689071335665,0.0,0.9991860808655575
dual_center,8107,4,2023-09-07 13:00:00+08:00,OD01,False,1.0,0.43944651724523975,0.43944651724523975,0.0,0.9996633706368077
dual_center,8107,4,2023-09-07 13:00:00+08:00,OD02,False,1.0,0.46932737243733313,0.46932737243733313,0.0,0.9996633706368077
dual_center,8107,4,2023-09-07 13:00:00+08:00,OD03,False,1.0,0.3568078508216538,0.3568078508216538,0.0,0.9996633706368077
dual_center,8107,4,2023-09-07 13:00:00+08:00,OD04,False,1.0,0.38006065993328286,0.38006065993328286,0.0,0.9996633706368077
dual_center,8107,4,2023-09-07 13:00:00+08:00,OD05,False,1.0,0.3260255962603435,0.3260255962603435,0.0,0.9996633706368077
dual_center,8107,4,2023-09-07 13:00:00+08:00,OD06,False,1.0,0.3727636050112827,0.3727636050112827,0.0,0.9996633706368077
dual_center,8107,4,2023-09-07 13:00:00+08:00,OD07,True,0.9778095409617679,0.40693202908306536,0.40729726795131155,0.0003652388682461871,0.9996633706368077
dual_center,8107,4,2023-09-07 13:00:00+08:00,OD08,False,1.0,0.36719784231609365,0.36719784231609365,0.0,0.9996633706368077
dual_center,8107,8,2023-09-07 14:00:00+08:00,OD01,False,1.0,0.623984332417706,0.623984332417706,0.0,0.9991844713742245
dual_center,8107,8,2023-09-07 14:00:00+08:00,OD02,False,1.0,0.6658611236726685,0.6658611236726685,0.0,0.9991844713742245
dual_center,8107,8,2023-09-07 14:00:00+08:00,OD03,False,1.0,0.42518522073528286,0.42518522073528286,0.0,0.9991844713742245
dual_center,8107,8,2023-09-07 14:00:00+08:00,OD04,False,1.0,0.416906673349599,0.416906673349599,0.0,0.9991844713742245
dual_center,8107,8,2023-09-07 14:00:00+08:00,OD05,False,1.0,0.3973145528380415,0.3973145528380415,0.0,0.9991844713742245
dual_center,8107,8,2023-09-07 14:00:00+08:00,OD06,False,1.0,0.44040185999630566,0.44040185999630566,0.0,0.9991844713742245
dual_center,8107,8,2023-09-07 14:00:00+08:00,OD07,False,1.0,0.5528150062761442,0.5528150062761442,0.0,0.9991844713742245
dual_center,8107,8,2023-09-07 14:00:00+08:00,OD08,True,0.74001629518561,0.44464615930085816,0.4469808407903919,0.002334681489533752,0.9991844713742245
dual_center,8108,4,2023-09-07 13:00:00+08:00,OD01,True,0.9298119073156934,0.444135737788265,0.44568121777906916,0.0015454799908041772,0.9996672937077722
dual_center,8108,4,2023-09-07 13:00:00+08:00,OD02,False,1.0,0.47034196229307434,0.47034196229307434,0.0,0.9996672937077722
dual_center,8108,4,2023-09-07 13:00:00+08:00,OD03,False,1.0,0.357374062758498,0.357374062758498,0.0,0.9996672937077722
dual_center,8108,4,2023-09-07 13:00:00+08:00,OD04,False,1.0,0.38019168073339393,0.38019168073339393,0.0,0.9996672937077722
dual_center,8108,4,2023-09-07 13:00:00+08:00,OD05,False,1.0,0.32582652334110884,0.32582652334110884,0.0,0.9996672937077722
dual_center,8108,4,2023-09-07 13:00:00+08:00,OD06,False,1.0,0.3725854644783149,0.3725854644783149,0.0,0.9996672937077722
dual_center,8108,4,2023-09-07 13:00:00+08:00,OD07,True,0.9778095409617679,0.40514957088009246,0.40551786558756475,0.0003682947074722942,0.9996672937077722
dual_center,8108,4,2023-09-07 13:00:00+08:00,OD08,False,1.0,0.36770218081655187,0.36770218081655187,0.0,0.9996672937077722
dual_center,8108,8,2023-09-07 14:00:00+08:00,OD01,False,1.0,0.6267550547506469,0.6267550547506469,0.0,0.999193086038373
dual_center,8108,8,2023-09-07 14:00:00+08:00,OD02,False,1.0,0.6604898951391555,0.6604898951391555,0.0,0.999193086038373
dual_center,8108,8,2023-09-07 14:00:00+08:00,OD03,False,1.0,0.42695421933054867,0.42695421933054867,0.0,0.999193086038373
dual_center,8108,8,2023-09-07 14:00:00+08:00,OD04,False,1.0,0.41744590021707767,0.41744590021707767,0.0,0.999193086038373
dual_center,8108,8,2023-09-07 14:00:00+08:00,OD05,False,1.0,0.39685440377825687,0.39685440377825687,0.0,0.999193086038373
dual_center,8108,8,2023-09-07 14:00:00+08:00,OD06,False,1.0,0.43977189136028894,0.43977189136028894,0.0,0.999193086038373
dual_center,8108,8,2023-09-07 14:00:00+08:00,OD07,False,1.0,0.5520866268659056,0.5520866268659056,0.0,0.999193086038373
dual_center,8108,8,2023-09-07 14:00:00+08:00,OD08,True,0.74001629518561,0.44616650481610665,0.44860119927985254,0.00243469446374589,0.999193086038373
dual_center,8109,4,2023-09-07 13:00:00+08:00,OD01,True,0.9298119073156934,0.4397327453901014,0.4412747462752947,0.0015420008851933509,0.9996621955270552
dual_center,8109,4,2023-09-07 13:00:00+08:00,OD02,False,1.0,0.47155581517772366,0.47155581517772366,0.0,0.9996621955270552
dual_center,8109,4,2023-09-07 13:00:00+08:00,OD03,False,1.0,0.35710287597848117,0.35710287597848117,0.0,0.9996621955270552
dual_center,8109,4,2023-09-07 13:00:00+08:00,OD04,False,1.0,0.380281135578339,0.380281135578339,0.0,0.9996621955270552
dual_center,8109,4,2023-09-07 13:00:00+08:00,OD05,False,1.0,0.32561653729439266,0.32561653729439266,0.0,0.9996621955270552
dual_center,8109,4,2023-09-07 13:00:00+08:00,OD06,False,1.0,0.37285808411029714,0.37285808411029714,0.0,0.9996621955270552
dual_center,8109,4,2023-09-07 13:00:00+08:00,OD07,True,0.9778095409617679,0.4059961882633413,0.4063650239889084,0.0003688357255671182,0.9996621955270552
dual_center,8109,4,2023-09-07 13:00:00+08:00,OD08,False,1.0,0.36815432983093954,0.36815432983093954,0.0,0.9996621955270552
dual_center,8109,8,2023-09-07 14:00:00+08:00,OD01,False,1.0,0.6253922760824454,0.6253922760824454,0.0,0.9991825649175694
dual_center,8109,8,2023-09-07 14:00:00+08:00,OD02,False,1.0,0.6631892924590599,0.6631892924590599,0.0,0.9991825649175694
dual_center,8109,8,2023-09-07 14:00:00+08:00,OD03,False,1.0,0.4264937558218279,0.4264937558218279,0.0,0.9991825649175694
dual_center,8109,8,2023-09-07 14:00:00+08:00,OD04,False,1.0,0.4174940065813127,0.4174940065813127,0.0,0.9991825649175694
dual_center,8109,8,2023-09-07 14:00:00+08:00,OD05,False,1.0,0.3968463988608273,0.3968463988608273,0.0,0.9991825649175694
dual_center,8109,8,2023-09-07 14:00:00+08:00,OD06,False,1.0,0.44067075478317724,0.44067075478317724,0.0,0.9991825649175694
dual_center,8109,8,2023-09-07 14:00:00+08:00,OD07,False,1.0,0.5502711332249881,0.5502711332249881,0.0,0.9991825649175694
dual_center,8109,8,2023-09-07 14:00:00+08:00,OD08,False,1.0,0.4489883333404066,0.4489883333404066,0.0,0.9991825649175694
dual_center,8110,4,2023-09-07 13:00:00+08:00,OD01,True,0.9298119073156934,0.44227809994004386,0.44383198462177226,0.0015538846817284013,0.9996618989984934
dual_center,8110,4,2023-09-07 13:00:00+08:00,OD02,False,1.0,0.4702429173834275,0.4702429173834275,0.0,0.9996618989984934
dual_center,8110,4,2023-09-07 13:00:00+08:00,OD03,False,1.0,0.35750738617682853,0.35750738617682853,0.0,0.9996618989984934
dual_center,8110,4,2023-09-07 13:00:00+08:00,OD04,False,1.0,0.3804068254983477,0.3804068254983477,0.0,0.9996618989984934
dual_center,8110,4,2023-09-07 13:00:00+08:00,OD05,False,1.0,0.3253615938537203,0.3253615938537203,0.0,0.9996618989984934
dual_center,8110,4,2023-09-07 13:00:00+08:00,OD06,False,1.0,0.373099512254299,0.373099512254299,0.0,0.9996618989984934
dual_center,8110,4,2023-09-07 13:00:00+08:00,OD07,True,0.9778095409617679,0.40515936193509094,0.40552759889521584,0.00036823696012489027,0.9996618989984934
dual_center,8110,4,2023-09-07 13:00:00+08:00,OD08,False,1.0,0.36698851123913206,0.36698851123913206,0.0,0.9996618989984934
dual_center,8110,8,2023-09-07 14:00:00+08:00,OD01,False,1.0,0.6258724508361836,0.6258724508361836,0.0,0.9991748416595424
dual_center,8110,8,2023-09-07 14:00:00+08:00,OD02,False,1.0,0.6629061998814786,0.6629061998814786,0.0,0.9991748416595424
dual_center,8110,8,2023-09-07 14:00:00+08:00,OD03,True,0.8837386790780437,0.4241892871795838,0.42727222506698687,0.0030829378874030477,0.9991748416595424
dual_center,8110,8,2023-09-07 14:00:00+08:00,OD04,False,1.0,0.4178996409333418,0.4178996409333418,0.0,0.9991748416595424
dual_center,8110,8,2023-09-07 14:00:00+08:00,OD05,False,1.0,0.395780776689565,0.395780776689565,0.0,0.9991748416595424
dual_center,8110,8,2023-09-07 14:00:00+08:00,OD06,False,1.0,0.4412319934233068,0.4412319934233068,0.0,0.9991748416595424
dual_center,8110,8,2023-09-07 14:00:00+08:00,OD07,False,1.0,0.5500784884876538,0.5500784884876538,0.0,0.9991748416595424
dual_center,8110,8,2023-09-07 14:00:00+08:00,OD08,False,1.0,0.4440720582110206,0.4440720582110206,0.0,0.9991748416595424
dual_center,8111,4,2023-09-07 13:00:00+08:00,OD01,True,0.9298119073156934,0.43841929898397347,0.43997259140808376,0.0015532924241102863,0.9996582780938901
dual_center,8111,4,2023-09-07 13:00:00+08:00,OD02,False,1.0,0.4702390224368842,0.4702390224368842,0.0,0.9996582780938901
dual_center,8111,4,2023-09-07 13:00:00+08:00,OD03,False,1.0,0.357331595326238,0.357331595326238,0.0,0.9996582780938901
dual_center,8111,4,2023-09-07 13:00:00+08:00,OD04,False,1.0,0.3803292325014294,0.3803292325014294,0.0,0.9996582780938901
dual_center,8111,4,2023-09-07 13:00:00+08:00,OD05,False,1.0,0.3261212755496317,0.3261212755496317,0.0,0.9996582780938901
dual_center,8111,4,2023-09-07 13:00:00+08:00,OD06,False,1.0,0.37370418936081085,0.37370418936081085,0.0,0.9996582780938901
dual_center,8111,4,2023-09-07 13:00:00+08:00,OD07,True,0.9778095409617679,0.4066393164256642,0.4070020263706156,0.0003627099449514115,0.9996582780938901
dual_center,8111,4,2023-09-07 13:00:00+08:00,OD08,False,1.0,0.36757210644032134,0.36757210644032134,0.0,0.9996582780938901
dual_center,8111,8,2023-09-07 14:00:00+08:00,OD01,False,1.0,0.6260560669033719,0.6260560669033719,0.0,0.9991777063767344
dual_center,8111,8,2023-09-07 14:00:00+08:00,OD02,False,1.0,0.6659871829363607,0.6659871829363607,0.0,0.9991777063767344
dual_center,8111,8,2023-09-07 14:00:00+08:00,OD03,False,1.0,0.42033781308578905,0.42033781308578905,0.0,0.9991777063767344
dual_center,8111,8,2023-09-07 14:00:00+08:00,OD04,False,1.0,0.4178346271495763,0.4178346271495763,0.0,0.9991777063767344
dual_center,8111,8,2023-09-07 14:00:00+08:00,OD05,False,1.0,0.39758726497658914,0.39758726497658914,0.0,0.9991777063767344
dual_center,8111,8,2023-09-07 14:00:00+08:00,OD06,False,1.0,0.4433129048990933,0.4433129048990933,0.0,0.9991777063767344
dual_center,8111,8,2023-09-07 14:00:00+08:00,OD07,False,1.0,0.5522878603322317,0.5522878603322317,0.0,0.9991777063767344
dual_center,8111,8,2023-09-07 14:00:00+08:00,OD08,False,1.0,0.4461386273050292,0.4461386273050292,0.0,0.9991777063767344
dual_center,8112,4,2023-09-07 13:00:00+08:00,OD01,True,0.9298119073156934,0.4398756051590335,0.44141107283309666,0.0015354676740631512,0.9996650547044398
dual_center,8112,4,2023-09-07 13:00:00+08:00,OD02,False,1.0,0.4697554416608437,0.4697554416608437,0.0,0.9996650547044398
dual_center,8112,4,2023-09-07 13:00:00+08:00,OD03,False,1.0,0.35750768348759027,0.35750768348759027,0.0,0.9996650547044398
dual_center,8112,4,2023-09-07 13:00:00+08:00,OD04,False,1.0,0.3807268757192757,0.3807268757192757,0.0,0.9996650547044398
dual_center,8112,4,2023-09-07 13:00:00+08:00,OD05,False,1.0,0.325692681328324,0.325692681328324,0.0,0.9996650547044398
dual_center,8112,4,2023-09-07 13:00:00+08:00,OD06,False,1.0,0.3723039537003205,0.3723039537003205,0.0,0.9996650547044398
dual_center,8112,4,2023-09-07 13:00:00+08:00,OD07,True,0.9778095409617679,0.4080777937498566,0.40843730815999285,0.0003595144101362635,0.9996650547044398
dual_center,8112,4,2023-09-07 13:00:00+08:00,OD08,False,1.0,0.3673618517007655,0.3673618517007655,0.0,0.9996650547044398
dual_center,8112,8,2023-09-07 14:00:00+08:00,OD01,False,1.0,0.6232027247248627,0.6232027247248627,0.0,0.999175134762987
dual_center,8112,8,2023-09-07 14:00:00+08:00,OD02,False,1.0,0.661993163754675,0.661993163754675,0.0,0.999175134762987
dual_center,8112,8,2023-09-07 14:00:00+08:00,OD03,False,1.0,0.42724413349118884,0.42724413349118884,0.0,0.999175134762987
dual_center,8112,8,2023-09-07 14:00:00+08:00,OD04,False,1.0,0.4187533073611504,0.4187533073611504,0.0,0.999175134762987
dual_center,8112,8,2023-09-07 14:00:00+08:00,OD05,False,1.0,0.39613512399762485,0.39613512399762485,0.0,0.999175134762987
dual_center,8112,8,2023-09-07 14:00:00+08:00,OD06,False,1.0,0.43891522301886576,0.43891522301886576,0.0,0.999175134762987
dual_center,8112,8,2023-09-07 14:00:00+08:00,OD07,False,1.0,0.5516229999798676,0.5516229999798676,0.0,0.999175134762987
dual_center,8112,8,2023-09-07 14:00:00+08:00,OD08,True,0.785095787738424,0.44385222727907947,0.4454360578537178,0.0015838305746383452,0.999175134762987
moving_center,8101,4,2023-09-07 13:00:00+08:00,OD01,False,1.0,0.3715628114937018,0.3715628114937018,0.0,0.9990161133892458
moving_center,8101,4,2023-09-07 13:00:00+08:00,OD02,False,1.0,0.3262364564243339,0.3262364564243339,0.0,0.9990161133892458
moving_center,8101,4,2023-09-07 13:00:00+08:00,OD03,False,1.0,0.3695387037710798,0.3695387037710798,0.0,0.9990161133892458
moving_center,8101,4,2023-09-07 13:00:00+08:00,OD04,False,1.0,0.3860930129691932,0.3860930129691932,0.0,0.9990161133892458
moving_center,8101,4,2023-09-07 13:00:00+08:00,OD05,False,1.0,0.3808375610559432,0.3808375610559432,0.0,0.9990161133892458
moving_center,8101,4,2023-09-07 13:00:00+08:00,OD06,False,1.0,0.4579625572383519,0.4579625572383519,0.0,0.9990161133892458
moving_center,8101,4,2023-09-07 13:00:00+08:00,OD07,True,0.44079992760284614,0.3869682032010326,0.410435851226361,0.023467648025328414,0.9990161133892458
moving_center,8101,4,2023-09-07 13:00:00+08:00,OD08,False,1.0,0.4267054552712862,0.4267054552712862,0.0,0.9990161133892458
moving_center,8101,8,2023-09-07 14:00:00+08:00,OD01,False,1.0,0.3679737045112909,0.3679737045112909,0.0,0.9736511148106196
moving_center,8101,8,2023-09-07 14:00:00+08:00,OD02,False,1.0,0.3728825411717158,0.3728825411717158,0.0,0.9736511148106196
moving_center,8101,8,2023-09-07 14:00:00+08:00,OD03,False,1.0,0.3354989841574517,0.3354989841574517,0.0,0.9736511148106196
moving_center,8101,8,2023-09-07 14:00:00+08:00,OD04,False,1.0,0.37344961959801304,0.37344961959801304,0.0,0.9736511148106196
moving_center,8101,8,2023-09-07 14:00:00+08:00,OD05,False,1.0,0.3817973025135504,0.3817973025135504,0.0,0.9736511148106196
moving_center,8101,8,2023-09-07 14:00:00+08:00,OD06,False,1.0,0.40488427965771,0.40488427965771,0.0,0.9736511148106196
moving_center,8101,8,2023-09-07 14:00:00+08:00,OD07,False,1.0,0.3475405618333873,0.3475405618333873,0.0,0.9736511148106196
moving_center,8101,8,2023-09-07 14:00:00+08:00,OD08,False,1.0,0.36326560552160875,0.36326560552160875,0.0,0.9736511148106196
moving_center,8102,4,2023-09-07 13:00:00+08:00,OD01,False,1.0,0.3717919819870157,0.3717919819870157,0.0,0.9990300600310074
moving_center,8102,4,2023-09-07 13:00:00+08:00,OD02,False,1.0,0.32631579212791473,0.32631579212791473,0.0,0.9990300600310074
moving_center,8102,4,2023-09-07 13:00:00+08:00,OD03,False,1.0,0.3698491322792501,0.3698491322792501,0.0,0.9990300600310074
moving_center,8102,4,2023-09-07 13:00:00+08:00,OD04,False,1.0,0.3863250228067021,0.3863250228067021,0.0,0.9990300600310074
moving_center,8102,4,2023-09-07 13:00:00+08:00,OD05,False,1.0,0.38131912525166706,0.38131912525166706,0.0,0.9990300600310074
moving_center,8102,4,2023-09-07 13:00:00+08:00,OD06,False,1.0,0.4594152419409946,0.4594152419409946,0.0,0.9990300600310074
moving_center,8102,4,2023-09-07 13:00:00+08:00,OD07,True,0.44079992760284614,0.38735048485876356,0.4115136004568685,0.024163115598104967,0.9990300600310074
moving_center,8102,4,2023-09-07 13:00:00+08:00,OD08,False,1.0,0.4784334607441966,0.4784334607441966,0.0,0.9990300600310074
moving_center,8102,8,2023-09-07 14:00:00+08:00,OD01,False,1.0,0.36787766046061166,0.36787766046061166,0.0,0.9732576592717319
moving_center,8102,8,2023-09-07 14:00:00+08:00,OD02,False,1.0,0.3733691950963887,0.3733691950963887,0.0,0.9732576592717319
moving_center,8102,8,2023-09-07 14:00:00+08:00,OD03,False,1.0,0.33602121627078,0.33602121627078,0.0,0.9732576592717319
moving_center,8102,8,2023-09-07 14:00:00+08:00,OD04,False,1.0,0.37343378806363015,0.37343378806363015,0.0,0.9732576592717319
moving_center,8102,8,2023-09-07 14:00:00+08:00,OD05,False,1.0,0.3829699978292943,0.3829699978292943,0.0,0.9732576592717319
moving_center,8102,8,2023-09-07 14:00:00+08:00,OD06,False,1.0,0.4050611977998192,0.4050611977998192,0.0,0.9732576592717319
moving_center,8102,8,2023-09-07 14:00:00+08:00,OD07,False,1.0,0.3479126130531724,0.3479126130531724,0.0,0.9732576592717319
moving_center,8102,8,2023-09-07 14:00:00+08:00,OD08,False,1.0,0.3632306677334844,0.3632306677334844,0.0,0.9732576592717319
moving_center,8103,4,2023-09-07 13:00:00+08:00,OD01,False,1.0,0.3717004009784783,0.3717004009784783,0.0,0.9990178703049166
moving_center,8103,4,2023-09-07 13:00:00+08:00,OD02,False,1.0,0.3263584934254271,0.3263584934254271,0.0,0.9990178703049166
moving_center,8103,4,2023-09-07 13:00:00+08:00,OD03,False,1.0,0.36763061002411485,0.36763061002411485,0.0,0.9990178703049166
moving_center,8103,4,2023-09-07 13:00:00+08:00,OD04,False,1.0,0.386391813743305,0.386391813743305,0.0,0.9990178703049166
moving_center,8103,4,2023-09-07 13:00:00+08:00,OD05,False,1.0,0.38154170150727645,0.38154170150727645,0.0,0.9990178703049166
moving_center,8103,4,2023-09-07 13:00:00+08:00,OD06,False,1.0,0.45794219784155354,0.45794219784155354,0.0,0.9990178703049166
moving_center,8103,4,2023-09-07 13:00:00+08:00,OD07,False,1.0,0.4075677300878938,0.4075677300878938,0.0,0.9990178703049166
moving_center,8103,4,2023-09-07 13:00:00+08:00,OD08,False,1.0,0.47556706015558814,0.47556706015558814,0.0,0.9990178703049166
moving_center,8103,8,2023-09-07 14:00:00+08:00,OD01,False,1.0,0.36844603840234386,0.36844603840234386,0.0,0.9735750880133954
moving_center,8103,8,2023-09-07 14:00:00+08:00,OD02,False,1.0,0.3752916212107387,0.3752916212107387,0.0,0.9735750880133954
moving_center,8103,8,2023-09-07 14:00:00+08:00,OD03,False,1.0,0.33544204896895147,0.33544204896895147,0.0,0.9735750880133954
moving_center,8103,8,2023-09-07 14:00:00+08:00,OD04,False,1.0,0.3735152619681214,0.3735152619681214,0.0,0.9735750880133954
moving_center,8103,8,2023-09-07 14:00:00+08:00,OD05,False,1.0,0.3821105901707328,0.3821105901707328,0.0,0.9735750880133954
moving_center,8103,8,2023-09-07 14:00:00+08:00,OD06,False,1.0,0.40473216704087,0.40473216704087,0.0,0.9735750880133954
moving_center,8103,8,2023-09-07 14:00:00+08:00,OD07,False,1.0,0.34721359690785264,0.34721359690785264,0.0,0.9735750880133954
moving_center,8103,8,2023-09-07 14:00:00+08:00,OD08,False,1.0,0.3626328444412812,0.3626328444412812,0.0,0.9735750880133954
moving_center,8104,4,2023-09-07 13:00:00+08:00,OD01,False,1.0,0.3712955931946067,0.3712955931946067,0.0,0.9990113317497943
moving_center,8104,4,2023-09-07 13:00:00+08:00,OD02,False,1.0,0.32626632463608635,0.32626632463608635,0.0,0.9990113317497943
moving_center,8104,4,2023-09-07 13:00:00+08:00,OD03,False,1.0,0.36851938176449595,0.36851938176449595,0.0,0.9990113317497943
moving_center,8104,4,2023-09-07 13:00:00+08:00,OD04,False,1.0,0.3854773321134458,0.3854773321134458,0.0,0.9990113317497943
moving_center,8104,4,2023-09-07 13:00:00+08:00,OD05,False,1.0,0.3805196443410542,0.3805196443410542,0.0,0.9990113317497943
moving_center,8104,4,2023-09-07 13:00:00+08:00,OD06,False,1.0,0.4567582791719806,0.4567582791719806,0.0,0.9990113317497943
moving_center,8104,4,2023-09-07 13:00:00+08:00,OD07,False,1.0,0.38741165389354565,0.38741165389354565,0.0,0.9990113317497943
moving_center,8104,4,2023-09-07 13:00:00+08:00,OD08,False,1.0,0.42545749321445414,0.42545749321445414,0.0,0.9990113317497943
moving_center,8104,8,2023-09-07 14:00:00+08:00,OD01,False,1.0,0.3672767061130031,0.3672767061130031,0.0,0.973670178569976
moving_center,8104,8,2023-09-07 14:00:00+08:00,OD02,False,1.0,0.3741394388472912,0.3741394388472912,0.0,0.973670178569976
moving_center,8104,8,2023-09-07 14:00:00+08:00,OD03,False,1.0,0.33549641143803194,0.33549641143803194,0.0,0.973670178569976
moving_center,8104,8,2023-09-07 14:00:00+08:00,OD04,False,1.0,0.3732271234195532,0.3732271234195532,0.0,0.973670178569976
moving_center,8104,8,2023-09-07 14:00:00+08:00,OD05,False,1.0,0.3826839148988696,0.3826839148988696,0.0,0.973670178569976
moving_center,8104,8,2023-09-07 14:00:00+08:00,OD06,False,1.0,0.404621238674012,0.404621238674012,0.0,0.973670178569976
moving_center,8104,8,2023-09-07 14:00:00+08:00,OD07,False,1.0,0.34719561839064117,0.34719561839064117,0.0,0.973670178569976
moving_center,8104,8,2023-09-07 14:00:00+08:00,OD08,False,1.0,0.3630191571820811,0.3630191571820811,0.0,0.973670178569976
moving_center,8105,4,2023-09-07 13:00:00+08:00,OD01,False,1.0,0.37180599313558566,0.37180599313558566,0.0,0.9990093711804681
moving_center,8105,4,2023-09-07 13:00:00+08:00,OD02,False,1.0,0.3263265246417778,0.3263265246417778,0.0,0.9990093711804681
moving_center,8105,4,2023-09-07 13:00:00+08:00,OD03,False,1.0,0.3686675414884719,0.3686675414884719,0.0,0.9990093711804681
moving_center,8105,4,2023-09-07 13:00:00+08:00,OD04,False,1.0,0.385832341544858,0.385832341544858,0.0,0.9990093711804681
moving_center,8105,4,2023-09-07 13:00:00+08:00,OD05,False,1.0,0.38121039410678154,0.38121039410678154,0.0,0.9990093711804681
moving_center,8105,4,2023-09-07 13:00:00+08:00,OD06,False,1.0,0.47761840589588117,0.47761840589588117,0.0,0.9990093711804681
moving_center,8105,4,2023-09-07 13:00:00+08:00,OD07,False,1.0,0.3863545516306335,0.3863545516306335,0.0,0.9990093711804681
moving_center,8105,4,2023-09-07 13:00:00+08:00,OD08,True,0.785095787738424,0.47801463270323563,0.47560666267678403,-0.0024079700264516,0.9990093711804681
moving_center,8105,8,2023-09-07 14:00:00+08:00,OD01,False,1.0,0.36840576698132166,0.36840576698132166,0.0,0.9736685581575601
moving_center,8105,8,2023-09-07 14:00:00+08:00,OD02,False,1.0,0.37383611081999835,0.37383611081999835,0.0,0.9736685581575601
moving_center,8105,8,2023-09-07 14:00:00+08:00,OD03,False,1.0,0.33523597443039566,0.33523597443039566,0.0,0.9736685581575601
moving_center,8105,8,2023-09-07 14:00:00+08:00,OD04,False,1.0,0.3733275214176625,0.3733275214176625,0.0,0.9736685581575601
moving_center,8105,8,2023-09-07 14:00:00+08:00,OD05,False,1.0,0.38262250538134956,0.38262250538134956,0.0,0.9736685581575601
moving_center,8105,8,2023-09-07 14:00:00+08:00,OD06,False,1.0,0.40372303771767987,0.40372303771767987,0.0,0.9736685581575601
moving_center,8105,8,2023-09-07 14:00:00+08:00,OD07,False,1.0,0.34706728826229816,0.34706728826229816,0.0,0.9736685581575601
moving_center,8105,8,2023-09-07 14:00:00+08:00,OD08,False,1.0,0.36291486371084847,0.36291486371084847,0.0,0.9736685581575601
moving_center,8106,4,2023-09-07 13:00:00+08:00,OD01,False,1.0,0.3720637019489711,0.3720637019489711,0.0,0.9990190243052373
moving_center,8106,4,2023-09-07 13:00:00+08:00,OD02,False,1.0,0.3264461013191067,0.3264461013191067,0.0,0.9990190243052373
moving_center,8106,4,2023-09-07 13:00:00+08:00,OD03,False,1.0,0.3672644657383019,0.3672644657383019,0.0,0.9990190243052373
moving_center,8106,4,2023-09-07 13:00:00+08:00,OD04,False,1.0,0.38525487899953703,0.38525487899953703,0.0,0.9990190243052373
moving_center,8106,4,2023-09-07 13:00:00+08:00,OD05,False,1.0,0.38129485908538957,0.38129485908538957,0.0,0.9990190243052373
moving_center,8106,4,2023-09-07 13:00:00+08:00,OD06,False,1.0,0.45785834654522656,0.45785834654522656,0.0,0.9990190243052373
moving_center,8106,4,2023-09-07 13:00:00+08:00,OD07,False,1.0,0.38713692810593114,0.38713692810593114,0.0,0.9990190243052373
moving_center,8106,4,2023-09-07 13:00:00+08:00,OD08,False,1.0,0.42735017502438255,0.42735017502438255,0.0,0.9990190243052373
moving_center,8106,8,2023-09-07 14:00:00+08:00,OD01,False,1.0,0.36739538737087907,0.36739538737087907,0.0,0.9738256847153025
moving_center,8106,8,2023-09-07 14:00:00+08:00,OD02,False,1.0,0.37470317353630983,0.37470317353630983,0.0,0.9738256847153025
moving_center,8106,8,2023-09-07 14:00:00+08:00,OD03,False,1.0,0.3353204772567808,0.3353204772567808,0.0,0.9738256847153025
moving_center,8106,8,2023-09-07 14:00:00+08:00,OD04,False,1.0,0.37318596721176706,0.37318596721176706,0.0,0.9738256847153025
moving_center,8106,8,2023-09-07 14:00:00+08:00,OD05,False,1.0,0.38246979047054486,0.38246979047054486,0.0,0.9738256847153025
moving_center,8106,8,2023-09-07 14:00:00+08:00,OD06,False,1.0,0.4048563075285196,0.4048563075285196,0.0,0.9738256847153025
moving_center,8106,8,2023-09-07 14:00:00+08:00,OD07,False,1.0,0.3475641116921763,0.3475641116921763,0.0,0.9738256847153025
moving_center,8106,8,2023-09-07 14:00:00+08:00,OD08,False,1.0,0.36340025893952416,0.36340025893952416,0.0,0.9738256847153025
moving_center,8107,4,2023-09-07 13:00:00+08:00,OD01,False,1.0,0.3714933612315282,0.3714933612315282,0.0,0.9990172764099505
moving_center,8107,4,2023-09-07 13:00:00+08:00,OD02,False,1.0,0.3262006888657867,0.3262006888657867,0.0,0.9990172764099505
moving_center,8107,4,2023-09-07 13:00:00+08:00,OD03,False,1.0,0.3683288618609374,0.3683288618609374,0.0,0.9990172764099505
moving_center,8107,4,2023-09-07 13:00:00+08:00,OD04,False,1.0,0.38591638673026335,0.38591638673026335,0.0,0.9990172764099505
moving_center,8107,4,2023-09-07 13:00:00+08:00,OD05,False,1.0,0.3803324224084505,0.3803324224084505,0.0,0.9990172764099505
moving_center,8107,4,2023-09-07 13:00:00+08:00,OD06,False,1.0,0.4550437317028827,0.4550437317028827,0.0,0.9990172764099505
moving_center,8107,4,2023-09-07 13:00:00+08:00,OD07,False,1.0,0.38590234532139817,0.38590234532139817,0.0,0.9990172764099505
moving_center,8107,4,2023-09-07 13:00:00+08:00,OD08,False,1.0,0.42520530807254114,0.42520530807254114,0.0,0.9990172764099505
moving_center,8107,8,2023-09-07 14:00:00+08:00,OD01,False,1.0,0.36759432302581485,0.36759432302581485,0.0,0.9735548544157434
moving_center,8107,8,2023-09-07 14:00:00+08:00,OD02,False,1.0,0.3741984325756138,0.3741984325756138,0.0,0.9735548544157434
moving_center,8107,8,2023-09-07 14:00:00+08:00,OD03,False,1.0,0.33552185822877023,0.33552185822877023,0.0,0.9735548544157434
moving_center,8107,8,2023-09-07 14:00:00+08:00,OD04,False,1.0,0.3733710328498335,0.3733710328498335,0.0,0.9735548544157434
moving_center,8107,8,2023-09-07 14:00:00+08:00,OD05,False,1.0,0.38219917948164756,0.38219917948164756,0.0,0.9735548544157434
moving_center,8107,8,2023-09-07 14:00:00+08:00,OD06,False,1.0,0.4036539623717933,0.4036539623717933,0.0,0.9735548544157434
moving_center,8107,8,2023-09-07 14:00:00+08:00,OD07,False,1.0,0.3472746693202249,0.3472746693202249,0.0,0.9735548544157434
moving_center,8107,8,2023-09-07 14:00:00+08:00,OD08,False,1.0,0.362846228096998,0.362846228096998,0.0,0.9735548544157434
moving_center,8108,4,2023-09-07 13:00:00+08:00,OD01,False,1.0,0.3720945728117326,0.3720945728117326,0.0,0.9990257291309305
moving_center,8108,4,2023-09-07 13:00:00+08:00,OD02,False,1.0,0.32635498933039037,0.32635498933039037,0.0,0.9990257291309305
moving_center,8108,4,2023-09-07 13:00:00+08:00,OD03,False,1.0,0.3684868700917938,0.3684868700917938,0.0,0.9990257291309305
moving_center,8108,4,2023-09-07 13:00:00+08:00,OD04,False,1.0,0.38595126605976127,0.38595126605976127,0.0,0.9990257291309305
moving_center,8108,4,2023-09-07 13:00:00+08:00,OD05,False,1.0,0.3810076536853497,0.3810076536853497,0.0,0.9990257291309305
moving_center,8108,4,2023-09-07 13:00:00+08:00,OD06,False,1.0,0.4545850749552294,0.4545850749552294,0.0,0.9990257291309305
moving_center,8108,4,2023-09-07 13:00:00+08:00,OD07,False,1.0,0.3862139308594929,0.3862139308594929,0.0,0.9990257291309305
moving_center,8108,4,2023-09-07 13:00:00+08:00,OD08,False,1.0,0.4765510483915788,0.4765510483915788,0.0,0.9990257291309305
moving_center,8108,8,2023-09-07 14:00:00+08:00,OD01,False,1.0,0.36877089257712325,0.36877089257712325,0.0,0.9736571555086392
moving_center,8108,8,2023-09-07 14:00:00+08:00,OD02,False,1.0,0.3733483281216,0.3733483281216,0.0,0.9736571555086392
moving_center,8108,8,2023-09-07 14:00:00+08:00,OD03,False,1.0,0.3356703662689331,0.3356703662689331,0.0,0.9736571555086392
moving_center,8108,8,2023-09-07 14:00:00+08:00,OD04,False,1.0,0.37340194170604507,0.37340194170604507,0.0,0.9736571555086392
moving_center,8108,8,2023-09-07 14:00:00+08:00,OD05,False,1.0,0.3833264292059913,0.3833264292059913,0.0,0.9736571555086392
moving_center,8108,8,2023-09-07 14:00:00+08:00,OD06,False,1.0,0.40366829399897824,0.40366829399897824,0.0,0.9736571555086392
moving_center,8108,8,2023-09-07 14:00:00+08:00,OD07,False,1.0,0.3474126137371826,0.3474126137371826,0.0,0.9736571555086392
moving_center,8108,8,2023-09-07 14:00:00+08:00,OD08,False,1.0,0.362878594900091,0.362878594900091,0.0,0.9736571555086392
moving_center,8109,4,2023-09-07 13:00:00+08:00,OD01,False,1.0,0.37140083298069265,0.37140083298069265,0.0,0.9990096021907577
moving_center,8109,4,2023-09-07 13:00:00+08:00,OD02,False,1.0,0.3263232811551955,0.3263232811551955,0.0,0.9990096021907577
moving_center,8109,4,2023-09-07 13:00:00+08:00,OD03,False,1.0,0.3682861373816916,0.3682861373816916,0.0,0.9990096021907577
moving_center,8109,4,2023-09-07 13:00:00+08:00,OD04,False,1.0,0.38541289154316716,0.38541289154316716,0.0,0.9990096021907577
moving_center,8109,4,2023-09-07 13:00:00+08:00,OD05,False,1.0,0.3803084753723198,0.3803084753723198,0.0,0.9990096021907577
moving_center,8109,4,2023-09-07 13:00:00+08:00,OD06,False,1.0,0.4556562959362329,0.4556562959362329,0.0,0.9990096021907577
moving_center,8109,4,2023-09-07 13:00:00+08:00,OD07,False,1.0,0.38613169901707867,0.38613169901707867,0.0,0.9990096021907577
moving_center,8109,4,2023-09-07 13:00:00+08:00,OD08,False,1.0,0.42512034791077286,0.42512034791077286,0.0,0.9990096021907577
moving_center,8109,8,2023-09-07 14:00:00+08:00,OD01,False,1.0,0.3676750165933115,0.3676750165933115,0.0,0.9736568371496724
moving_center,8109,8,2023-09-07 14:00:00+08:00,OD02,False,1.0,0.3739850244058908,0.3739850244058908,0.0,0.9736568371496724
moving_center,8109,8,2023-09-07 14:00:00+08:00,OD03,False,1.0,0.33558964650819234,0.33558964650819234,0.0,0.9736568371496724
moving_center,8109,8,2023-09-07 14:00:00+08:00,OD04,False,1.0,0.37329270024974104,0.37329270024974104,0.0,0.9736568371496724
moving_center,8109,8,2023-09-07 14:00:00+08:00,OD05,False,1.0,0.3823395914660752,0.3823395914660752,0.0,0.9736568371496724
moving_center,8109,8,2023-09-07 14:00:00+08:00,OD06,False,1.0,0.40420700924226327,0.40420700924226327,0.0,0.9736568371496724
moving_center,8109,8,2023-09-07 14:00:00+08:00,OD07,False,1.0,0.34722834781760437,0.34722834781760437,0.0,0.9736568371496724
moving_center,8109,8,2023-09-07 14:00:00+08:00,OD08,False,1.0,0.36311757955763263,0.36311757955763263,0.0,0.9736568371496724
moving_center,8110,4,2023-09-07 13:00:00+08:00,OD01,False,1.0,0.37174053019564607,0.37174053019564607,0.0,0.9990158143783195
moving_center,8110,4,2023-09-07 13:00:00+08:00,OD02,False,1.0,0.32627254441402254,0.32627254441402254,0.0,0.9990158143783195
moving_center,8110,4,2023-09-07 13:00:00+08:00,OD03,False,1.0,0.36894372568040923,0.36894372568040923,0.0,0.9990158143783195
moving_center,8110,4,2023-09-07 13:00:00+08:00,OD04,False,1.0,0.38603705904041896,0.38603705904041896,0.0,0.9990158143783195
moving_center,8110,4,2023-09-07 13:00:00+08:00,OD05,False,1.0,0.3823961794675505,0.3823961794675505,0.0,0.9990158143783195
moving_center,8110,4,2023-09-07 13:00:00+08:00,OD06,False,1.0,0.45590131700460884,0.45590131700460884,0.0,0.9990158143783195
moving_center,8110,4,2023-09-07 13:00:00+08:00,OD07,False,1.0,0.3862865965032606,0.3862865965032606,0.0,0.9990158143783195
moving_center,8110,4,2023-09-07 13:00:00+08:00,OD08,False,1.0,0.42481627856525156,0.42481627856525156,0.0,0.9990158143783195
moving_center,8110,8,2023-09-07 14:00:00+08:00,OD01,False,1.0,0.36808447882091966,0.36808447882091966,0.0,0.9733415447656157
moving_center,8110,8,2023-09-07 14:00:00+08:00,OD02,False,1.0,0.3736986072464458,0.3736986072464458,0.0,0.9733415447656157
moving_center,8110,8,2023-09-07 14:00:00+08:00,OD03,False,1.0,0.3354782847223644,0.3354782847223644,0.0,0.9733415447656157
moving_center,8110,8,2023-09-07 14:00:00+08:00,OD04,False,1.0,0.37340214291528717,0.37340214291528717,0.0,0.9733415447656157
moving_center,8110,8,2023-09-07 14:00:00+08:00,OD05,False,1.0,0.3824066457831939,0.3824066457831939,0.0,0.9733415447656157
moving_center,8110,8,2023-09-07 14:00:00+08:00,OD06,False,1.0,0.4042045922700932,0.4042045922700932,0.0,0.9733415447656157
moving_center,8110,8,2023-09-07 14:00:00+08:00,OD07,False,1.0,0.3469263308608422,0.3469263308608422,0.0,0.9733415447656157
moving_center,8110,8,2023-09-07 14:00:00+08:00,OD08,False,1.0,0.36318167515161587,0.36318167515161587,0.0,0.9733415447656157
moving_center,8111,4,2023-09-07 13:00:00+08:00,OD01,False,1.0,0.3719073465841531,0.3719073465841531,0.0,0.9990061487459173
moving_center,8111,4,2023-09-07 13:00:00+08:00,OD02,False,1.0,0.32623055225475756,0.32623055225475756,0.0,0.9990061487459173
moving_center,8111,4,2023-09-07 13:00:00+08:00,OD03,False,1.0,0.3690813120290925,0.3690813120290925,0.0,0.9990061487459173
moving_center,8111,4,2023-09-07 13:00:00+08:00,OD04,False,1.0,0.3862567681662252,0.3862567681662252,0.0,0.9990061487459173
moving_center,8111,4,2023-09-07 13:00:00+08:00,OD05,False,1.0,0.38258958912197943,0.38258958912197943,0.0,0.9990061487459173
moving_center,8111,4,2023-09-07 13:00:00+08:00,OD06,False,1.0,0.459000222115954,0.459000222115954,0.0,0.9990061487459173
moving_center,8111,4,2023-09-07 13:00:00+08:00,OD07,False,1.0,0.38768964452940186,0.38768964452940186,0.0,0.9990061487459173
moving_center,8111,4,2023-09-07 13:00:00+08:00,OD08,False,1.0,0.4263853707575494,0.4263853707575494,0.0,0.9990061487459173
moving_center,8111,8,2023-09-07 14:00:00+08:00,OD01,False,1.0,0.3675997281067186,0.3675997281067186,0.0,0.9730092897528971
moving_center,8111,8,2023-09-07 14:00:00+08:00,OD02,False,1.0,0.374381260441179,0.374381260441179,0.0,0.9730092897528971
moving_center,8111,8,2023-09-07 14:00:00+08:00,OD03,False,1.0,0.3355096921761378,0.3355096921761378,0.0,0.9730092897528971
moving_center,8111,8,2023-09-07 14:00:00+08:00,OD04,False,1.0,0.3734508268440379,0.3734508268440379,0.0,0.9730092897528971
moving_center,8111,8,2023-09-07 14:00:00+08:00,OD05,False,1.0,0.38347310062886436,0.38347310062886436,0.0,0.9730092897528971
moving_center,8111,8,2023-09-07 14:00:00+08:00,OD06,False,1.0,0.4052438184860497,0.4052438184860497,0.0,0.9730092897528971
moving_center,8111,8,2023-09-07 14:00:00+08:00,OD07,False,1.0,0.34768306969691926,0.34768306969691926,0.0,0.9730092897528971
moving_center,8111,8,2023-09-07 14:00:00+08:00,OD08,False,1.0,0.363497463214883,0.363497463214883,0.0,0.9730092897528971
moving_center,8112,4,2023-09-07 13:00:00+08:00,OD01,False,1.0,0.37139956974604343,0.37139956974604343,0.0,0.9990081057736416
moving_center,8112,4,2023-09-07 13:00:00+08:00,OD02,False,1.0,0.3263585245367677,0.3263585245367677,0.0,0.9990081057736416
moving_center,8112,4,2023-09-07 13:00:00+08:00,OD03,False,1.0,0.36748220020574235,0.36748220020574235,0.0,0.9990081057736416
moving_center,8112,4,2023-09-07 13:00:00+08:00,OD04,False,1.0,0.38590126266358726,0.38590126266358726,0.0,0.9990081057736416
moving_center,8112,4,2023-09-07 13:00:00+08:00,OD05,False,1.0,0.38105911631712674,0.38105911631712674,0.0,0.9990081057736416
moving_center,8112,4,2023-09-07 13:00:00+08:00,OD06,True,0.5210517225065905,0.4570243994295188,0.47871922847228343,0.021694829042764652,0.9990081057736416
moving_center,8112,4,2023-09-07 13:00:00+08:00,OD07,False,1.0,0.38667123377136725,0.38667123377136725,0.0,0.9990081057736416
moving_center,8112,4,2023-09-07 13:00:00+08:00,OD08,False,1.0,0.42626622932948827,0.42626622932948827,0.0,0.9990081057736416
moving_center,8112,8,2023-09-07 14:00:00+08:00,OD01,False,1.0,0.36704664964831746,0.36704664964831746,0.0,0.9738683041735139
moving_center,8112,8,2023-09-07 14:00:00+08:00,OD02,False,1.0,0.3737128839897366,0.3737128839897366,0.0,0.9738683041735139
moving_center,8112,8,2023-09-07 14:00:00+08:00,OD03,False,1.0,0.33508409257446614,0.33508409257446614,0.0,0.9738683041735139
moving_center,8112,8,2023-09-07 14:00:00+08:00,OD04,False,1.0,0.37336340903791904,0.37336340903791904,0.0,0.9738683041735139
moving_center,8112,8,2023-09-07 14:00:00+08:00,OD05,False,1.0,0.3823540986495539,0.3823540986495539,0.0,0.9738683041735139
moving_center,8112,8,2023-09-07 14:00:00+08:00,OD06,False,1.0,0.4034659565891972,0.4034659565891972,0.0,0.9738683041735139
moving_center,8112,8,2023-09-07 14:00:00+08:00,OD07,False,1.0,0.3472737135754067,0.3472737135754067,0.0,0.9738683041735139
moving_center,8112,8,2023-09-07 14:00:00+08:00,OD08,False,1.0,0.36297583112897547,0.36297583112897547,0.0,0.9738683041735139
