case_category,u,v,key,rain_truth,water_truth,planner_rain_component,planner_water_component,rain_only_risk,fusion_risk,edge_cost,selected_by_rain_route,selected_by_perfect_route,rain_risk_rank,fusion_risk_rank,risk_rank_change
worse,277049979,1116420116,0,0.6447517656776016,0.12817489,0.35461347112268093,0.025634978,0.6749545072764718,0.5838245704149674,755.27015211163,True,False,53.0,52.0,-1.0
worse,277663457,11846279852,0,0.27939167460586145,0.09203767,0.1536654210332238,0.018407535,0.5226984433692982,0.45092164786013383,6.588551551057749,True,False,108.0,102.0,-6.0
worse,278221801,278222025,0,0.8548726814543413,0.1066397,0.4701799747998877,0.02132794,0.7248856900313461,0.621844691384084,430.81656630135126,False,True,32.0,31.0,-1.0
worse,278221868,2299600479,0,0.8491855534554362,0.09983643,0.46705205440048997,0.019967286,0.7339835138701851,0.6282923334657695,854.5765444638138,False,True,29.0,28.0,-1.0
worse,278222025,278221868,0,0.8548726814543413,0.10802499,0.4701799747998877,0.021604998,0.71526392759687,0.6140574383388484,467.4760484607613,False,True,34.0,33.0,-1.0
worse,278376546,278376562,0,0.2769854684336506,0.023948269,0.15234200763850783,0.0047896537,0.5268973420729486,0.4430724965549383,1486.6569187767625,True,True,105.0,108.0,3.0
worse,278376560,2402254246,0,0.18334099630534223,0.01762049,0.10083754796793823,0.0035240983,0.4895414728775883,0.4108879758753102,43.10370658022909,True,True,116.0,117.0,1.0
worse,278376562,2409714565,0,0.18334099630534223,0.017621286,0.10083754796793823,0.0035242573,0.47431796106029744,0.3982018485858142,477.01525416819555,True,True,120.0,123.0,3.0
worse,278660437,9629031615,0,0.7634243645747211,0.122676425,0.4198834005160966,0.024535285,0.7647669603522245,0.6577518710738771,825.6703844178404,True,False,17.0,17.0,0.0
worse,279077746,2958627171,0,0.7605869818253357,0.11650006,0.41832284000393466,0.023300013,0.7972565979584988,0.6837971745120929,120.94419400393508,False,True,6.0,7.0,1.0
worse,793893694,1236299538,0,0.6447517656776016,0.13049595,0.35461347112268093,0.02609919,0.6843504792757819,0.5920413911597587,387.75405287898917,True,False,51.0,51.0,0.0
worse,793893696,1116420155,0,0.6447517656776016,0.13317306,0.35461347112268093,0.026634613,0.6923606639997069,0.5991627305659903,280.00844252313897,True,False,47.0,43.0,-4.0
worse,793893699,793893696,0,0.6447517656776016,0.13236447,0.35461347112268093,0.026472894,0.660229643635078,0.5722521141602958,947.8907844490209,True,False,58.0,57.0,-1.0
worse,1116420116,5445976849,0,0.6447517656776016,0.12795323,0.35461347112268093,0.025590647,0.6486388683658041,0.5618579288606178,118.46827121805354,True,False,67.0,63.0,-4.0
worse,1116420155,793893694,0,0.6447517656776016,0.12975052,0.35461347112268093,0.025950104,0.6904282119729199,0.5969819299759201,799.7415575235432,True,False,48.0,46.0,-2.0
worse,1116448402,1116448658,0,0.687561834224007,0.06595497,0.37815900882320386,0.013190994,0.749277819710397,0.6353906778142049,281.0253081076067,True,False,21.0,22.0,1.0
worse,1116448484,5178935334,0,0.2894268323158654,0.024520783,0.15918475777372598,0.0049041566,0.4715125433204031,0.3970139165593068,347.24391272378676,False,True,121.0,124.0,3.0
worse,1116448608,5178935331,0,0.2894268323158654,0.025026863,0.15918475777372598,0.0050053727,0.5303991038801842,0.4461703971402987,28.69839907503652,True,True,102.0,105.0,3.0
worse,1116448658,8349563473,0,0.687561834224007,0.066579625,0.37815900882320386,0.013315925,0.7054117292788626,0.5989397119008006,323.2462258428163,True,False,42.0,44.0,2.0
worse,1116458607,2537806912,0,0.18334099630534223,0.017679716,0.10083754796793823,0.003535943,0.4904580664816163,0.4116616746561943,39.301979368303066,True,True,115.0,116.0,1.0
worse,1116458621,1116458636,0,0.06386029785175784,0.011665239,0.035123163818466814,0.0023330478,0.387086037053352,0.32451590404426506,712.0031444525035,True,True,154.0,156.0,2.0
worse,1116458636,2537806920,0,0.03625802082324096,0.010616015,0.01994191145278253,0.002123203,0.41233119283009717,0.34537866314367416,40.17762392199062,True,True,141.0,143.0,2.0
worse,1116458649,1116458621,0,0.11154903494358033,0.013972553,0.06135196921896919,0.0027945107,0.37957805890253504,0.3186438079895354,344.06785755925944,True,True,159.0,160.0,1.0
worse,1117053912,13384556533,0,0.09907813375680274,0.055870704,0.05449297356624151,0.011174141,0.4346812553974678,0.3715461635566991,536.457276180081,False,True,133.0,134.0,1.0
worse,1117053964,1117054200,0,0.09907813375680274,0.05678116,0.05449297356624151,0.011356233,0.43184151518186303,0.36933145624763747,23.3825474115045,False,True,134.0,135.0,1.0
worse,1117053976,5394800699,0,0.03450756837307632,0.021003371,0.018979162605191977,0.004200674,0.2774284260348522,0.23469091687980986,477.52850198792385,True,False,175.0,175.0,0.0
worse,1117054015,1117053964,0,0.09907813375680274,0.056288414,0.05449297356624151,0.011257683,0.4387286652270434,0.3749886233064431,34.28002559083725,False,True,130.0,131.0,1.0
worse,1117054200,1117053912,0,0.09907813375680274,0.05663013,0.05449297356624151,0.011326026,0.43089062869024886,0.36851387905141225,754.52559817165,False,True,135.0,136.0,1.0
worse,1236299315,278660437,0,0.7634243645747211,0.12584841,0.4198834005160966,0.025169684,0.655104188021725,0.5668948921037263,1162.3865482064602,True,False,60.0,60.0,0.0
worse,1236299538,2397987743,0,0.6447517656776016,0.1329607,0.35461347112268093,0.026592141,0.6666551643561671,0.5777060881216782,233.88166011463315,True,False,57.0,54.0,-3.0
worse,1570579960,8349563592,0,0.687561834224007,0.06828398,0.37815900882320386,0.013656797,0.7277159596532721,0.6178106301402168,38.434813854276676,True,False,31.0,32.0,1.0
worse,1927149696,10074427309,0,0.49261692425116027,0.12741375,0.2709393083381382,0.02548275,0.6341197872717395,0.5496687810089202,124.58330797093531,False,True,75.0,71.0,-4.0
worse,1927153426,2407726300,0,0.7605869818253357,0.11733267,0.41832284000393466,0.023466533,0.7917355488633369,0.6793350685715058,136.7034915191992,False,True,10.0,10.0,0.0
worse,1932007699,278221801,0,0.8548726814543413,0.11246354,0.4701799747998877,0.022492709,0.7074945805287148,0.6083227406620803,187.39884890847102,False,True,41.0,39.0,-2.0
worse,1932007728,1932007773,0,0.8548726814543413,0.10642526,0.4701799747998877,0.021285053,0.8282272579442849,0.7079269254515064,633.4811086011516,False,True,1.0,1.0,0.0
worse,1932007773,1932007699,0,0.8548726814543413,0.10816632,0.4701799747998877,0.021633266,0.776014361037225,0.6647063545497014,633.8459863936101,False,True,14.0,14.0,0.0
worse,1981097744,1927149696,0,0.49261692425116027,0.12426106,0.2709393083381382,0.024852213,0.5707872129147007,0.49636618724008025,1196.2252708634057,False,True,90.0,89.0,-1.0
worse,2184499121,2402273641,0,0.7634243645747211,0.12560098,0.4198834005160966,0.025120197,0.7933564778203872,0.6820638946390075,46.332820422220706,True,False,8.0,8.0,0.0
worse,2184499122,13310969897,0,0.7634243645747211,0.16175649,0.4198834005160966,0.032351296,0.609630378363726,0.5349847295865395,24.78035163285437,True,False,80.0,78.0,-2.0
worse,2184499128,1236299315,0,0.7634243645747211,0.12300278,0.4198834005160966,0.024600556,0.6669448313904086,0.5762878232360118,834.171980377785,True,False,56.0,56.0,0.0
worse,2297481796,9105636736,0,0.8146527745336625,0.091261216,0.4480590259935144,0.018252244,0.8093744268559211,0.6896888916312649,496.6954710740005,False,True,2.0,2.0,0.0
worse,2297481839,8349563474,0,0.687561834224007,0.068545826,0.37815900882320386,0.013709165,0.6459729710605661,0.5497351135137114,39.65362606343657,True,False,69.0,70.0,1.0
worse,2297484475,6897212455,0,0.687561834224007,0.06663688,0.37815900882320386,0.013327377,0.747403785743392,0.6339426352398896,44.66074967664911,True,False,23.0,25.0,2.0
worse,2299600479,2401173527,0,0.8146527745336625,0.08592849,0.4480590259935144,0.0171857,0.7149075302246595,0.6100776905618926,674.3207932672946,False,True,35.0,37.0,2.0
worse,2299600559,2297481796,0,0.8146527745336625,0.08831464,0.4480590259935144,0.017662928,0.8032407305883043,0.6840863817472154,610.4610257886803,False,True,3.0,6.0,3.0
worse,2299613319,1116448402,0,0.687561834224007,0.066428244,0.37815900882320386,0.013285649,0.7471109021266102,0.6336637924578289,728.5850885437616,True,False,25.0,27.0,2.0
worse,2366041135,2366041141,0,0.27939167460586145,0.111092985,0.1536654210332238,0.022218598,0.42998655339505387,0.37683762527527176,120.00360396011438,True,False,136.0,129.0,-7.0
worse,2366041141,6699848994,0,0.27939167460586145,0.09885568,0.1536654210332238,0.019771136,0.4608021545091171,0.40047774237716355,631.8013948576192,True,False,124.0,122.0,-2.0
worse,2366041164,2366041135,0,0.23510544485201787,0.08701585,0.12930799466860984,0.01740317,0.47026481185637353,0.40638998526899717,819.6873163449717,True,False,123.0,121.0,-2.0
worse,2366078546,277663457,0,0.27939167460586145,0.08877827,0.1536654210332238,0.017755656,0.435070799416978,0.37735537822600773,127.20351909513114,True,False,132.0,128.0,-4.0
worse,2366078561,2366078584,0,0.27939167460586145,0.09418841,0.1536654210332238,0.018837681,0.4705646190792282,0.4078352504099375,374.6103629340129,True,False,122.0,119.0,-3.0
worse,2366078584,2366078546,0,0.27939167460586145,0.088264585,0.1536654210332238,0.017652918,0.4114753462407289,0.35760688595749424,43.76098579818079,True,False,142.0,139.0,-3.0
worse,2397987743,2184499128,0,0.7529578471791151,0.12593058,0.4141268159485133,0.025186116,0.6528986972534649,0.5650706772973134,434.62825182169,True,False,63.0,62.0,-1.0
worse,2398034837,4805962870,0,0.2894268323158654,0.0242783,0.15918475777372598,0.0048556603,0.5422691509631705,0.45593734244981016,448.8102127738532,True,True,94.0,97.0,3.0
worse,2400181211,2400181213,0,0.8146527745336625,0.087256365,0.4480590259935144,0.017451273,0.704960057825958,0.6020094422756925,103.09713065708914,False,True,43.0,42.0,-1.0
worse,2400181213,2401173522,0,0.8146527745336625,0.08495842,0.4480590259935144,0.016991684,0.7154197604177626,0.6103428702154285,263.1923208633675,False,True,33.0,35.0,2.0
worse,2401173522,11235672142,0,0.8146527745336625,0.086442955,0.4480590259935144,0.017288592,0.7105554021349888,0.60653666091887,75.6387449073659,False,True,38.0,40.0,2.0
worse,2401173527,2401173537,0,0.8146527745336625,0.09124422,0.4480590259935144,0.018248845,0.7147640223384559,0.6108440554043204,429.2680209780462,False,True,36.0,34.0,-2.0
worse,2401173537,2400181211,0,0.8146527745336625,0.089287855,0.4480590259935144,0.017857572,0.69744362909491,0.5960843333676055,45.90687916172213,False,True,44.0,48.0,4.0
worse,2402254246,6261201167,0,0.18334099630534223,0.017718494,0.10083754796793823,0.003543699,0.48497973971085406,0.40710286541545276,46.78129417656805,True,True,118.0,120.0,2.0
worse,2402263661,1116448608,0,0.2894268323158654,0.024668653,0.15918475777372598,0.0049337307,0.5391919938880693,0.4534381036674389,40.19966740290067,True,True,96.0,99.0,3.0
worse,2402273641,9629031614,0,0.7634243645747211,0.12495449,0.4198834005160966,0.0249909,0.7959561761870004,0.6841225621314527,47.588858718430984,True,False,7.0,5.0,-2.0
worse,2407726260,279077746,0,0.7605869818253357,0.115621276,0.41832284000393466,0.023124255,0.8031256462754127,0.6885415845961469,68.6973559979127,False,True,4.0,3.0,-1.0
worse,2407726300,2407726260,0,0.7605869818253357,0.11649718,0.41832284000393466,0.023299437,0.7985926285009711,0.6849100539768015,73.34282635085371,False,True,5.0,4.0,-1.0
worse,2408476446,1116448484,0,0.3898037455592823,0.03278643,0.2143920600576053,0.006557286,0.532074680849267,0.44885997219578505,451.37126236015564,False,True,101.0,103.0,2.0
worse,2409714543,278376546,0,0.2894268323158654,0.025759917,0.15918475777372598,0.0051519834,0.5114343673656392,0.43048862559679546,317.59263045802265,True,True,111.0,111.0,0.0
worse,2409714565,6261201162,0,0.18334099630534223,0.017743984,0.10083754796793823,0.003548797,0.4586815670679594,0.3851919699295184,886.4762063295054,True,True,126.0,127.0,1.0
worse,2428797668,2428797738,0,0.8146527745336625,0.095034026,0.4480590259935144,0.019006805,0.7133795718241556,0.6103219807883785,241.97793354741066,True,False,37.0,36.0,-1.0
worse,2428797669,5178935595,0,0.687561834224007,0.0787795,0.37815900882320386,0.015755901,0.5873270047594058,0.5025690879166911,269.5718466240091,True,False,86.0,87.0,1.0
worse,2428797737,2428797669,0,0.7498539404763831,0.082618535,0.41241966726201074,0.016523708,0.680959806514909,0.5812362611899196,582.0557841396554,True,False,52.0,53.0,1.0
worse,2428797738,2428797737,0,0.8146527745336625,0.093105,0.4480590259935144,0.018621001,0.7428482420049175,0.6345577022103853,171.45051365440813,True,False,26.0,23.0,-3.0
worse,2428799189,2428801101,0,0.687561834224007,0.0640019,0.37815900882320386,0.012800381,0.6499298166139378,0.5522751643345963,24.899902221704195,True,False,65.0,68.0,3.0
worse,2428799199,2428801100,0,0.687561834224007,0.06516804,0.37815900882320386,0.013033608,0.6429523291249495,0.5466549472725575,132.98832913855586,True,False,72.0,74.0,2.0
worse,2428799206,2428799199,0,0.687561834224007,0.065524966,0.37815900882320386,0.013104993,0.6426186280902998,0.5464363509960288,134.68163295032838,True,False,73.0,75.0,2.0
worse,2428801100,11974672646,0,0.687561834224007,0.06495457,0.37815900882320386,0.012990914,0.643024019324565,0.5466791113414566,15.931117213111804,True,False,71.0,73.0,2.0
worse,2428801101,5177210666,0,0.687561834224007,0.07120416,0.37815900882320386,0.014240833,0.6195628408956342,0.5281697279353782,224.23248344490088,True,False,78.0,79.0,1.0
worse,2463804368,6444896648,0,0.047420433756749224,0.02829203,0.026081238566212077,0.0056584063,0.38634774867558547,0.3266717955789969,735.7596001399738,True,False,155.0,154.0,-1.0
worse,2500394905,12483533636,0,0.047420433756749224,0.028103126,0.026081238566212077,0.0056206253,0.39305049364758543,0.33222593240848025,170.1698440571272,True,False,148.0,149.0,1.0
worse,2537806912,5444681418,0,0.18334099630534223,0.017724814,0.10083754796793823,0.0035449627,0.4879830108195694,0.40960664466521407,36.57963134454823,True,True,117.0,118.0,1.0
worse,2537806920,5504300011,0,0.03625802082324096,0.010616015,0.01994191145278253,0.002123203,0.4123311928348005,0.3453786631475936,39.36817465213674,True,True,140.0,142.0,2.0
worse,2699955983,5999844181,0,0.49261692425116027,0.12657744,0.2709393083381382,0.025315488,0.6464619239272402,0.559814509426697,568.309723202152,False,True,68.0,64.0,-4.0
worse,2699956003,11262736358,0,0.09907813375680274,0.056026317,0.05449297356624151,0.011205263,0.4097116440332056,0.3507640895575385,174.49448416306342,False,True,144.0,141.0,-3.0
worse,2701105231,2701105309,0,0.38588743472867615,0.101887345,0.2122380891007719,0.02037747,0.4779635415068321,0.41528417547469776,991.4957031095629,True,False,119.0,113.0,-6.0
worse,2701105309,277049979,0,0.6447517656776016,0.12615174,0.35461347112268093,0.025230348,0.667729755379627,0.5774667529081883,404.648826857115,True,False,55.0,55.0,0.0
worse,2702591034,2701105231,0,0.27939167460586145,0.10324639,0.1536654210332238,0.020649279,0.33243082071106045,0.294233415729142,93.84490146180278,True,False,166.0,165.0,-1.0
worse,2708566157,11196049687,0,0.03450756837307632,0.021426309,0.018979162605191977,0.004285262,0.35273987909669613,0.29752095073059975,144.66278195738568,True,True,164.0,164.0,0.0
worse,2958627171,2958627212,0,0.7605869818253357,0.11606653,0.41832284000393466,0.023213306,0.748487169777483,0.6430837298723809,631.3480988751385,False,True,22.0,21.0,-1.0
worse,2958627176,1932007728,0,0.8548726814543413,0.109062254,0.4701799747998877,0.021812452,0.7294907410060995,0.6260859932432268,365.845265226392,False,True,30.0,29.0,-1.0
worse,2958627212,2958627176,0,0.7823185559136325,0.11546029,0.43027520575249795,0.02309206,0.693652392637472,0.5972870424487033,967.4465763642611,False,True,45.0,45.0,0.0
worse,4802241932,5178935334,0,0.2894268323158654,0.024536379,0.15918475777372598,0.004907276,0.435813544604369,0.36726735028391744,27.20013942793162,True,False,131.0,137.0,6.0
worse,4805962870,8328137574,0,0.2894268323158654,0.024932306,0.15918475777372598,0.0049864613,0.5278045923910486,0.4439925447025189,227.98997574536645,True,True,104.0,107.0,3.0
worse,5155815614,2708566157,0,0.03450756837307632,0.020529572,0.018979162605191977,0.0041059144,0.2712206949855485,0.22943884114139598,136.79789046810356,True,True,176.0,176.0,0.0
worse,5177210666,1570579960,0,0.687561834224007,0.07124365,0.37815900882320386,0.014248731,0.6677306795206615,0.5683161748024282,39.21322141763629,True,False,54.0,59.0,5.0
worse,5178935331,8328222806,0,0.2894268323158654,0.02469985,0.15918475777372598,0.00493997,0.5398880936374768,0.4540233863658793,32.70408103892135,True,True,95.0,98.0,3.0
worse,5178935334,2398034837,0,0.2894268323158654,0.024244085,0.15918475777372598,0.004848817,0.5121529598132458,0.43083481400341517,288.94170049323975,True,True,110.0,110.0,0.0
worse,5178935595,13311039927,0,0.687561834224007,0.0734631,0.37815900882320386,0.014692619,0.599003873605906,0.5114137442073715,12.86235944170628,True,False,82.0,84.0,2.0
worse,5178935607,2428797668,0,0.7658657952908025,0.13338122,0.4212261874099414,0.026676243,0.6856016562461317,0.5935649164914638,515.9487893283938,True,False,50.0,50.0,0.0
worse,5358177319,1116458649,0,0.12625396378636292,0.014540599,0.06943968008249961,0.0029081197,0.3929180499219954,0.3298551413896233,781.0976188939509,True,True,149.0,150.0,1.0
worse,5394800699,5394800718,0,0.0392664738665311,0.023342103,0.021596560626592105,0.0046684206,0.32408852144168904,0.27396411832908035,696.4915843337207,True,False,168.0,168.0,0.0
worse,5394800718,2500394905,0,0.047420433756749224,0.027554862,0.026081238566212077,0.0055109723,0.2826885625029992,0.2401662791193683,548.5965513969369,True,False,172.0,171.0,-1.0
worse,5444681418,5358177319,0,0.18334099630534223,0.01768565,0.10083754796793823,0.00353713,0.459808012648148,0.3861209521928783,92.80325315806581,True,True,125.0,126.0,1.0
worse,5444683922,1116458607,0,0.18334099630534223,0.017679716,0.10083754796793823,0.003535943,0.4904580665029887,0.4116616746740046,24.6671698856106,True,True,114.0,115.0,1.0
worse,5445931869,1981097744,0,0.49261692425116027,0.12778094,0.2709393083381382,0.02555619,0.6352872394222642,0.5507028568700473,245.3125478754384,False,True,74.0,69.0,-5.0
worse,5445976847,793893699,0,0.6447517656776016,0.12849864,0.35461347112268093,0.02569973,0.5890514964045989,0.5122926876099497,65.3246881077717,True,False,85.0,83.0,-2.0
worse,5445976849,5445976847,0,0.6447517656776016,0.13306595,0.35461347112268093,0.02661319,0.6573914588834195,0.5700038747113073,315.6777508704448,True,False,59.0,58.0,-1.0
worse,5504300011,5504300010,0,0.03625802082324096,0.010623176,0.01994191145278253,0.0021246353,0.41133596232779146,0.3445504978816321,41.80571302517971,True,True,143.0,144.0,1.0
worse,5543928239,2366041164,0,0.1477284898213648,0.06550397,0.08125066940175064,0.0131007945,0.45807187263033444,0.3926438888233706,607.8724865050481,True,False,127.0,125.0,-2.0
worse,5594915681,11834591015,0,0.09907813375680274,0.054980308,0.05449297356624151,0.010996061,0.3593512150841191,0.30862273053967576,199.22969710835184,False,True,161.0,161.0,0.0
worse,5999844140,13939563788,0,0.49261692425116027,0.121105075,0.2709393083381382,0.024221016,0.5366042200485286,0.4673543625208584,78.17547557334346,False,True,99.0,93.0,-6.0
worse,5999844150,9657680433,1,0.7605869818253357,0.114902936,0.41832284000393466,0.022980588,0.7886150715829541,0.6763297156394861,225.3914371322101,False,True,12.0,12.0,0.0
worse,5999844155,1927153426,0,0.7605869818253357,0.11662613,0.41832284000393466,0.023325225,0.7717075152820616,0.6625272841607753,559.7155060802953,False,True,15.0,15.0,0.0
worse,5999844156,5999844155,0,0.7605869818253357,0.114248686,0.41832284000393466,0.022849737,0.6930345514359227,0.5965702404530637,104.75302976204716,False,True,46.0,47.0,1.0
worse,5999844157,6483273527,0,0.7605869818253357,0.12165195,0.41832284000393466,0.02433039,0.7535659287207178,0.6482469318503185,377.5971487018307,False,True,20.0,20.0,0.0
worse,5999844174,5445931869,0,0.49261692425116027,0.1293662,0.2709393083381382,0.025873242,0.6293222211390872,0.5459962183063344,185.0039766223152,False,True,76.0,76.0,0.0
worse,5999844181,5999844174,0,0.49261692425116027,0.12580517,0.2709393083381382,0.025161033,0.6268713618636605,0.5433603297770419,300.4564109909099,False,True,77.0,77.0,0.0
worse,6261201162,278376560,0,0.18334099630534223,0.017539863,0.10083754796793823,0.0035079725,0.49243788376478836,0.4132882135612144,30.00880221065735,True,True,113.0,114.0,1.0
worse,6261201167,5444683922,0,0.18334099630534223,0.017626893,0.10083754796793823,0.0035253786,0.42060082494699236,0.3534385029183765,666.5731893008697,True,True,138.0,140.0,2.0
worse,6366993022,9105636905,0,0.4206679784443953,0.034429945,0.23136738814441743,0.006885989,0.6177456053132109,0.5205263286029541,46.99790260267913,False,True,79.0,80.0,1.0
worse,6444896648,5543928239,0,0.047420433756749224,0.028295247,0.026081238566212077,0.0056590494,0.401613678878829,0.33939394021306196,40.28350141467312,True,False,146.0,145.0,-1.0
worse,6483273527,5999844156,0,0.7605869818253357,0.11779432,0.41832284000393466,0.023558864,0.7079945314544225,0.6096278295432349,454.9379227852989,False,True,40.0,38.0,-2.0
worse,6699848994,6699848995,0,0.27939167460586145,0.09306829,0.1536654210332238,0.018613657,0.5249600350584216,0.45297807701144177,51.81315408555045,True,False,107.0,101.0,-6.0
worse,6699848995,2366078561,0,0.27939167460586145,0.09353751,0.1536654210332238,0.018707503,0.5195894756278552,0.44858081459677535,185.90758826459037,True,False,109.0,104.0,-5.0
worse,6897212454,2297484475,0,0.687561834224007,0.06663688,0.37815900882320386,0.013327377,0.7474037856994362,0.6339426352032599,27.046555695667678,True,False,24.0,26.0,2.0
worse,6897212455,4802241932,0,0.44979696858072576,0.042161144,0.2473883327193992,0.008432229,0.5488645009630244,0.4644139415218864,326.48391994881086,True,False,93.0,95.0,2.0
worse,7793057430,7793057444,0,0.047420433756749224,0.0285276,0.026081238566212077,0.00570552,0.3896196454789338,0.3294376380142319,29.140847046049412,True,False,151.0,151.0,0.0
worse,7793057434,2463804368,0,0.047420433756749224,0.028483089,0.026081238566212077,0.005696618,0.38846801029647127,0.32847052342365796,36.15208142738533,True,False,153.0,153.0,0.0
worse,7793057444,7793057445,0,0.047420433756749224,0.0285276,0.026081238566212077,0.00570552,0.38961964540077915,0.3294376379491031,33.76188375535774,True,False,152.0,152.0,0.0
worse,7793057445,7793057446,0,0.047420433756749224,0.027679954,0.026081238566212077,0.005535991,0.34280530450233593,0.29028441270597094,29.123876832448516,True,False,165.0,166.0,1.0
worse,7793057446,7793057434,0,0.047420433756749224,0.028015899,0.026081238566212077,0.00560318,0.39506972535339685,0.3338940875512667,672.5986982219465,True,False,147.0,148.0,1.0
worse,8328137574,12105698519,0,0.2894268323158654,0.024939027,0.15918475777372598,0.0049878056,0.5284317705995785,0.4445163132802436,72.04310147664877,True,True,103.0,106.0,3.0
worse,8328222781,9608119122,0,0.2894268323158654,0.027512304,0.15918475777372598,0.005502461,0.4438933562770639,0.37449651431169395,479.5948984754632,True,True,128.0,132.0,4.0
worse,8328222806,8328222781,0,0.2894268323158654,0.025233343,0.15918475777372598,0.005046669,0.5263743408022382,0.4428508412091317,83.28756179344163,True,True,106.0,109.0,3.0
worse,8349563473,2297481839,0,0.687561834224007,0.06815737,0.37815900882320386,0.013631473,0.6492888880709982,0.5524336346272112,37.28087172567102,True,False,66.0,67.0,1.0
worse,8349563474,6897212454,0,0.687561834224007,0.067964114,0.37815900882320386,0.013592823,0.6456262359167637,0.5493492156387618,360.8585202121504,True,False,70.0,72.0,2.0
worse,8349563592,2299613319,0,0.687561834224007,0.06724024,0.37815900882320386,0.013448047,0.7369950026674397,0.625369208587816,336.5560497816842,True,False,27.0,30.0,3.0
worse,9105636736,9105636890,0,0.5437885023537484,0.0536495,0.2990836762945617,0.010729901,0.6523480078946158,0.5525649232475794,359.7400167371673,False,True,64.0,66.0,2.0
worse,9105636890,6366993022,0,0.4206679784443953,0.037157357,0.23136738814441743,0.0074314713,0.5734238152944613,0.48404607220189183,25.90548506830069,False,True,89.0,90.0,1.0
worse,9105636905,2408476446,0,0.4206679784443953,0.035295323,0.23136738814441743,0.0070590647,0.5976084357469367,0.503889583545351,416.5205783639981,False,True,83.0,85.0,2.0
worse,9608119122,2409714543,0,0.2894268323158654,0.025967283,0.15918475777372598,0.0051934565,0.506550231552606,0.426453073489571,50.666094712201726,True,True,112.0,112.0,0.0
worse,9629031614,13311039859,0,0.7634243645747211,0.12662582,0.4198834005160966,0.025325164,0.7843863941749387,0.6747596319781785,298.82209511094044,True,False,13.0,13.0,0.0
worse,9629031615,2184499121,0,0.7634243645747211,0.12560098,0.4198834005160966,0.025120197,0.7933564777751275,0.6820638946012911,58.10306471164457,True,False,9.0,9.0,0.0
worse,9657438678,5999844157,0,0.7605869818253357,0.119333185,0.41832284000393466,0.023866637,0.7604932089522485,0.653633205002795,213.2736446725295,False,True,19.0,18.0,-1.0
worse,9657438680,9657438678,0,0.7605869818253357,0.11931432,0.41832284000393466,0.023862865,0.7657795617143668,0.6580353548262151,36.365946183832015,False,True,16.0,16.0,0.0
worse,9657438681,5999844150,0,0.5180891629554732,0.12444959,0.2849490396255103,0.024889918,0.6538871320666888,0.565647541448641,773.5217430353903,False,True,61.0,61.0,0.0
worse,9657680433,9657438680,0,0.7605869818253357,0.11534104,0.41832284000393466,0.023068208,0.7887808293443209,0.6765408640389051,522.4506188799926,False,True,11.0,11.0,0.0
worse,9867218239,12483600464,0,0.047420433756749224,0.02614001,0.026081238566212077,0.005228002,0.2832399568414658,0.24038996569861718,97.39001912014312,True,False,171.0,170.0,-1.0
worse,10074427309,5999844140,0,0.49261692425116027,0.12275129,0.2709393083381382,0.024550257,0.5798004375149826,0.5036255792818152,378.41732072316637,False,True,87.0,86.0,-1.0
worse,11196049350,11196049387,0,0.03450756837307632,0.02008103,0.018979162605191977,0.004016206,0.2904013217632197,0.24534793983683176,36.956999716333165,True,True,169.0,169.0,0.0
worse,11196049387,11834590996,0,0.03450756837307632,0.020428114,0.018979162605191977,0.0040856227,0.2834373738127011,0.2396024971171434,324.0301586216317,True,True,170.0,172.0,2.0
worse,11196049399,5155815614,0,0.03379039159792388,0.019993827,0.018584715378858134,0.0039987653,0.26665724010963726,0.2255466712158545,524.9957377864552,True,True,177.0,177.0,0.0
worse,11196049687,11196049813,0,0.03450756837307632,0.0201541,0.018979162605191977,0.00403082,0.2777279105719882,0.2347989421285654,254.62732175547282,True,True,174.0,174.0,0.0
worse,11196049688,11196049690,0,0.028088244291285085,0.015895221,0.015448534360206798,0.0031790442,0.38378663531661955,0.3224713996609129,33.13031742367594,True,True,156.0,158.0,2.0
worse,11196049690,11196049399,0,0.028088244291285085,0.015895221,0.015448534360206798,0.0031790442,0.3837866352979033,0.322471399645316,36.071801376876344,True,True,157.0,159.0,2.0
worse,11196049813,11196049350,0,0.03450756837307632,0.020401,0.018979162605191977,0.0040802,0.28093037322076597,0.23750881086962453,107.65853859474858,True,True,173.0,173.0,0.0
worse,11235672142,11235672143,0,0.8146527745336625,0.086442955,0.4480590259935144,0.017288592,0.7105554021164748,0.6065366609034417,31.931744408505597,False,True,39.0,41.0,2.0
worse,11235672143,2299600559,0,0.8146527745336625,0.092014395,0.4480590259935144,0.01840288,0.7609722884270899,0.6494793061393294,589.2367750607118,False,True,18.0,19.0,1.0
worse,11262736358,13284183333,0,0.27850222301184796,0.09661635,0.1531762226565164,0.01932327,0.5344682630796731,0.46149294425211856,168.9241821270231,False,True,100.0,96.0,-4.0
worse,11262736379,11262736390,0,0.30037235926094713,0.10263221,0.16520479759352094,0.020526443,0.5389825937508115,0.46625752973544676,127.02689929118996,False,True,98.0,94.0,-4.0
worse,11262736390,2699955983,0,0.4439045168099547,0.12515962,0.2441474842454751,0.025031924,0.593316294441103,0.515290182240704,1444.4611858101543,False,True,84.0,82.0,-2.0
worse,11834590996,1117053976,0,0.03450756837307632,0.021337168,0.018979162605191977,0.0042674337,0.40206861195305066,0.3386133713427441,25.330342194865576,True,False,145.0,146.0,1.0
worse,11834590996,13286867583,0,0.05424392379162481,0.031563647,0.029834158085393647,0.0063127293,0.38225584690025377,0.3238071469321096,338.0554630492388,False,True,158.0,157.0,-1.0
worse,11834591015,12916954837,0,0.09907813375680274,0.05725419,0.05449297356624151,0.011450838,0.41967950076617166,0.35927528255314767,44.30301433542952,False,True,139.0,138.0,-1.0
worse,11846279852,2702591034,0,0.27939167460586145,0.0951426,0.1536654210332238,0.01902852,0.4282724349246293,0.3727507962572798,276.7855494985805,True,False,137.0,133.0,-4.0
worse,11974672646,2428799189,0,0.687561834224007,0.0634868,0.37815900882320386,0.0126973605,0.6537722459825592,0.555391338251756,109.27102945858998,True,False,62.0,65.0,3.0
worse,12105698519,2402263661,0,0.2894268323158654,0.024668653,0.15918475777372598,0.0049337307,0.5391919938503433,0.4534381036360006,25.864563420909104,True,True,97.0,100.0,3.0
worse,12483533636,9867218239,0,0.047420433756749224,0.028012536,0.026081238566212077,0.0056025074,0.35420261128663755,0.2998375988165516,206.9074185724983,True,False,163.0,163.0,0.0
worse,12483600464,7793057430,0,0.047420433756749224,0.02852413,0.026081238566212077,0.005704826,0.3562315473319911,0.3016136445404608,425.4941917427998,True,False,162.0,162.0,0.0
worse,12916954834,1117054015,0,0.09907813375680274,0.05553708,0.05449297356624151,0.011107416,0.3783176517298584,0.3245208895298147,381.0315600666096,False,True,160.0,155.0,-5.0
worse,12916954837,12916954834,0,0.09907813375680274,0.057355948,0.05449297356624151,0.01147119,0.3897858045585244,0.3343808284308587,463.0719796354306,False,True,150.0,147.0,-3.0
worse,13284183333,13284183344,0,0.30037235926094713,0.10140283,0.16520479759352094,0.020280566,0.5490288541442511,0.47442451622141385,65.21896462970507,False,True,92.0,92.0,0.0
worse,13284183344,11262736379,0,0.30037235926094713,0.100665495,0.16520479759352094,0.020133099,0.5539893749396505,0.4784353949163111,39.21054512166392,False,True,91.0,91.0,0.0
worse,13286867583,5594915681,0,0.09907813375680274,0.054380435,0.05449297356624151,0.0108760875,0.3247222586776425,0.27966528814746355,377.45386307075614,False,True,167.0,167.0,0.0
worse,13310969897,5178935607,0,0.7634243645747211,0.13211842,0.4198834005160966,0.026423683,0.7343226059266872,0.633955241407698,542.2200649821611,True,False,28.0,24.0,-4.0
worse,13311039859,2184499122,0,0.7634243645747211,0.13944654,0.4198834005160966,0.02788931,0.6859534398975142,0.5948689568590926,39.21428365382219,True,False,49.0,49.0,0.0
worse,13311039927,2428799206,0,0.687561834224007,0.07361578,0.37815900882320386,0.014723157,0.604970671181988,0.5164115229788019,102.14804725680025,True,False,81.0,81.0,0.0
worse,13384556533,2699956003,0,0.09907813375680274,0.055847522,0.05449297356624151,0.011169504,0.43934562527191845,0.37542927470515347,152.2503695636816,False,True,129.0,130.0,1.0
worse,13939563788,9657438681,0,0.49261692425116027,0.12215493,0.2709393083381382,0.024430986,0.5747835744941399,0.4993454668690898,77.17662577251699,False,True,88.0,88.0,0.0
